date,phc_id,medicine_id,stock,daily_consumption,patient_footfall,temperature,disease_cases
01-01-2025,PHC001,MED001,404,121,114,22.1,24
02-01-2025,PHC001,MED001,638,113,129,20.5,25
03-01-2025,PHC001,MED001,523,115,118,20.4,35
04-01-2025,PHC001,MED001,1079,158,152,28.8,34
05-01-2025,PHC001,MED001,934,145,149,22.4,31
06-01-2025,PHC001,MED001,800,134,120,21.5,31
07-01-2025,PHC001,MED001,703,97,104,25.2,29
08-01-2025,PHC001,MED001,590,113,119,33.8,27
09-01-2025,PHC001,MED001,463,127,125,29.4,33
10-01-2025,PHC001,MED001,360,103,105,29.9,26
11-01-2025,PHC001,MED001,730,162,138,32.8,20
12-01-2025,PHC001,MED001,609,121,121,25.6,27
13-01-2025,PHC001,MED001,509,100,117,34,33
14-01-2025,PHC001,MED001,400,109,98,22.5,28
15-01-2025,PHC001,MED001,336,64,81,29.6,30
16-01-2025,PHC001,MED001,252,84,106,23.4,31
17-01-2025,PHC001,MED001,869,131,127,24,32
18-01-2025,PHC001,MED001,699,170,166,27.5,40
19-01-2025,PHC001,MED001,1088,186,148,22.1,32
20-01-2025,PHC001,MED001,938,150,133,33.5,32
21-01-2025,PHC001,MED001,840,98,106,35,28
22-01-2025,PHC001,MED001,727,113,114,29.4,30
23-01-2025,PHC001,MED001,645,82,118,21,24
24-01-2025,PHC001,MED001,508,137,148,32.9,23
25-01-2025,PHC001,MED001,976,160,155,30.2,39
26-01-2025,PHC001,MED001,817,159,129,22.4,30
27-01-2025,PHC001,MED001,652,165,138,30.8,34
28-01-2025,PHC001,MED001,543,109,110,29.4,25
29-01-2025,PHC001,MED001,425,118,124,23,26
30-01-2025,PHC001,MED001,919,112,121,33.8,41
31-01-2025,PHC001,MED001,799,120,113,33.9,29
01-02-2025,PHC001,MED001,676,123,112,33.2,27
02-02-2025,PHC001,MED001,1196,172,137,27.3,33
03-02-2025,PHC001,MED001,1066,130,125,34.2,36
04-02-2025,PHC001,MED001,920,146,124,29.1,36
05-02-2025,PHC001,MED001,839,81,107,30.7,27
06-02-2025,PHC001,MED001,740,99,96,25.6,28
07-02-2025,PHC001,MED001,638,102,105,20.3,26
08-02-2025,PHC001,MED001,517,121,113,20.1,26
09-02-2025,PHC001,MED001,942,138,126,25,32
10-02-2025,PHC001,MED001,812,130,116,23.2,36
11-02-2025,PHC001,MED001,687,125,140,31.8,29
12-02-2025,PHC001,MED001,588,99,118,21.5,26
13-02-2025,PHC001,MED001,468,120,121,30.1,22
14-02-2025,PHC001,MED001,367,101,121,26,30
15-02-2025,PHC001,MED001,696,187,157,26.7,39
16-02-2025,PHC001,MED001,1251,183,138,33.1,39
17-02-2025,PHC001,MED001,1130,121,127,35,30
18-02-2025,PHC001,MED001,994,136,135,33.9,22
19-02-2025,PHC001,MED001,889,105,107,26,23
20-02-2025,PHC001,MED001,767,122,128,34.8,33
21-02-2025,PHC001,MED001,625,142,140,34.4,29
22-02-2025,PHC001,MED001,1240,180,151,30.8,37
23-02-2025,PHC001,MED001,1068,172,142,20.9,43
24-02-2025,PHC001,MED001,943,125,112,27.2,29
25-02-2025,PHC001,MED001,834,109,105,32.8,31
26-02-2025,PHC001,MED001,744,90,119,32.9,30
27-02-2025,PHC001,MED001,618,126,135,20.6,27
28-02-2025,PHC001,MED001,490,128,133,28.5,36
01-03-2025,PHC001,MED001,708,149,142,24,33
02-03-2025,PHC001,MED001,576,132,125,24.7,27
03-03-2025,PHC001,MED001,466,110,108,34.9,9
04-03-2025,PHC001,MED001,1076,140,124,24,32
05-03-2025,PHC001,MED001,973,103,102,26.6,25
06-03-2025,PHC001,MED001,874,99,102,34.8,24
07-03-2025,PHC001,MED001,796,78,97,34,21
08-03-2025,PHC001,MED001,603,193,156,24,45
09-03-2025,PHC001,MED001,468,135,116,23.2,31
10-03-2025,PHC001,MED001,381,87,102,32.8,31
11-03-2025,PHC001,MED001,1000,105,114,29.5,29
12-03-2025,PHC001,MED001,899,101,114,31.6,28
13-03-2025,PHC001,MED001,815,84,105,26.4,25
14-03-2025,PHC001,MED001,687,128,120,33.2,30
15-03-2025,PHC001,MED001,572,115,121,22.2,33
16-03-2025,PHC001,MED001,1167,165,140,33.5,38
17-03-2025,PHC001,MED001,1073,94,86,30,16
18-03-2025,PHC001,MED001,954,119,103,33.1,30
19-03-2025,PHC001,MED001,852,102,110,22.4,30
20-03-2025,PHC001,MED001,725,127,117,26.2,26
21-03-2025,PHC001,MED001,601,124,145,30,37
22-03-2025,PHC001,MED001,460,141,130,22.4,28
23-03-2025,PHC001,MED001,1094,136,117,23,34
24-03-2025,PHC001,MED001,994,100,102,31.9,26
25-03-2025,PHC001,MED001,866,128,118,33,31
26-03-2025,PHC001,MED001,776,90,126,29.6,30
27-03-2025,PHC001,MED001,647,129,139,21.7,23
28-03-2025,PHC001,MED001,524,123,124,34.4,30
29-03-2025,PHC001,MED001,962,172,139,24.7,27
30-03-2025,PHC001,MED001,800,162,139,33.5,34
31-03-2025,PHC001,MED001,675,125,118,32.1,23
01-04-2025,PHC001,MED001,579,96,101,31.1,14
02-04-2025,PHC001,MED001,471,108,129,29.3,42
03-04-2025,PHC001,MED001,388,83,110,33.5,25
04-04-2025,PHC001,MED001,664,122,113,28.3,24
05-04-2025,PHC001,MED001,543,121,100,30.2,30
06-04-2025,PHC001,MED001,842,147,120,20,28
07-04-2025,PHC001,MED001,736,106,121,29.1,38
08-04-2025,PHC001,MED001,631,105,129,31.9,29
09-04-2025,PHC001,MED001,506,125,138,29.9,32
10-04-2025,PHC001,MED001,383,123,136,34.3,32
11-04-2025,PHC001,MED001,815,111,115,32.1,33
12-04-2025,PHC001,MED001,687,128,135,26.8,27
13-04-2025,PHC001,MED001,542,145,146,30.8,32
14-04-2025,PHC001,MED001,1146,136,124,33.4,35
15-04-2025,PHC001,MED001,1021,125,115,26.4,26
16-04-2025,PHC001,MED001,879,142,148,23.7,35
17-04-2025,PHC001,MED001,781,98,124,32,26
18-04-2025,PHC001,MED001,720,61,76,33.4,8
19-04-2025,PHC001,MED001,585,135,113,27.6,23
20-04-2025,PHC001,MED001,472,113,115,27.1,35
21-04-2025,PHC001,MED001,359,113,114,29.6,32
22-04-2025,PHC001,MED001,272,87,96,21.2,21
23-04-2025,PHC001,MED001,587,103,112,24.8,31
24-04-2025,PHC001,MED001,472,115,112,23.2,25
25-04-2025,PHC001,MED001,848,123,103,27,28
26-04-2025,PHC001,MED001,701,147,142,30.4,40
27-04-2025,PHC001,MED001,1199,187,147,25.7,30
28-04-2025,PHC001,MED001,1066,133,115,32.5,20
29-04-2025,PHC001,MED001,965,101,91,32,20
30-04-2025,PHC001,MED001,846,119,104,25.8,25
01-05-2025,PHC001,MED001,740,106,101,30.9,17
02-05-2025,PHC001,MED001,663,77,86,33.6,27
03-05-2025,PHC001,MED001,569,94,113,21.3,24
04-05-2025,PHC001,MED001,934,167,145,24.9,37
05-05-2025,PHC001,MED001,839,95,102,25.7,32
06-05-2025,PHC001,MED001,755,84,86,20.3,21
07-05-2025,PHC001,MED001,713,42,52,25.2,7
08-05-2025,PHC001,MED001,640,73,93,34.2,18
09-05-2025,PHC001,MED001,519,121,115,22.3,29
10-05-2025,PHC001,MED001,1057,154,147,30.5,33
11-05-2025,PHC001,MED001,934,123,118,34.5,34
12-05-2025,PHC001,MED001,842,92,89,28.7,24
13-05-2025,PHC001,MED001,742,100,132,33.6,30
14-05-2025,PHC001,MED001,589,153,139,32.5,36
15-05-2025,PHC001,MED001,489,100,115,24.5,36
16-05-2025,PHC001,MED001,416,73,89,20.6,24
17-05-2025,PHC001,MED001,811,120,110,21,25
18-05-2025,PHC001,MED001,674,137,130,34.4,33
19-05-2025,PHC001,MED001,598,76,96,30.6,16
20-05-2025,PHC001,MED001,480,118,124,32.1,34
21-05-2025,PHC001,MED001,386,94,98,26.5,23
22-05-2025,PHC001,MED001,304,82,102,21.3,31
23-05-2025,PHC001,MED001,508,110,123,27,28
24-05-2025,PHC001,MED001,850,139,122,27.3,26
25-05-2025,PHC001,MED001,700,150,136,33.2,29
26-05-2025,PHC001,MED001,596,104,103,21.3,37
27-05-2025,PHC001,MED001,493,103,111,31.4,22
28-05-2025,PHC001,MED001,398,95,94,21.4,14
29-05-2025,PHC001,MED001,865,104,118,24.6,37
30-05-2025,PHC001,MED001,723,142,106,28.3,17
31-05-2025,PHC001,MED001,592,131,122,24.6,34
01-06-2025,PHC001,MED001,1052,193,155,34.3,35
02-06-2025,PHC001,MED001,949,103,118,27.3,32
03-06-2025,PHC001,MED001,882,67,74,21.5,14
04-06-2025,PHC001,MED001,757,125,118,22.7,32
05-06-2025,PHC001,MED001,614,143,116,28.3,26
06-06-2025,PHC001,MED001,535,79,112,33,25
07-06-2025,PHC001,MED001,795,134,133,26.6,28
08-06-2025,PHC001,MED001,635,160,143,32.9,34
09-06-2025,PHC001,MED001,523,112,118,30.3,22
10-06-2025,PHC001,MED001,976,132,130,34.2,39
11-06-2025,PHC001,MED001,881,95,120,31.9,30
12-06-2025,PHC001,MED001,795,86,117,26.8,35
13-06-2025,PHC001,MED001,677,118,125,29.3,35
14-06-2025,PHC001,MED001,551,126,112,34.2,22
15-06-2025,PHC001,MED001,742,147,141,22.6,33
16-06-2025,PHC001,MED001,627,115,123,30.3,35
17-06-2025,PHC001,MED001,505,122,115,32.9,27
18-06-2025,PHC001,MED001,380,125,124,24,32
19-06-2025,PHC001,MED001,295,85,95,21.7,24
20-06-2025,PHC001,MED001,884,116,116,24,31
21-06-2025,PHC001,MED001,702,182,136,28.5,31
22-06-2025,PHC001,MED001,568,134,130,30.3,35
23-06-2025,PHC001,MED001,489,79,80,21.2,14
24-06-2025,PHC001,MED001,1153,128,130,24.8,33
25-06-2025,PHC001,MED001,1059,94,121,28.8,25
26-06-2025,PHC001,MED001,945,114,140,32.3,36
27-06-2025,PHC001,MED001,829,116,103,26.6,28
28-06-2025,PHC001,MED001,671,158,122,26.5,47
29-06-2025,PHC001,MED001,559,112,95,24.8,18
01-01-2025,PHC001,MED002,529,78,123,30.4,27
02-01-2025,PHC001,MED002,441,88,149,26.8,39
03-01-2025,PHC001,MED002,375,66,109,34.6,31
04-01-2025,PHC001,MED002,774,112,142,28.1,42
05-01-2025,PHC001,MED002,670,104,149,29.3,39
06-01-2025,PHC001,MED002,588,82,114,22,32
07-01-2025,PHC001,MED002,501,87,107,27.3,36
08-01-2025,PHC001,MED002,433,68,118,24.7,31
09-01-2025,PHC001,MED002,339,94,130,23.4,32
10-01-2025,PHC001,MED002,267,72,108,22.3,33
11-01-2025,PHC001,MED002,705,103,143,30.6,34
12-01-2025,PHC001,MED002,573,132,140,25.8,35
13-01-2025,PHC001,MED002,475,98,130,33.2,29
14-01-2025,PHC001,MED002,409,66,105,34,27
15-01-2025,PHC001,MED002,350,59,86,24.2,21
16-01-2025,PHC001,MED002,829,96,133,22.2,39
17-01-2025,PHC001,MED002,771,58,101,31.4,25
18-01-2025,PHC001,MED002,673,98,156,23.6,48
19-01-2025,PHC001,MED002,586,87,110,26.2,34
20-01-2025,PHC001,MED002,497,89,130,34.8,36
21-01-2025,PHC001,MED002,404,93,120,22.3,22
22-01-2025,PHC001,MED002,323,81,113,21.5,32
23-01-2025,PHC001,MED002,975,93,118,33.7,27
24-01-2025,PHC001,MED002,895,80,115,27,27
25-01-2025,PHC001,MED002,789,106,145,30.4,35
26-01-2025,PHC001,MED002,714,75,108,25.7,32
27-01-2025,PHC001,MED002,634,80,105,31.4,33
28-01-2025,PHC001,MED002,545,89,111,33.8,34
29-01-2025,PHC001,MED002,426,119,139,26.5,34
30-01-2025,PHC001,MED002,340,86,127,30.4,35
31-01-2025,PHC001,MED002,262,78,118,31.9,28
01-02-2025,PHC001,MED002,839,128,145,28.5,40
02-02-2025,PHC001,MED002,746,93,135,29.1,36
03-02-2025,PHC001,MED002,656,90,130,23.5,25
04-02-2025,PHC001,MED002,577,79,103,30,21
05-02-2025,PHC001,MED002,494,83,104,21.1,24
06-02-2025,PHC001,MED002,898,129,156,24.5,33
07-02-2025,PHC001,MED002,827,71,109,25.8,29
08-02-2025,PHC001,MED002,763,64,120,28.6,30
09-02-2025,PHC001,MED002,645,118,110,29.9,23
10-02-2025,PHC001,MED002,567,78,111,30.3,34
11-02-2025,PHC001,MED002,496,71,110,33.6,22
12-02-2025,PHC001,MED002,427,69,108,29.1,35
13-02-2025,PHC001,MED002,345,82,131,30.8,27
14-02-2025,PHC001,MED002,264,81,99,29.4,16
15-02-2025,PHC001,MED002,828,110,119,28.7,27
16-02-2025,PHC001,MED002,709,119,154,24.9,46
17-02-2025,PHC001,MED002,644,65,119,25.5,32
18-02-2025,PHC001,MED002,552,92,102,22.5,25
19-02-2025,PHC001,MED002,484,68,96,33.1,28
20-02-2025,PHC001,MED002,396,88,120,21.1,24
21-02-2025,PHC001,MED002,332,64,104,26,22
22-02-2025,PHC001,MED002,584,111,142,21.4,30
23-02-2025,PHC001,MED002,460,124,139,30.1,27
24-02-2025,PHC001,MED002,389,71,90,34.1,17
25-02-2025,PHC001,MED002,296,93,121,28.4,40
26-02-2025,PHC001,MED002,648,102,123,20.9,28
27-02-2025,PHC001,MED002,588,60,85,20.7,19
28-02-2025,PHC001,MED002,464,124,163,21.7,44
01-03-2025,PHC001,MED002,981,139,150,34.2,33
02-03-2025,PHC001,MED002,858,123,146,31.1,34
03-03-2025,PHC001,MED002,764,94,127,26.1,36
04-03-2025,PHC001,MED002,705,59,118,25.6,29
05-03-2025,PHC001,MED002,621,84,127,30.3,33
06-03-2025,PHC001,MED002,573,48,74,25.4,14
07-03-2025,PHC001,MED002,476,97,120,26.8,36
08-03-2025,PHC001,MED002,359,117,120,29,23
09-03-2025,PHC001,MED002,578,116,135,28.5,33
10-03-2025,PHC001,MED002,489,89,123,28.8,25
11-03-2025,PHC001,MED002,431,58,104,28.9,27
12-03-2025,PHC001,MED002,371,60,107,34.8,40
13-03-2025,PHC001,MED002,283,88,108,22,34
14-03-2025,PHC001,MED002,571,76,98,28.8,31
15-03-2025,PHC001,MED002,478,93,133,31.2,32
16-03-2025,PHC001,MED002,381,97,106,27.7,27
17-03-2025,PHC001,MED002,292,89,125,31.7,32
18-03-2025,PHC001,MED002,742,95,126,26.9,26
19-03-2025,PHC001,MED002,669,73,113,21.6,31
20-03-2025,PHC001,MED002,592,77,110,33.5,22
21-03-2025,PHC001,MED002,492,100,122,28.8,35
22-03-2025,PHC001,MED002,389,103,128,29,27
23-03-2025,PHC001,MED002,887,137,149,21.7,29
24-03-2025,PHC001,MED002,812,75,99,30.8,17
25-03-2025,PHC001,MED002,706,106,130,26.8,33
26-03-2025,PHC001,MED002,631,75,108,26.4,28
27-03-2025,PHC001,MED002,538,93,102,21,32
28-03-2025,PHC001,MED002,452,86,118,21.4,27
29-03-2025,PHC001,MED002,368,84,104,28.4,19
30-03-2025,PHC001,MED002,1013,99,128,25.3,34
31-03-2025,PHC001,MED002,945,68,93,24.3,24
01-04-2025,PHC001,MED002,862,83,112,27.6,30
02-04-2025,PHC001,MED002,782,80,128,28.3,34
03-04-2025,PHC001,MED002,709,73,123,23.4,33
04-04-2025,PHC001,MED002,638,71,123,30.1,31
05-04-2025,PHC001,MED002,550,88,112,29.9,25
06-04-2025,PHC001,MED002,427,123,128,33.8,30
07-04-2025,PHC001,MED002,353,74,109,22.1,29
08-04-2025,PHC001,MED002,301,52,110,21.4,26
09-04-2025,PHC001,MED002,227,74,100,26.8,24
10-04-2025,PHC001,MED002,868,111,125,28.9,25
11-04-2025,PHC001,MED002,785,83,123,29.3,31
12-04-2025,PHC001,MED002,698,87,121,26.6,27
13-04-2025,PHC001,MED002,602,96,128,21.7,40
14-04-2025,PHC001,MED002,528,74,119,30,27
15-04-2025,PHC001,MED002,426,102,129,29,33
16-04-2025,PHC001,MED002,338,88,115,23.8,29
17-04-2025,PHC001,MED002,912,86,113,31.2,28
18-04-2025,PHC001,MED002,806,106,127,30,32
19-04-2025,PHC001,MED002,717,89,122,31.1,34
20-04-2025,PHC001,MED002,596,121,138,26.4,38
21-04-2025,PHC001,MED002,544,52,97,24.3,28
22-04-2025,PHC001,MED002,419,125,136,26.9,39
23-04-2025,PHC001,MED002,331,88,109,26.6,22
24-04-2025,PHC001,MED002,918,94,124,33.1,29
25-04-2025,PHC001,MED002,844,74,107,22.5,30
26-04-2025,PHC001,MED002,734,110,131,25.2,21
27-04-2025,PHC001,MED002,624,110,128,32.2,22
28-04-2025,PHC001,MED002,518,106,123,31.4,32
29-04-2025,PHC001,MED002,453,65,109,31.6,24
30-04-2025,PHC001,MED002,378,75,115,33.9,29
01-05-2025,PHC001,MED002,306,72,95,29.4,20
02-05-2025,PHC001,MED002,236,70,98,26.6,25
03-05-2025,PHC001,MED002,676,91,128,20.8,35
04-05-2025,PHC001,MED002,569,107,131,24.3,37
05-05-2025,PHC001,MED002,513,56,89,21.4,11
06-05-2025,PHC001,MED002,450,63,106,31.1,15
07-05-2025,PHC001,MED002,342,108,146,28.6,39
08-05-2025,PHC001,MED002,964,93,133,26.8,20
09-05-2025,PHC001,MED002,883,81,125,30.7,28
10-05-2025,PHC001,MED002,763,120,131,26.6,32
11-05-2025,PHC001,MED002,665,98,123,25.6,30
12-05-2025,PHC001,MED002,561,104,129,31.8,28
13-05-2025,PHC001,MED002,485,76,111,21.4,26
14-05-2025,PHC001,MED002,424,61,103,33.6,24
15-05-2025,PHC001,MED002,329,95,124,28.7,27
16-05-2025,PHC001,MED002,847,86,125,25.9,38
17-05-2025,PHC001,MED002,746,101,130,28.4,30
18-05-2025,PHC001,MED002,632,114,121,34.2,35
19-05-2025,PHC001,MED002,533,99,147,21.4,36
20-05-2025,PHC001,MED002,460,73,99,34.3,29
21-05-2025,PHC001,MED002,382,78,100,22.9,32
22-05-2025,PHC001,MED002,857,101,114,27.6,26
23-05-2025,PHC001,MED002,772,85,130,20.6,23
24-05-2025,PHC001,MED002,631,141,153,22.4,41
25-05-2025,PHC001,MED002,500,131,144,32.1,28
26-05-2025,PHC001,MED002,396,104,128,23.6,25
27-05-2025,PHC001,MED002,330,66,103,31.2,27
28-05-2025,PHC001,MED002,949,108,120,27,26
29-05-2025,PHC001,MED002,875,74,122,28.6,37
30-05-2025,PHC001,MED002,795,80,124,26.3,32
31-05-2025,PHC001,MED002,684,111,137,29.1,37
01-06-2025,PHC001,MED002,581,103,128,34,27
02-06-2025,PHC001,MED002,501,80,110,21.9,21
03-06-2025,PHC001,MED002,415,86,119,32.5,24
04-06-2025,PHC001,MED002,808,119,142,32.3,41
05-06-2025,PHC001,MED002,742,66,91,23.5,28
06-06-2025,PHC001,MED002,633,109,129,20.4,32
07-06-2025,PHC001,MED002,554,79,119,22.1,24
08-06-2025,PHC001,MED002,441,113,125,30.4,40
09-06-2025,PHC001,MED002,348,93,132,21.2,32
10-06-2025,PHC001,MED002,270,78,113,28.2,37
11-06-2025,PHC001,MED002,522,72,96,24.5,27
12-06-2025,PHC001,MED002,422,100,116,29.3,36
13-06-2025,PHC001,MED002,333,89,125,29.5,25
14-06-2025,PHC001,MED002,824,101,110,24.4,23
15-06-2025,PHC001,MED002,705,119,132,21.3,26
16-06-2025,PHC001,MED002,650,55,120,27.9,29
17-06-2025,PHC001,MED002,572,78,112,27.1,23
18-06-2025,PHC001,MED002,497,75,86,23.8,10
19-06-2025,PHC001,MED002,398,99,117,29.4,24
20-06-2025,PHC001,MED002,299,99,118,25,21
21-06-2025,PHC001,MED002,728,108,137,31.7,35
22-06-2025,PHC001,MED002,587,141,148,22.7,36
23-06-2025,PHC001,MED002,491,96,132,23,34
24-06-2025,PHC001,MED002,405,86,122,24.7,20
25-06-2025,PHC001,MED002,322,83,128,20.5,34
26-06-2025,PHC001,MED002,668,93,107,32.9,23
27-06-2025,PHC001,MED002,570,98,121,33.3,33
28-06-2025,PHC001,MED002,442,128,130,25.8,21
29-06-2025,PHC001,MED002,1040,112,129,27.8,20
01-01-2025,PHC001,MED003,522,62,113,29,26
02-01-2025,PHC001,MED003,470,52,97,29.9,23
03-01-2025,PHC001,MED003,417,53,107,26.4,33
04-01-2025,PHC001,MED003,342,75,119,25.3,39
05-01-2025,PHC001,MED003,879,89,143,34.7,35
06-01-2025,PHC001,MED003,816,63,112,31.2,23
07-01-2025,PHC001,MED003,759,57,116,32.7,30
08-01-2025,PHC001,MED003,703,56,100,29.7,27
09-01-2025,PHC001,MED003,652,51,91,20.5,32
10-01-2025,PHC001,MED003,578,74,128,21.2,28
11-01-2025,PHC001,MED003,497,81,141,24.7,38
12-01-2025,PHC001,MED003,392,105,169,27.8,45
13-01-2025,PHC001,MED003,329,63,121,31.6,28
14-01-2025,PHC001,MED003,280,49,104,35,20
15-01-2025,PHC001,MED003,212,68,117,21.1,31
16-01-2025,PHC001,MED003,603,72,135,34.5,42
17-01-2025,PHC001,MED003,549,54,103,28.2,18
18-01-2025,PHC001,MED003,445,104,144,30.5,40
19-01-2025,PHC001,MED003,340,105,138,23.4,38
20-01-2025,PHC001,MED003,270,70,112,25.4,28
21-01-2025,PHC001,MED003,207,63,99,34.7,22
22-01-2025,PHC001,MED003,673,79,137,30.8,38
23-01-2025,PHC001,MED003,610,63,89,32.4,20
24-01-2025,PHC001,MED003,545,65,132,30.2,29
25-01-2025,PHC001,MED003,476,69,114,31.7,36
26-01-2025,PHC001,MED003,399,77,124,33.7,36
27-01-2025,PHC001,MED003,327,72,122,22.3,31
28-01-2025,PHC001,MED003,264,63,126,34.1,30
29-01-2025,PHC001,MED003,559,69,137,23.8,28
30-01-2025,PHC001,MED003,510,49,100,21.4,20
31-01-2025,PHC001,MED003,454,56,102,28.7,20
01-02-2025,PHC001,MED003,371,83,150,33.9,41
02-02-2025,PHC001,MED003,692,114,160,21.2,42
03-02-2025,PHC001,MED003,646,46,106,26.2,21
04-02-2025,PHC001,MED003,597,49,103,29.4,21
05-02-2025,PHC001,MED003,516,81,151,30.3,28
06-02-2025,PHC001,MED003,465,51,113,20.9,30
07-02-2025,PHC001,MED003,392,73,121,24.7,32
08-02-2025,PHC001,MED003,310,82,127,32.9,23
09-02-2025,PHC001,MED003,760,88,130,24.8,28
10-02-2025,PHC001,MED003,675,85,126,22.1,35
11-02-2025,PHC001,MED003,614,61,126,34.4,34
12-02-2025,PHC001,MED003,542,72,137,34,28
13-02-2025,PHC001,MED003,467,75,105,27,35
14-02-2025,PHC001,MED003,406,61,127,21.4,27
15-02-2025,PHC001,MED003,748,102,142,20.7,35
16-02-2025,PHC001,MED003,695,53,100,29.8,25
17-02-2025,PHC001,MED003,638,57,118,33.2,32
18-02-2025,PHC001,MED003,585,53,111,25.5,19
19-02-2025,PHC001,MED003,506,79,126,21.1,33
20-02-2025,PHC001,MED003,449,57,89,24.2,22
21-02-2025,PHC001,MED003,373,76,113,25.9,38
22-02-2025,PHC001,MED003,287,86,135,34.1,29
23-02-2025,PHC001,MED003,581,76,121,20.7,24
24-02-2025,PHC001,MED003,512,69,108,27.8,18
25-02-2025,PHC001,MED003,417,95,140,24.8,42
26-02-2025,PHC001,MED003,369,48,98,32.6,28
27-02-2025,PHC001,MED003,311,58,104,28.4,20
28-02-2025,PHC001,MED003,242,69,112,25,28
01-03-2025,PHC001,MED003,751,113,141,33.1,31
02-03-2025,PHC001,MED003,660,91,148,34.5,37
03-03-2025,PHC001,MED003,619,41,89,28.8,15
04-03-2025,PHC001,MED003,553,66,124,29.3,37
05-03-2025,PHC001,MED003,499,54,107,34.2,26
06-03-2025,PHC001,MED003,432,67,117,24.7,29
07-03-2025,PHC001,MED003,355,77,133,33.8,25
08-03-2025,PHC001,MED003,726,95,149,20.9,31
09-03-2025,PHC001,MED003,642,84,139,25.7,40
10-03-2025,PHC001,MED003,585,57,130,28,31
11-03-2025,PHC001,MED003,536,49,108,32.1,32
12-03-2025,PHC001,MED003,477,59,113,34.4,33
13-03-2025,PHC001,MED003,418,59,127,31.6,44
14-03-2025,PHC001,MED003,369,49,108,27.3,19
15-03-2025,PHC001,MED003,293,76,134,24.3,40
16-03-2025,PHC001,MED003,228,65,115,33.4,25
17-03-2025,PHC001,MED003,955,62,123,20.6,31
18-03-2025,PHC001,MED003,895,60,111,26.6,23
19-03-2025,PHC001,MED003,814,81,131,34,34
20-03-2025,PHC001,MED003,758,56,112,29.2,25
21-03-2025,PHC001,MED003,707,51,108,29.6,24
22-03-2025,PHC001,MED003,600,107,146,30.8,38
23-03-2025,PHC001,MED003,507,93,147,33.9,43
24-03-2025,PHC001,MED003,464,43,85,33.2,27
25-03-2025,PHC001,MED003,402,62,116,29.7,33
26-03-2025,PHC001,MED003,348,54,120,28.6,28
27-03-2025,PHC001,MED003,294,54,109,22.6,37
28-03-2025,PHC001,MED003,771,76,121,33.8,28
29-03-2025,PHC001,MED003,671,100,131,33.1,35
30-03-2025,PHC001,MED003,606,65,130,24.5,33
31-03-2025,PHC001,MED003,547,59,94,29.6,20
01-04-2025,PHC001,MED003,509,38,83,22,19
02-04-2025,PHC001,MED003,456,53,114,31,30
03-04-2025,PHC001,MED003,407,49,100,20.2,18
04-04-2025,PHC001,MED003,347,60,125,29.2,29
05-04-2025,PHC001,MED003,278,69,122,26.4,26
06-04-2025,PHC001,MED003,953,104,145,27.2,47
07-04-2025,PHC001,MED003,893,60,114,23.5,32
08-04-2025,PHC001,MED003,845,48,77,20.2,16
09-04-2025,PHC001,MED003,788,57,101,20.9,18
10-04-2025,PHC001,MED003,718,70,123,33.4,25
11-04-2025,PHC001,MED003,654,64,111,21.8,23
12-04-2025,PHC001,MED003,582,72,125,22,28
13-04-2025,PHC001,MED003,504,78,146,29.1,43
14-04-2025,PHC001,MED003,436,68,124,30,24
15-04-2025,PHC001,MED003,372,64,116,31.3,32
16-04-2025,PHC001,MED003,309,63,110,21.2,20
17-04-2025,PHC001,MED003,259,50,109,28.2,26
18-04-2025,PHC001,MED003,551,67,114,27.8,31
19-04-2025,PHC001,MED003,467,84,121,27.3,23
20-04-2025,PHC001,MED003,389,78,122,26.2,32
21-04-2025,PHC001,MED003,337,52,97,30.1,21
22-04-2025,PHC001,MED003,272,65,117,23.3,29
23-04-2025,PHC001,MED003,204,68,128,30.5,34
24-04-2025,PHC001,MED003,155,49,113,27.1,39
25-04-2025,PHC001,MED003,894,54,112,22,31
26-04-2025,PHC001,MED003,809,85,113,25.7,14
27-04-2025,PHC001,MED003,717,92,154,25.6,30
28-04-2025,PHC001,MED003,667,50,94,25.2,16
29-04-2025,PHC001,MED003,599,68,122,27.9,36
30-04-2025,PHC001,MED003,541,58,104,24.5,27
01-05-2025,PHC001,MED003,485,56,106,28,20
02-05-2025,PHC001,MED003,427,58,104,34.1,23
03-05-2025,PHC001,MED003,364,63,130,32.1,30
04-05-2025,PHC001,MED003,279,85,144,23.1,36
05-05-2025,PHC001,MED003,219,60,117,29,30
06-05-2025,PHC001,MED003,169,50,110,23.5,27
07-05-2025,PHC001,MED003,830,56,120,20.8,39
08-05-2025,PHC001,MED003,775,55,114,28.7,34
09-05-2025,PHC001,MED003,697,78,118,23.6,20
10-05-2025,PHC001,MED003,637,60,101,24.1,20
11-05-2025,PHC001,MED003,562,75,113,31,25
12-05-2025,PHC001,MED003,492,70,134,25.2,32
13-05-2025,PHC001,MED003,438,54,105,27.9,22
14-05-2025,PHC001,MED003,381,57,100,28.1,24
15-05-2025,PHC001,MED003,314,67,115,32.9,32
16-05-2025,PHC001,MED003,243,71,127,26.2,36
17-05-2025,PHC001,MED003,702,71,117,23.8,28
18-05-2025,PHC001,MED003,620,82,137,30.9,35
19-05-2025,PHC001,MED003,568,52,119,30.1,33
20-05-2025,PHC001,MED003,506,62,96,30.9,27
21-05-2025,PHC001,MED003,461,45,98,33,22
22-05-2025,PHC001,MED003,378,83,147,34.4,48
23-05-2025,PHC001,MED003,290,88,158,27.2,52
24-05-2025,PHC001,MED003,865,122,152,28.3,41
25-05-2025,PHC001,MED003,787,78,128,29.7,37
26-05-2025,PHC001,MED003,723,64,127,32,35
27-05-2025,PHC001,MED003,660,63,110,24.8,19
28-05-2025,PHC001,MED003,584,76,127,31.1,41
29-05-2025,PHC001,MED003,511,73,133,28.8,33
30-05-2025,PHC001,MED003,449,62,102,28.5,26
31-05-2025,PHC001,MED003,379,70,132,34.2,39
01-06-2025,PHC001,MED003,287,92,153,31.1,30
02-06-2025,PHC001,MED003,236,51,91,25.3,24
03-06-2025,PHC001,MED003,944,82,129,34.9,36
04-06-2025,PHC001,MED003,872,72,118,32.7,29
05-06-2025,PHC001,MED003,823,49,107,32.6,27
06-06-2025,PHC001,MED003,769,54,117,20.1,37
07-06-2025,PHC001,MED003,699,70,131,29.2,27
08-06-2025,PHC001,MED003,631,68,114,20.1,29
09-06-2025,PHC001,MED003,572,59,114,34.7,24
10-06-2025,PHC001,MED003,490,82,142,30.1,36
11-06-2025,PHC001,MED003,445,45,83,22.2,22
12-06-2025,PHC001,MED003,381,64,121,32.2,35
13-06-2025,PHC001,MED003,306,75,129,28.5,28
14-06-2025,PHC001,MED003,948,97,142,30.3,35
15-06-2025,PHC001,MED003,879,69,114,26.1,27
16-06-2025,PHC001,MED003,825,54,102,29.6,29
17-06-2025,PHC001,MED003,775,50,108,25,31
18-06-2025,PHC001,MED003,685,90,154,33.4,36
19-06-2025,PHC001,MED003,632,53,109,28.5,33
20-06-2025,PHC001,MED003,574,58,110,30.3,38
21-06-2025,PHC001,MED003,485,89,150,32.8,35
22-06-2025,PHC001,MED003,386,99,142,22.2,35
23-06-2025,PHC001,MED003,339,47,89,28.5,26
24-06-2025,PHC001,MED003,296,43,88,30.2,18
25-06-2025,PHC001,MED003,248,48,111,30.3,27
26-06-2025,PHC001,MED003,505,81,136,25.2,37
27-06-2025,PHC001,MED003,426,79,121,34.3,25
28-06-2025,PHC001,MED003,358,68,111,20.4,32
29-06-2025,PHC001,MED003,763,116,178,34.1,39
01-01-2025,PHC001,MED004,640,50,105,21.3,19
02-01-2025,PHC001,MED004,588,52,96,22.3,23
03-01-2025,PHC001,MED004,527,61,109,31.1,20
04-01-2025,PHC001,MED004,435,92,138,25.4,38
05-01-2025,PHC001,MED004,361,74,130,22.8,35
06-01-2025,PHC001,MED004,290,71,120,25.3,29
07-01-2025,PHC001,MED004,220,70,131,24.9,36
08-01-2025,PHC001,MED004,910,73,122,33.5,28
09-01-2025,PHC001,MED004,839,71,125,27.8,31
10-01-2025,PHC001,MED004,771,68,106,22.2,26
11-01-2025,PHC001,MED004,676,95,137,24.5,37
12-01-2025,PHC001,MED004,601,75,118,27.4,37
13-01-2025,PHC001,MED004,533,68,102,22,21
14-01-2025,PHC001,MED004,471,62,115,32.9,31
15-01-2025,PHC001,MED004,418,53,99,32.4,26
16-01-2025,PHC001,MED004,350,68,98,30.4,22
17-01-2025,PHC001,MED004,292,58,105,26,26
18-01-2025,PHC001,MED004,676,82,154,31.7,29
19-01-2025,PHC001,MED004,589,87,112,25.9,34
20-01-2025,PHC001,MED004,518,71,127,30.2,26
21-01-2025,PHC001,MED004,472,46,79,26.9,15
22-01-2025,PHC001,MED004,401,71,99,32.3,22
23-01-2025,PHC001,MED004,333,68,119,27.5,24
24-01-2025,PHC001,MED004,278,55,106,31.8,22
25-01-2025,PHC001,MED004,941,108,172,27.2,49
26-01-2025,PHC001,MED004,849,92,142,20.6,39
27-01-2025,PHC001,MED004,783,66,137,32.2,32
28-01-2025,PHC001,MED004,720,63,96,30,26
29-01-2025,PHC001,MED004,650,70,125,28.4,37
30-01-2025,PHC001,MED004,591,59,97,31.9,28
31-01-2025,PHC001,MED004,523,68,120,23.3,31
01-02-2025,PHC001,MED004,455,68,112,25.6,26
02-02-2025,PHC001,MED004,365,90,109,30.4,28
03-02-2025,PHC001,MED004,274,91,157,33.8,35
04-02-2025,PHC001,MED004,900,75,139,31,39
05-02-2025,PHC001,MED004,818,82,125,27.1,32
06-02-2025,PHC001,MED004,768,50,93,24.8,26
07-02-2025,PHC001,MED004,674,94,140,29.7,42
08-02-2025,PHC001,MED004,588,86,128,34.8,29
09-02-2025,PHC001,MED004,480,108,141,34.4,38
10-02-2025,PHC001,MED004,417,63,116,22.8,34
11-02-2025,PHC001,MED004,355,62,102,23,32
12-02-2025,PHC001,MED004,291,64,102,30.6,22
13-02-2025,PHC001,MED004,958,79,138,21.5,35
14-02-2025,PHC001,MED004,890,68,100,23,23
15-02-2025,PHC001,MED004,787,103,146,24.7,23
16-02-2025,PHC001,MED004,711,76,120,21.7,33
17-02-2025,PHC001,MED004,622,89,128,32,35
18-02-2025,PHC001,MED004,545,77,132,30.1,29
19-02-2025,PHC001,MED004,464,81,124,22.1,34
20-02-2025,PHC001,MED004,411,53,99,28.6,29
21-02-2025,PHC001,MED004,341,70,122,34,19
22-02-2025,PHC001,MED004,854,104,136,24.3,36
23-02-2025,PHC001,MED004,738,116,158,20.1,43
24-02-2025,PHC001,MED004,668,70,132,34.5,39
25-02-2025,PHC001,MED004,606,62,114,32.6,26
26-02-2025,PHC001,MED004,539,67,108,20.5,27
27-02-2025,PHC001,MED004,466,73,102,22.5,24
28-02-2025,PHC001,MED004,413,53,90,31.5,24
01-03-2025,PHC001,MED004,794,106,129,32.3,38
02-03-2025,PHC001,MED004,729,65,107,31.4,24
03-03-2025,PHC001,MED004,656,73,118,29.8,22
04-03-2025,PHC001,MED004,591,65,115,20.5,38
05-03-2025,PHC001,MED004,498,93,144,21.8,44
06-03-2025,PHC001,MED004,436,62,118,31.1,26
07-03-2025,PHC001,MED004,390,46,87,29.2,17
08-03-2025,PHC001,MED004,311,79,137,32.1,25
09-03-2025,PHC001,MED004,680,80,124,34.7,28
10-03-2025,PHC001,MED004,603,77,111,32.9,31
11-03-2025,PHC001,MED004,526,77,112,31.8,38
12-03-2025,PHC001,MED004,419,107,155,33,31
13-03-2025,PHC001,MED004,323,96,136,32.4,34
14-03-2025,PHC001,MED004,260,63,116,27.3,21
15-03-2025,PHC001,MED004,918,92,126,29.5,26
16-03-2025,PHC001,MED004,834,84,133,31.2,28
17-03-2025,PHC001,MED004,781,53,85,28.7,15
18-03-2025,PHC001,MED004,687,94,134,21.4,26
19-03-2025,PHC001,MED004,635,52,111,31.9,24
20-03-2025,PHC001,MED004,590,45,83,32.4,28
21-03-2025,PHC001,MED004,510,80,115,22,27
22-03-2025,PHC001,MED004,407,103,147,33.4,29
23-03-2025,PHC001,MED004,332,75,127,20.2,25
24-03-2025,PHC001,MED004,900,84,122,26.8,29
25-03-2025,PHC001,MED004,840,60,113,24.5,36
26-03-2025,PHC001,MED004,759,81,136,21.4,26
27-03-2025,PHC001,MED004,697,62,119,20.8,26
28-03-2025,PHC001,MED004,640,57,97,31.3,18
29-03-2025,PHC001,MED004,540,100,134,21.2,36
30-03-2025,PHC001,MED004,448,92,116,26.7,25
31-03-2025,PHC001,MED004,364,84,115,30.4,35
01-04-2025,PHC001,MED004,304,60,104,21.3,26
02-04-2025,PHC001,MED004,238,66,108,25.7,24
03-04-2025,PHC001,MED004,755,71,126,29.6,22
04-04-2025,PHC001,MED004,692,63,109,26.6,34
05-04-2025,PHC001,MED004,620,72,128,22.3,25
06-04-2025,PHC001,MED004,528,92,144,21.5,37
07-04-2025,PHC001,MED004,454,74,115,25.8,22
08-04-2025,PHC001,MED004,384,70,111,21.3,30
09-04-2025,PHC001,MED004,327,57,95,29.1,21
10-04-2025,PHC001,MED004,281,46,92,24.5,27
11-04-2025,PHC001,MED004,225,56,96,31.2,23
12-04-2025,PHC001,MED004,506,76,136,27.4,43
13-04-2025,PHC001,MED004,414,92,133,21.1,40
14-04-2025,PHC001,MED004,341,73,113,25.8,25
15-04-2025,PHC001,MED004,263,78,123,28.2,26
16-04-2025,PHC001,MED004,493,77,129,28.8,34
17-04-2025,PHC001,MED004,422,71,114,20.9,29
18-04-2025,PHC001,MED004,370,52,97,26.2,20
19-04-2025,PHC001,MED004,286,84,130,28,30
20-04-2025,PHC001,MED004,902,97,123,23,28
21-04-2025,PHC001,MED004,827,75,122,28.8,34
22-04-2025,PHC001,MED004,775,52,93,26.6,20
23-04-2025,PHC001,MED004,694,81,125,23.7,30
24-04-2025,PHC001,MED004,628,66,111,30,26
25-04-2025,PHC001,MED004,560,68,109,20.2,24
26-04-2025,PHC001,MED004,465,95,133,27.8,28
27-04-2025,PHC001,MED004,367,98,137,25.6,30
28-04-2025,PHC001,MED004,318,49,84,33.5,20
29-04-2025,PHC001,MED004,254,64,106,27.9,31
30-04-2025,PHC001,MED004,495,87,155,27.7,34
01-05-2025,PHC001,MED004,441,54,95,25.5,23
02-05-2025,PHC001,MED004,378,63,121,23.4,23
03-05-2025,PHC001,MED004,294,84,127,32.9,31
04-05-2025,PHC001,MED004,930,103,148,34,34
05-05-2025,PHC001,MED004,852,78,141,30.7,37
06-05-2025,PHC001,MED004,775,77,105,24.8,26
07-05-2025,PHC001,MED004,705,70,123,21.8,24
08-05-2025,PHC001,MED004,632,73,110,20.7,28
09-05-2025,PHC001,MED004,579,53,89,33,28
10-05-2025,PHC001,MED004,493,86,119,25.5,34
11-05-2025,PHC001,MED004,408,85,125,31.1,39
12-05-2025,PHC001,MED004,337,71,129,31.6,49
13-05-2025,PHC001,MED004,260,77,112,31.9,21
14-05-2025,PHC001,MED004,828,87,143,29.5,41
15-05-2025,PHC001,MED004,755,73,141,20,26
16-05-2025,PHC001,MED004,704,51,90,27.9,22
17-05-2025,PHC001,MED004,595,109,133,20.9,39
18-05-2025,PHC001,MED004,491,104,131,33.5,42
19-05-2025,PHC001,MED004,433,58,91,25.6,21
20-05-2025,PHC001,MED004,362,71,113,32.3,30
21-05-2025,PHC001,MED004,275,87,132,26.5,35
22-05-2025,PHC001,MED004,858,75,112,32,27
23-05-2025,PHC001,MED004,782,76,121,26.8,26
24-05-2025,PHC001,MED004,645,137,167,21.6,47
25-05-2025,PHC001,MED004,534,111,144,24.7,39
26-05-2025,PHC001,MED004,467,67,124,27,31
27-05-2025,PHC001,MED004,399,68,118,32.1,27
28-05-2025,PHC001,MED004,319,80,136,32.8,31
29-05-2025,PHC001,MED004,242,77,128,34.5,38
30-05-2025,PHC001,MED004,940,89,117,22.6,26
31-05-2025,PHC001,MED004,863,77,118,31.2,32
01-06-2025,PHC001,MED004,772,91,148,20.2,37
02-06-2025,PHC001,MED004,690,82,135,22,21
03-06-2025,PHC001,MED004,639,51,101,28.7,20
04-06-2025,PHC001,MED004,558,81,113,20.3,37
05-06-2025,PHC001,MED004,483,75,127,33.6,29
06-06-2025,PHC001,MED004,418,65,121,20.6,26
07-06-2025,PHC001,MED004,337,81,134,25.9,25
08-06-2025,PHC001,MED004,674,106,154,22.6,39
09-06-2025,PHC001,MED004,600,74,124,29.2,28
10-06-2025,PHC001,MED004,536,64,98,27.5,19
11-06-2025,PHC001,MED004,471,65,103,26.3,29
12-06-2025,PHC001,MED004,404,67,98,23.7,17
13-06-2025,PHC001,MED004,335,69,114,30.7,33
14-06-2025,PHC001,MED004,269,66,106,25.2,27
15-06-2025,PHC001,MED004,495,89,126,29,31
16-06-2025,PHC001,MED004,402,93,135,20.9,28
17-06-2025,PHC001,MED004,366,36,113,34.6,30
18-06-2025,PHC001,MED004,278,88,132,24,37
19-06-2025,PHC001,MED004,220,58,84,23.3,36
20-06-2025,PHC001,MED004,521,89,130,25.3,25
21-06-2025,PHC001,MED004,438,83,107,31.1,27
22-06-2025,PHC001,MED004,362,76,119,30.6,34
23-06-2025,PHC001,MED004,978,98,130,32.6,40
24-06-2025,PHC001,MED004,904,74,127,24.6,27
25-06-2025,PHC001,MED004,827,77,115,27.9,29
26-06-2025,PHC001,MED004,723,104,148,23,37
27-06-2025,PHC001,MED004,650,73,132,24.9,41
28-06-2025,PHC001,MED004,538,112,151,33.8,38
29-06-2025,PHC001,MED004,481,57,103,25.6,33
01-01-2025,PHC001,MED005,1429,35,104,25,20
02-01-2025,PHC001,MED005,1376,53,151,29.6,37
03-01-2025,PHC001,MED005,1345,31,101,30.6,25
04-01-2025,PHC001,MED005,1294,51,120,30,26
05-01-2025,PHC001,MED005,1232,62,137,31,29
06-01-2025,PHC001,MED005,1182,50,123,28.6,38
07-01-2025,PHC001,MED005,1127,55,129,28.5,25
08-01-2025,PHC001,MED005,1084,43,126,29.6,33
09-01-2025,PHC001,MED005,1027,57,128,25,35
10-01-2025,PHC001,MED005,970,57,121,34.4,27
11-01-2025,PHC001,MED005,904,66,141,30.9,28
12-01-2025,PHC001,MED005,829,75,133,25.3,35
13-01-2025,PHC001,MED005,785,44,120,20.7,22
14-01-2025,PHC001,MED005,730,55,120,33.2,32
15-01-2025,PHC001,MED005,684,46,106,32.4,30
16-01-2025,PHC001,MED005,648,36,95,26.8,23
17-01-2025,PHC001,MED005,600,48,115,20.3,27
18-01-2025,PHC001,MED005,518,82,139,22.4,29
19-01-2025,PHC001,MED005,453,65,163,34.7,46
20-01-2025,PHC001,MED005,397,56,151,26.5,43
21-01-2025,PHC001,MED005,349,48,103,26.5,20
22-01-2025,PHC001,MED005,299,50,119,28.3,34
23-01-2025,PHC001,MED005,244,55,131,29.9,29
24-01-2025,PHC001,MED005,187,57,121,27.4,25
25-01-2025,PHC001,MED005,661,71,133,21.3,33
26-01-2025,PHC001,MED005,603,58,113,22.6,28
27-01-2025,PHC001,MED005,556,47,113,32.7,30
28-01-2025,PHC001,MED005,500,56,128,21.4,24
29-01-2025,PHC001,MED005,458,42,105,33.3,25
30-01-2025,PHC001,MED005,396,62,126,23.4,31
31-01-2025,PHC001,MED005,352,44,114,31.3,30
01-02-2025,PHC001,MED005,287,65,126,34.6,28
02-02-2025,PHC001,MED005,231,56,115,32.6,25
03-02-2025,PHC001,MED005,193,38,100,27.1,15
04-02-2025,PHC001,MED005,691,59,127,21.2,27
05-02-2025,PHC001,MED005,653,38,101,28.6,19
06-02-2025,PHC001,MED005,617,36,123,34.2,30
07-02-2025,PHC001,MED005,562,55,126,22.9,33
08-02-2025,PHC001,MED005,493,69,137,30.2,34
09-02-2025,PHC001,MED005,409,84,158,24.8,43
10-02-2025,PHC001,MED005,370,39,110,21.3,18
11-02-2025,PHC001,MED005,331,39,108,33.8,30
12-02-2025,PHC001,MED005,274,57,137,28.8,34
13-02-2025,PHC001,MED005,224,50,107,28.7,30
14-02-2025,PHC001,MED005,172,52,121,21.6,29
15-02-2025,PHC001,MED005,130,42,106,33.2,33
16-02-2025,PHC001,MED005,578,58,130,28.6,39
17-02-2025,PHC001,MED005,523,55,116,30.4,33
18-02-2025,PHC001,MED005,461,62,145,25,38
19-02-2025,PHC001,MED005,409,52,139,20.3,44
20-02-2025,PHC001,MED005,368,41,119,24.2,25
21-02-2025,PHC001,MED005,312,56,115,22,36
22-02-2025,PHC001,MED005,241,71,147,32.4,35
23-02-2025,PHC001,MED005,894,68,147,23.2,34
24-02-2025,PHC001,MED005,852,42,100,27.7,28
25-02-2025,PHC001,MED005,803,49,118,30.6,29
26-02-2025,PHC001,MED005,766,37,93,27.9,28
27-02-2025,PHC001,MED005,721,45,110,20.9,29
28-02-2025,PHC001,MED005,667,54,119,25.4,30
01-03-2025,PHC001,MED005,592,75,145,33.8,31
02-03-2025,PHC001,MED005,551,41,127,27.3,28
03-03-2025,PHC001,MED005,499,52,127,25.2,25
04-03-2025,PHC001,MED005,450,49,120,32.5,26
05-03-2025,PHC001,MED005,400,50,116,31.7,38
06-03-2025,PHC001,MED005,351,49,117,23.4,32
07-03-2025,PHC001,MED005,297,54,135,34.5,23
08-03-2025,PHC001,MED005,233,64,124,22,25
09-03-2025,PHC001,MED005,812,85,155,34.1,39
10-03-2025,PHC001,MED005,761,51,135,26.4,32
11-03-2025,PHC001,MED005,703,58,124,30.2,30
12-03-2025,PHC001,MED005,662,41,121,21.5,25
13-03-2025,PHC001,MED005,620,42,113,29.7,30
14-03-2025,PHC001,MED005,563,57,104,21.6,23
15-03-2025,PHC001,MED005,505,58,149,23.9,30
16-03-2025,PHC001,MED005,438,67,124,24.5,20
17-03-2025,PHC001,MED005,389,49,135,32,41
18-03-2025,PHC001,MED005,350,39,96,30.2,19
19-03-2025,PHC001,MED005,311,39,93,26.3,27
20-03-2025,PHC001,MED005,268,43,111,30.6,28
21-03-2025,PHC001,MED005,225,43,110,28,26
22-03-2025,PHC001,MED005,173,52,139,30.1,24
23-03-2025,PHC001,MED005,472,50,130,22.7,38
24-03-2025,PHC001,MED005,443,29,90,30.9,24
25-03-2025,PHC001,MED005,403,40,102,29.8,35
26-03-2025,PHC001,MED005,364,39,116,33.1,32
27-03-2025,PHC001,MED005,302,62,129,27,27
28-03-2025,PHC001,MED005,259,43,118,29.5,30
29-03-2025,PHC001,MED005,198,61,121,21.8,27
30-03-2025,PHC001,MED005,535,65,124,26.2,25
31-03-2025,PHC001,MED005,474,61,108,33.4,18
01-04-2025,PHC001,MED005,424,50,123,32.9,30
02-04-2025,PHC001,MED005,361,63,120,24.7,22
03-04-2025,PHC001,MED005,308,53,130,23.1,34
04-04-2025,PHC001,MED005,263,45,95,31.7,28
05-04-2025,PHC001,MED005,205,58,142,26.4,39
06-04-2025,PHC001,MED005,926,65,139,31,40
07-04-2025,PHC001,MED005,871,55,127,32.5,32
08-04-2025,PHC001,MED005,820,51,135,30.4,31
09-04-2025,PHC001,MED005,778,42,110,25.8,29
10-04-2025,PHC001,MED005,737,41,109,24.4,29
11-04-2025,PHC001,MED005,678,59,111,25.1,21
12-04-2025,PHC001,MED005,620,58,100,25.4,19
13-04-2025,PHC001,MED005,556,64,145,33.8,47
14-04-2025,PHC001,MED005,509,47,120,31,29
15-04-2025,PHC001,MED005,465,44,107,25.5,25
16-04-2025,PHC001,MED005,422,43,111,28,30
17-04-2025,PHC001,MED005,355,67,161,29.9,45
18-04-2025,PHC001,MED005,313,42,112,25.7,26
19-04-2025,PHC001,MED005,260,53,115,22.3,27
20-04-2025,PHC001,MED005,196,64,112,29.9,25
21-04-2025,PHC001,MED005,147,49,112,22.1,34
22-04-2025,PHC001,MED005,458,43,108,21.7,26
23-04-2025,PHC001,MED005,412,46,94,31.7,23
24-04-2025,PHC001,MED005,375,37,79,22.4,16
25-04-2025,PHC001,MED005,343,32,83,30.3,17
26-04-2025,PHC001,MED005,277,66,133,21.7,35
27-04-2025,PHC001,MED005,219,58,116,34.2,26
28-04-2025,PHC001,MED005,184,35,108,29.7,25
29-04-2025,PHC001,MED005,145,39,75,24,22
30-04-2025,PHC001,MED005,746,45,123,25.4,37
01-05-2025,PHC001,MED005,704,42,105,21.4,33
02-05-2025,PHC001,MED005,666,38,110,22.6,31
03-05-2025,PHC001,MED005,608,58,121,29.3,34
04-05-2025,PHC001,MED005,553,55,127,26,33
05-05-2025,PHC001,MED005,496,57,126,25.8,30
06-05-2025,PHC001,MED005,465,31,93,21.7,17
07-05-2025,PHC001,MED005,416,49,113,34.1,26
08-05-2025,PHC001,MED005,370,46,127,30.2,24
09-05-2025,PHC001,MED005,312,58,120,25.4,34
10-05-2025,PHC001,MED005,266,46,136,22,41
11-05-2025,PHC001,MED005,655,71,138,26.2,33
12-05-2025,PHC001,MED005,605,50,118,27.9,39
13-05-2025,PHC001,MED005,547,58,113,23.4,20
14-05-2025,PHC001,MED005,504,43,106,29.3,18
15-05-2025,PHC001,MED005,469,35,92,27.2,26
16-05-2025,PHC001,MED005,422,47,96,33.4,29
17-05-2025,PHC001,MED005,368,54,130,34,32
18-05-2025,PHC001,MED005,304,64,131,31.3,29
19-05-2025,PHC001,MED005,265,39,108,24.2,31
20-05-2025,PHC001,MED005,210,55,113,21.2,21
21-05-2025,PHC001,MED005,174,36,96,21.3,26
22-05-2025,PHC001,MED005,633,47,114,20.3,36
23-05-2025,PHC001,MED005,585,48,98,20,27
24-05-2025,PHC001,MED005,519,66,143,27.6,32
25-05-2025,PHC001,MED005,453,66,137,34.3,41
26-05-2025,PHC001,MED005,395,58,118,28.4,30
27-05-2025,PHC001,MED005,352,43,102,29.9,21
28-05-2025,PHC001,MED005,310,42,107,25.1,26
29-05-2025,PHC001,MED005,263,47,133,24.4,21
30-05-2025,PHC001,MED005,214,49,111,22.1,30
31-05-2025,PHC001,MED005,935,55,127,21.6,23
01-06-2025,PHC001,MED005,881,54,125,32.4,33
02-06-2025,PHC001,MED005,826,55,119,31.4,33
03-06-2025,PHC001,MED005,780,46,120,33.4,28
04-06-2025,PHC001,MED005,741,39,95,27.6,25
05-06-2025,PHC001,MED005,702,39,114,26.5,27
06-06-2025,PHC001,MED005,662,40,85,31.7,15
07-06-2025,PHC001,MED005,595,67,119,21.6,33
08-06-2025,PHC001,MED005,533,62,120,24.8,24
09-06-2025,PHC001,MED005,495,38,104,23.7,20
10-06-2025,PHC001,MED005,452,43,103,24.4,28
11-06-2025,PHC001,MED005,415,37,107,27.7,18
12-06-2025,PHC001,MED005,364,51,125,24.7,25
13-06-2025,PHC001,MED005,321,43,95,30.7,24
14-06-2025,PHC001,MED005,269,52,118,22,19
15-06-2025,PHC001,MED005,219,50,92,29.6,25
16-06-2025,PHC001,MED005,185,34,108,28.4,18
17-06-2025,PHC001,MED005,152,33,96,33.4,22
18-06-2025,PHC001,MED005,115,37,84,26.3,18
19-06-2025,PHC001,MED005,501,50,115,20.8,27
20-06-2025,PHC001,MED005,453,48,114,24.3,25
21-06-2025,PHC001,MED005,382,71,160,31.3,38
22-06-2025,PHC001,MED005,294,88,158,21.5,41
23-06-2025,PHC001,MED005,259,35,96,28.4,29
24-06-2025,PHC001,MED005,211,48,116,32,37
25-06-2025,PHC001,MED005,954,56,136,34.4,38
26-06-2025,PHC001,MED005,911,43,99,20.8,12
27-06-2025,PHC001,MED005,874,37,104,26.6,32
28-06-2025,PHC001,MED005,814,60,135,30.6,40
29-06-2025,PHC001,MED005,746,68,146,30.9,36
01-01-2025,PHC002,MED001,893,66,93,22.8,30
02-01-2025,PHC002,MED001,821,72,99,28.3,20
03-01-2025,PHC002,MED001,762,59,97,23.8,29
04-01-2025,PHC002,MED001,667,95,116,24.8,30
05-01-2025,PHC002,MED001,574,93,129,29.2,35
06-01-2025,PHC002,MED001,531,43,68,31.8,12
07-01-2025,PHC002,MED001,471,60,79,22.8,22
08-01-2025,PHC002,MED001,405,66,90,21.4,17
09-01-2025,PHC002,MED001,350,55,85,25,24
10-01-2025,PHC002,MED001,297,53,91,34.9,22
11-01-2025,PHC002,MED001,976,84,114,20.1,15
12-01-2025,PHC002,MED001,925,51,81,23.7,13
13-01-2025,PHC002,MED001,846,79,113,25.7,30
14-01-2025,PHC002,MED001,783,63,76,20.4,18
15-01-2025,PHC002,MED001,749,34,57,27.7,13
16-01-2025,PHC002,MED001,682,67,82,24.8,18
17-01-2025,PHC002,MED001,618,64,89,34.6,23
18-01-2025,PHC002,MED001,560,58,77,29.4,16
19-01-2025,PHC002,MED001,473,87,101,32.5,32
20-01-2025,PHC002,MED001,406,67,110,26.5,33
21-01-2025,PHC002,MED001,334,72,85,30.3,19
22-01-2025,PHC002,MED001,272,62,87,22.7,23
23-01-2025,PHC002,MED001,207,65,83,32.3,22
24-01-2025,PHC002,MED001,651,55,75,24.7,13
25-01-2025,PHC002,MED001,590,61,87,29.6,16
26-01-2025,PHC002,MED001,531,59,79,21.1,13
27-01-2025,PHC002,MED001,468,63,89,31.8,21
28-01-2025,PHC002,MED001,412,56,89,25.9,22
29-01-2025,PHC002,MED001,354,58,74,28,13
30-01-2025,PHC002,MED001,296,58,94,34.4,25
31-01-2025,PHC002,MED001,228,68,97,33.7,30
01-02-2025,PHC002,MED001,745,67,72,28.3,9
02-02-2025,PHC002,MED001,679,66,98,28.6,25
03-02-2025,PHC002,MED001,613,66,95,31.1,26
04-02-2025,PHC002,MED001,556,57,81,33.6,16
05-02-2025,PHC002,MED001,497,59,76,23.8,21
06-02-2025,PHC002,MED001,416,81,100,28.5,29
07-02-2025,PHC002,MED001,355,61,91,29.7,29
08-02-2025,PHC002,MED001,1046,96,116,23.8,32
09-02-2025,PHC002,MED001,951,95,114,29.8,27
10-02-2025,PHC002,MED001,886,65,100,33.5,29
11-02-2025,PHC002,MED001,823,63,98,28.8,21
12-02-2025,PHC002,MED001,775,48,70,24.7,15
13-02-2025,PHC002,MED001,712,63,84,31.1,21
14-02-2025,PHC002,MED001,674,38,57,22,17
15-02-2025,PHC002,MED001,621,53,65,24.6,11
16-02-2025,PHC002,MED001,542,79,87,29.1,20
17-02-2025,PHC002,MED001,497,45,58,23.9,18
18-02-2025,PHC002,MED001,426,71,88,21.1,20
19-02-2025,PHC002,MED001,364,62,85,26.1,27
20-02-2025,PHC002,MED001,342,22,55,28.3,7
21-02-2025,PHC002,MED001,292,50,68,25.5,8
22-02-2025,PHC002,MED001,774,79,100,31,33
23-02-2025,PHC002,MED001,676,98,112,20.2,32
24-02-2025,PHC002,MED001,619,57,86,34.7,34
25-02-2025,PHC002,MED001,574,45,60,28.5,16
26-02-2025,PHC002,MED001,536,38,55,22.2,9
27-02-2025,PHC002,MED001,500,36,48,23.5,20
28-02-2025,PHC002,MED001,453,47,82,30,24
01-03-2025,PHC002,MED001,362,91,93,33.2,14
02-03-2025,PHC002,MED001,698,104,117,21.5,31
03-03-2025,PHC002,MED001,650,48,79,28.2,21
04-03-2025,PHC002,MED001,596,54,93,25.5,29
05-03-2025,PHC002,MED001,556,40,60,33.6,10
06-03-2025,PHC002,MED001,516,40,69,33,16
07-03-2025,PHC002,MED001,464,52,84,22.1,16
08-03-2025,PHC002,MED001,385,79,99,29.7,26
09-03-2025,PHC002,MED001,291,94,105,21.8,21
10-03-2025,PHC002,MED001,241,50,86,30.8,30
11-03-2025,PHC002,MED001,490,62,85,32.5,21
12-03-2025,PHC002,MED001,428,62,83,28.9,23
13-03-2025,PHC002,MED001,364,64,97,22.5,26
14-03-2025,PHC002,MED001,284,80,99,26.1,21
15-03-2025,PHC002,MED001,221,63,91,32.3,28
16-03-2025,PHC002,MED001,560,73,105,29.1,25
17-03-2025,PHC002,MED001,509,51,86,31.9,24
18-03-2025,PHC002,MED001,449,60,87,29.9,18
19-03-2025,PHC002,MED001,366,83,107,28.9,23
20-03-2025,PHC002,MED001,302,64,85,21.6,26
21-03-2025,PHC002,MED001,573,78,111,22.2,22
22-03-2025,PHC002,MED001,474,99,110,29,37
23-03-2025,PHC002,MED001,410,64,83,29.9,20
24-03-2025,PHC002,MED001,328,82,98,20,20
25-03-2025,PHC002,MED001,272,56,74,33.1,13
26-03-2025,PHC002,MED001,228,44,78,34.1,14
27-03-2025,PHC002,MED001,883,73,86,33.6,16
28-03-2025,PHC002,MED001,830,53,81,22,18
29-03-2025,PHC002,MED001,755,75,97,33.2,26
30-03-2025,PHC002,MED001,680,75,87,30.6,23
31-03-2025,PHC002,MED001,633,47,64,29.8,16
01-04-2025,PHC002,MED001,576,57,78,25.4,15
02-04-2025,PHC002,MED001,493,83,101,26.4,25
03-04-2025,PHC002,MED001,443,50,75,30.2,21
04-04-2025,PHC002,MED001,404,39,68,25.6,18
05-04-2025,PHC002,MED001,345,59,85,24.6,19
06-04-2025,PHC002,MED001,277,68,115,29.9,27
07-04-2025,PHC002,MED001,218,59,83,30.5,15
08-04-2025,PHC002,MED001,808,66,92,28.3,19
09-04-2025,PHC002,MED001,761,47,81,25.8,18
10-04-2025,PHC002,MED001,723,38,63,29,18
11-04-2025,PHC002,MED001,669,54,93,25.6,25
12-04-2025,PHC002,MED001,609,60,80,29.8,24
13-04-2025,PHC002,MED001,539,70,87,20.9,34
14-04-2025,PHC002,MED001,488,51,74,32.8,17
15-04-2025,PHC002,MED001,417,71,99,22.9,22
16-04-2025,PHC002,MED001,378,39,66,30.1,14
17-04-2025,PHC002,MED001,326,52,69,34.6,22
18-04-2025,PHC002,MED001,257,69,89,26.1,16
19-04-2025,PHC002,MED001,840,88,96,30.6,24
20-04-2025,PHC002,MED001,787,53,86,25.2,26
21-04-2025,PHC002,MED001,713,74,95,29.1,22
22-04-2025,PHC002,MED001,634,79,116,26.1,25
23-04-2025,PHC002,MED001,558,76,88,24.4,23
24-04-2025,PHC002,MED001,509,49,74,32.2,28
25-04-2025,PHC002,MED001,473,36,62,34.5,12
26-04-2025,PHC002,MED001,424,49,86,26.9,22
27-04-2025,PHC002,MED001,359,65,76,20.4,20
28-04-2025,PHC002,MED001,314,45,87,30.2,11
29-04-2025,PHC002,MED001,253,61,85,34.3,25
30-04-2025,PHC002,MED001,197,56,83,21.4,22
01-05-2025,PHC002,MED001,626,52,70,21.1,9
02-05-2025,PHC002,MED001,568,58,76,22.7,20
03-05-2025,PHC002,MED001,496,72,95,22.9,12
04-05-2025,PHC002,MED001,424,72,85,23.4,21
05-05-2025,PHC002,MED001,357,67,98,25.3,16
06-05-2025,PHC002,MED001,299,58,76,27.4,29
07-05-2025,PHC002,MED001,678,82,113,34.4,28
08-05-2025,PHC002,MED001,629,49,71,33.5,5
09-05-2025,PHC002,MED001,559,70,95,34.8,19
10-05-2025,PHC002,MED001,478,81,89,20.8,23
11-05-2025,PHC002,MED001,408,70,101,28.1,19
12-05-2025,PHC002,MED001,355,53,83,34.6,19
13-05-2025,PHC002,MED001,297,58,78,30.3,14
14-05-2025,PHC002,MED001,242,55,84,29.2,17
15-05-2025,PHC002,MED001,194,48,82,23.6,26
16-05-2025,PHC002,MED001,785,67,87,23.2,17
17-05-2025,PHC002,MED001,719,66,96,26,19
18-05-2025,PHC002,MED001,639,80,102,32.2,33
19-05-2025,PHC002,MED001,582,57,78,28.3,10
20-05-2025,PHC002,MED001,539,43,75,27.1,21
21-05-2025,PHC002,MED001,460,79,99,22,25
22-05-2025,PHC002,MED001,412,48,70,27.3,13
23-05-2025,PHC002,MED001,349,63,83,20.7,30
24-05-2025,PHC002,MED001,607,91,101,32.6,26
25-05-2025,PHC002,MED001,556,51,83,25.4,22
26-05-2025,PHC002,MED001,505,51,70,21.8,17
27-05-2025,PHC002,MED001,439,66,109,23,17
28-05-2025,PHC002,MED001,376,63,73,25.3,22
29-05-2025,PHC002,MED001,317,59,75,31,13
30-05-2025,PHC002,MED001,254,63,74,22.2,16
31-05-2025,PHC002,MED001,914,74,109,25.1,35
01-06-2025,PHC002,MED001,854,60,81,25.2,21
02-06-2025,PHC002,MED001,809,45,75,30.7,25
03-06-2025,PHC002,MED001,766,43,74,34.1,25
04-06-2025,PHC002,MED001,704,62,83,26.8,14
05-06-2025,PHC002,MED001,626,78,109,23.8,29
06-06-2025,PHC002,MED001,573,53,82,23.2,12
07-06-2025,PHC002,MED001,499,74,100,20.8,30
08-06-2025,PHC002,MED001,412,87,98,34.9,18
09-06-2025,PHC002,MED001,337,75,96,25.8,33
10-06-2025,PHC002,MED001,272,65,86,26.6,29
11-06-2025,PHC002,MED001,204,68,96,25.4,24
12-06-2025,PHC002,MED001,694,90,109,27,22
13-06-2025,PHC002,MED001,650,44,58,30.5,5
14-06-2025,PHC002,MED001,575,75,105,29.5,32
15-06-2025,PHC002,MED001,512,63,81,24.6,13
16-06-2025,PHC002,MED001,467,45,72,32.1,23
17-06-2025,PHC002,MED001,399,68,88,20,21
18-06-2025,PHC002,MED001,333,66,95,25.2,14
19-06-2025,PHC002,MED001,283,50,83,27.2,31
20-06-2025,PHC002,MED001,213,70,99,24.4,25
21-06-2025,PHC002,MED001,629,86,97,28.4,20
22-06-2025,PHC002,MED001,547,82,96,29.7,31
23-06-2025,PHC002,MED001,490,57,74,27.7,24
24-06-2025,PHC002,MED001,428,62,89,30.4,15
25-06-2025,PHC002,MED001,354,74,105,22.8,22
26-06-2025,PHC002,MED001,297,57,90,21.7,23
27-06-2025,PHC002,MED001,242,55,88,24.8,20
28-06-2025,PHC002,MED001,498,108,118,20.3,40
29-06-2025,PHC002,MED001,435,63,93,23.5,21
01-01-2025,PHC002,MED002,606,48,93,26.3,23
02-01-2025,PHC002,MED002,569,37,66,20.5,11
03-01-2025,PHC002,MED002,517,52,105,22.2,30
04-01-2025,PHC002,MED002,455,62,110,33.4,24
05-01-2025,PHC002,MED002,389,66,96,20.2,28
06-01-2025,PHC002,MED002,341,48,79,23.7,9
07-01-2025,PHC002,MED002,287,54,93,31,23
08-01-2025,PHC002,MED002,233,54,95,34.4,25
09-01-2025,PHC002,MED002,187,46,91,30.9,21
10-01-2025,PHC002,MED002,151,36,64,24.5,20
11-01-2025,PHC002,MED002,614,59,92,30,24
12-01-2025,PHC002,MED002,555,59,94,24.1,22
13-01-2025,PHC002,MED002,492,63,102,20.1,31
14-01-2025,PHC002,MED002,444,48,90,25.6,15
15-01-2025,PHC002,MED002,407,37,90,21.4,24
16-01-2025,PHC002,MED002,376,31,60,20.9,22
17-01-2025,PHC002,MED002,338,38,69,31.9,11
18-01-2025,PHC002,MED002,277,61,103,31.4,34
19-01-2025,PHC002,MED002,218,59,101,22.9,20
20-01-2025,PHC002,MED002,174,44,70,27.3,24
21-01-2025,PHC002,MED002,135,39,71,30.5,19
22-01-2025,PHC002,MED002,803,57,92,24.1,18
23-01-2025,PHC002,MED002,776,27,59,22.4,8
24-01-2025,PHC002,MED002,739,37,80,26.8,22
25-01-2025,PHC002,MED002,671,68,98,31,18
26-01-2025,PHC002,MED002,614,57,82,24.8,15
27-01-2025,PHC002,MED002,545,69,119,32.3,34
28-01-2025,PHC002,MED002,493,52,104,24.2,26
29-01-2025,PHC002,MED002,455,38,72,21.4,20
30-01-2025,PHC002,MED002,413,42,79,20.5,22
31-01-2025,PHC002,MED002,371,42,91,20.5,24
01-02-2025,PHC002,MED002,322,49,84,28.9,14
02-02-2025,PHC002,MED002,244,78,106,30.8,27
03-02-2025,PHC002,MED002,211,33,86,32.5,15
04-02-2025,PHC002,MED002,180,31,62,25.4,16
05-02-2025,PHC002,MED002,159,21,52,20.9,16
06-02-2025,PHC002,MED002,123,36,69,31,13
07-02-2025,PHC002,MED002,496,45,78,21.5,20
08-02-2025,PHC002,MED002,446,50,86,27.9,20
09-02-2025,PHC002,MED002,365,81,117,26.2,32
10-02-2025,PHC002,MED002,323,42,100,25.4,29
11-02-2025,PHC002,MED002,280,43,89,22.7,24
12-02-2025,PHC002,MED002,238,42,72,22.4,20
13-02-2025,PHC002,MED002,191,47,83,34.9,18
14-02-2025,PHC002,MED002,158,33,77,31.5,23
15-02-2025,PHC002,MED002,793,57,106,23.2,21
16-02-2025,PHC002,MED002,762,31,72,25.4,15
17-02-2025,PHC002,MED002,713,49,94,24.3,24
18-02-2025,PHC002,MED002,648,65,91,33.4,23
19-02-2025,PHC002,MED002,599,49,85,31.6,22
20-02-2025,PHC002,MED002,550,49,109,33.8,24
21-02-2025,PHC002,MED002,508,42,82,26.9,18
22-02-2025,PHC002,MED002,445,63,102,33.3,28
23-02-2025,PHC002,MED002,369,76,107,28.5,24
24-02-2025,PHC002,MED002,330,39,84,24.9,22
25-02-2025,PHC002,MED002,289,41,85,32.3,27
26-02-2025,PHC002,MED002,232,57,101,20.6,29
27-02-2025,PHC002,MED002,205,27,69,25,19
28-02-2025,PHC002,MED002,828,59,95,34,20
01-03-2025,PHC002,MED002,767,61,113,20.2,24
02-03-2025,PHC002,MED002,703,64,98,24.6,19
03-03-2025,PHC002,MED002,654,49,88,23.3,25
04-03-2025,PHC002,MED002,609,45,106,25.9,29
05-03-2025,PHC002,MED002,564,45,90,24.3,18
06-03-2025,PHC002,MED002,527,37,77,21.2,20
07-03-2025,PHC002,MED002,485,42,81,27.5,18
08-03-2025,PHC002,MED002,436,49,97,22,21
09-03-2025,PHC002,MED002,387,49,89,29.2,20
10-03-2025,PHC002,MED002,345,42,82,21.1,16
11-03-2025,PHC002,MED002,310,35,70,30.1,19
12-03-2025,PHC002,MED002,275,35,71,24.8,19
13-03-2025,PHC002,MED002,219,56,81,29.2,15
14-03-2025,PHC002,MED002,559,62,99,22.2,24
15-03-2025,PHC002,MED002,502,57,103,30.9,24
16-03-2025,PHC002,MED002,435,67,117,23.6,33
17-03-2025,PHC002,MED002,398,37,77,25.1,21
18-03-2025,PHC002,MED002,357,41,87,27.1,17
19-03-2025,PHC002,MED002,294,63,104,31.3,27
20-03-2025,PHC002,MED002,263,31,63,34.9,13
21-03-2025,PHC002,MED002,224,39,62,27.9,7
22-03-2025,PHC002,MED002,168,56,95,23,25
23-03-2025,PHC002,MED002,751,55,84,21,9
24-03-2025,PHC002,MED002,708,43,79,29.9,29
25-03-2025,PHC002,MED002,670,38,81,23.5,25
26-03-2025,PHC002,MED002,645,25,53,21.5,22
27-03-2025,PHC002,MED002,586,59,111,27.5,24
28-03-2025,PHC002,MED002,559,27,50,20.3,15
29-03-2025,PHC002,MED002,480,79,114,22.4,25
30-03-2025,PHC002,MED002,423,57,88,29.4,25
31-03-2025,PHC002,MED002,355,68,124,29.4,21
01-04-2025,PHC002,MED002,294,61,106,32.2,19
02-04-2025,PHC002,MED002,248,46,87,33.5,21
03-04-2025,PHC002,MED002,202,46,79,25.7,17
04-04-2025,PHC002,MED002,165,37,78,23.6,16
05-04-2025,PHC002,MED002,507,63,118,33.6,40
06-04-2025,PHC002,MED002,450,57,112,30.3,24
07-04-2025,PHC002,MED002,398,52,85,30.3,23
08-04-2025,PHC002,MED002,363,35,63,31.6,5
09-04-2025,PHC002,MED002,321,42,72,22.4,12
10-04-2025,PHC002,MED002,278,43,91,32.6,22
11-04-2025,PHC002,MED002,221,57,85,24.8,22
12-04-2025,PHC002,MED002,784,63,89,32.3,19
13-04-2025,PHC002,MED002,716,68,107,31.7,25
14-04-2025,PHC002,MED002,678,38,89,24,22
15-04-2025,PHC002,MED002,642,36,73,23.5,16
16-04-2025,PHC002,MED002,610,32,70,27.5,15
17-04-2025,PHC002,MED002,574,36,64,25.6,11
18-04-2025,PHC002,MED002,536,38,69,20.5,19
19-04-2025,PHC002,MED002,488,48,96,24,23
20-04-2025,PHC002,MED002,423,65,108,21,35
21-04-2025,PHC002,MED002,365,58,122,33,24
22-04-2025,PHC002,MED002,319,46,84,26.1,17
23-04-2025,PHC002,MED002,266,53,107,25.7,28
24-04-2025,PHC002,MED002,220,46,102,27.9,25
25-04-2025,PHC002,MED002,177,43,102,27.8,19
26-04-2025,PHC002,MED002,608,71,104,27.8,41
27-04-2025,PHC002,MED002,544,64,100,25.8,24
28-04-2025,PHC002,MED002,517,27,45,33.3,13
29-04-2025,PHC002,MED002,474,43,85,22.5,17
30-04-2025,PHC002,MED002,427,47,115,27,24
01-05-2025,PHC002,MED002,385,42,79,27.5,18
02-05-2025,PHC002,MED002,339,46,101,25.9,30
03-05-2025,PHC002,MED002,274,65,94,26.8,24
04-05-2025,PHC002,MED002,232,42,76,24.9,20
05-05-2025,PHC002,MED002,198,34,69,22.5,10
06-05-2025,PHC002,MED002,166,32,77,21.3,17
07-05-2025,PHC002,MED002,129,37,77,34.6,11
08-05-2025,PHC002,MED002,561,39,77,22.6,17
09-05-2025,PHC002,MED002,527,34,63,22.3,12
10-05-2025,PHC002,MED002,481,46,89,24.6,21
11-05-2025,PHC002,MED002,421,60,97,29.4,18
12-05-2025,PHC002,MED002,368,53,88,23.8,24
13-05-2025,PHC002,MED002,333,35,55,28.2,16
14-05-2025,PHC002,MED002,283,50,84,27.1,21
15-05-2025,PHC002,MED002,242,41,78,29,20
16-05-2025,PHC002,MED002,194,48,102,32.4,20
17-05-2025,PHC002,MED002,758,77,104,29.8,26
18-05-2025,PHC002,MED002,701,57,102,25,19
19-05-2025,PHC002,MED002,652,49,89,34.9,23
20-05-2025,PHC002,MED002,611,41,93,28.6,19
21-05-2025,PHC002,MED002,587,24,47,31.2,6
22-05-2025,PHC002,MED002,546,41,86,33.5,22
23-05-2025,PHC002,MED002,490,56,94,32.6,15
24-05-2025,PHC002,MED002,417,73,102,24.9,32
25-05-2025,PHC002,MED002,355,62,87,23.1,23
26-05-2025,PHC002,MED002,308,47,90,21.3,28
27-05-2025,PHC002,MED002,266,42,80,31.8,13
28-05-2025,PHC002,MED002,232,34,68,28.6,19
29-05-2025,PHC002,MED002,206,26,59,29.2,6
30-05-2025,PHC002,MED002,160,46,84,33.3,11
31-05-2025,PHC002,MED002,806,61,97,22.9,28
01-06-2025,PHC002,MED002,735,71,107,32,33
02-06-2025,PHC002,MED002,693,42,99,25,24
03-06-2025,PHC002,MED002,655,38,75,24.2,22
04-06-2025,PHC002,MED002,612,43,86,27.6,17
05-06-2025,PHC002,MED002,574,38,85,30.9,19
06-06-2025,PHC002,MED002,536,38,80,22.6,19
07-06-2025,PHC002,MED002,488,48,107,32,21
08-06-2025,PHC002,MED002,432,56,85,29.4,16
09-06-2025,PHC002,MED002,389,43,71,26.2,13
10-06-2025,PHC002,MED002,348,41,82,24.5,11
11-06-2025,PHC002,MED002,313,35,70,30.3,14
12-06-2025,PHC002,MED002,260,53,93,25.3,13
13-06-2025,PHC002,MED002,215,45,81,29.4,34
14-06-2025,PHC002,MED002,164,51,106,25.8,21
15-06-2025,PHC002,MED002,126,38,79,24.7,19
16-06-2025,PHC002,MED002,860,52,98,27.5,25
17-06-2025,PHC002,MED002,801,59,99,22.6,22
18-06-2025,PHC002,MED002,754,47,80,23,20
19-06-2025,PHC002,MED002,717,37,93,22.3,26
20-06-2025,PHC002,MED002,679,38,74,33.1,23
21-06-2025,PHC002,MED002,616,63,108,34.7,27
22-06-2025,PHC002,MED002,583,33,49,23.1,10
23-06-2025,PHC002,MED002,539,44,86,24.7,23
24-06-2025,PHC002,MED002,487,52,111,33.1,30
25-06-2025,PHC002,MED002,420,67,110,31.2,34
26-06-2025,PHC002,MED002,360,60,108,29.6,28
27-06-2025,PHC002,MED002,302,58,93,31.6,21
28-06-2025,PHC002,MED002,233,69,90,22.4,18
29-06-2025,PHC002,MED002,740,74,120,28.1,27
01-01-2025,PHC002,MED003,799,27,78,32.1,31
02-01-2025,PHC002,MED003,763,36,79,28.1,15
03-01-2025,PHC002,MED003,727,36,87,33.5,22
04-01-2025,PHC002,MED003,681,46,100,30.6,29
05-01-2025,PHC002,MED003,638,43,112,30.4,23
06-01-2025,PHC002,MED003,603,35,88,31.4,20
07-01-2025,PHC002,MED003,570,33,85,33.8,19
08-01-2025,PHC002,MED003,543,27,64,30.5,23
09-01-2025,PHC002,MED003,507,36,94,29.7,25
10-01-2025,PHC002,MED003,482,25,66,33.4,19
11-01-2025,PHC002,MED003,436,46,95,22.8,28
12-01-2025,PHC002,MED003,400,36,89,27.3,25
13-01-2025,PHC002,MED003,363,37,90,27.2,23
14-01-2025,PHC002,MED003,331,32,73,27.6,14
15-01-2025,PHC002,MED003,308,23,63,21.6,20
16-01-2025,PHC002,MED003,272,36,81,28.9,18
17-01-2025,PHC002,MED003,241,31,84,22.4,24
18-01-2025,PHC002,MED003,190,51,96,26.5,25
19-01-2025,PHC002,MED003,781,51,115,25.1,27
20-01-2025,PHC002,MED003,748,33,74,28.6,28
21-01-2025,PHC002,MED003,729,19,63,26.9,16
22-01-2025,PHC002,MED003,692,37,74,21,24
23-01-2025,PHC002,MED003,655,37,104,31.6,31
24-01-2025,PHC002,MED003,619,36,95,32.3,22
25-01-2025,PHC002,MED003,560,59,120,29.5,22
26-01-2025,PHC002,MED003,510,50,96,25.8,27
27-01-2025,PHC002,MED003,482,28,74,30.2,16
28-01-2025,PHC002,MED003,443,39,101,34.1,28
29-01-2025,PHC002,MED003,425,18,44,25.2,16
30-01-2025,PHC002,MED003,391,34,84,21.9,26
31-01-2025,PHC002,MED003,357,34,79,28.2,24
01-02-2025,PHC002,MED003,317,40,103,32.9,27
02-02-2025,PHC002,MED003,276,41,103,30.5,23
03-02-2025,PHC002,MED003,239,37,91,28.2,19
04-02-2025,PHC002,MED003,217,22,74,22.8,13
05-02-2025,PHC002,MED003,179,38,106,35,28
06-02-2025,PHC002,MED003,143,36,79,21.1,17
07-02-2025,PHC002,MED003,110,33,85,34.9,15
08-02-2025,PHC002,MED003,679,40,114,26.2,32
09-02-2025,PHC002,MED003,637,42,103,26.8,32
10-02-2025,PHC002,MED003,615,22,58,25.8,18
11-02-2025,PHC002,MED003,577,38,99,31,30
12-02-2025,PHC002,MED003,547,30,80,33.9,16
13-02-2025,PHC002,MED003,515,32,81,25.5,25
14-02-2025,PHC002,MED003,497,18,49,21.2,6
15-02-2025,PHC002,MED003,468,29,77,24.2,24
16-02-2025,PHC002,MED003,433,35,77,29.2,18
17-02-2025,PHC002,MED003,398,35,104,30.3,22
18-02-2025,PHC002,MED003,370,28,64,29.2,14
19-02-2025,PHC002,MED003,341,29,72,33.6,23
20-02-2025,PHC002,MED003,310,31,71,25.3,15
21-02-2025,PHC002,MED003,273,37,81,29,24
22-02-2025,PHC002,MED003,238,35,87,23.9,30
23-02-2025,PHC002,MED003,204,34,81,24.4,13
24-02-2025,PHC002,MED003,170,34,83,27.3,19
25-02-2025,PHC002,MED003,138,32,87,29.2,22
26-02-2025,PHC002,MED003,112,26,81,31.1,24
27-02-2025,PHC002,MED003,91,21,63,25.5,15
28-02-2025,PHC002,MED003,366,41,95,23.5,31
01-03-2025,PHC002,MED003,311,55,112,22.2,26
02-03-2025,PHC002,MED003,257,54,104,27.4,24
03-03-2025,PHC002,MED003,223,34,82,29.6,20
04-03-2025,PHC002,MED003,194,29,89,25.2,30
05-03-2025,PHC002,MED003,169,25,63,26,18
06-03-2025,PHC002,MED003,144,25,75,31.3,26
07-03-2025,PHC002,MED003,118,26,80,22.2,18
08-03-2025,PHC002,MED003,875,35,97,33.9,23
09-03-2025,PHC002,MED003,833,42,103,21.5,13
10-03-2025,PHC002,MED003,810,23,69,32.7,16
11-03-2025,PHC002,MED003,781,29,69,32,16
12-03-2025,PHC002,MED003,751,30,82,26.9,27
13-03-2025,PHC002,MED003,728,23,73,27.8,14
14-03-2025,PHC002,MED003,704,24,62,24.7,5
15-03-2025,PHC002,MED003,659,45,96,27.9,28
16-03-2025,PHC002,MED003,619,40,90,30.9,18
17-03-2025,PHC002,MED003,586,33,87,28.9,20
18-03-2025,PHC002,MED003,543,43,91,29,20
19-03-2025,PHC002,MED003,497,46,109,25.6,33
20-03-2025,PHC002,MED003,463,34,85,32,14
21-03-2025,PHC002,MED003,424,39,90,29.9,24
22-03-2025,PHC002,MED003,373,51,110,34.9,30
23-03-2025,PHC002,MED003,346,27,73,23.9,14
24-03-2025,PHC002,MED003,323,23,85,20.9,17
25-03-2025,PHC002,MED003,267,56,115,22.7,28
26-03-2025,PHC002,MED003,225,42,121,23,36
27-03-2025,PHC002,MED003,182,43,97,26.5,29
28-03-2025,PHC002,MED003,151,31,78,26.6,17
29-03-2025,PHC002,MED003,409,51,100,31.7,32
30-03-2025,PHC002,MED003,353,56,102,29.6,23
31-03-2025,PHC002,MED003,317,36,74,33.6,17
01-04-2025,PHC002,MED003,296,21,67,34.1,14
02-04-2025,PHC002,MED003,270,26,84,31.8,25
03-04-2025,PHC002,MED003,238,32,82,34.3,20
04-04-2025,PHC002,MED003,216,22,67,25.4,6
05-04-2025,PHC002,MED003,176,40,89,29.5,17
06-04-2025,PHC002,MED003,138,38,94,21.2,11
07-04-2025,PHC002,MED003,116,22,58,29.7,16
08-04-2025,PHC002,MED003,839,35,87,30.4,19
09-04-2025,PHC002,MED003,797,42,101,27.3,29
10-04-2025,PHC002,MED003,769,28,72,20.4,18
11-04-2025,PHC002,MED003,731,38,94,25.8,23
12-04-2025,PHC002,MED003,698,33,75,32.2,5
13-04-2025,PHC002,MED003,659,39,98,25.1,24
14-04-2025,PHC002,MED003,617,42,103,29.8,22
15-04-2025,PHC002,MED003,602,15,48,33.1,10
16-04-2025,PHC002,MED003,571,31,77,31,19
17-04-2025,PHC002,MED003,542,29,80,33.6,20
18-04-2025,PHC002,MED003,513,29,75,29.5,18
19-04-2025,PHC002,MED003,468,45,119,21.5,24
20-04-2025,PHC002,MED003,430,38,77,21.7,27
21-04-2025,PHC002,MED003,403,27,66,20.9,12
22-04-2025,PHC002,MED003,371,32,96,26,28
23-04-2025,PHC002,MED003,337,34,100,28.2,30
24-04-2025,PHC002,MED003,288,49,118,22.6,29
25-04-2025,PHC002,MED003,248,40,94,31.4,25
26-04-2025,PHC002,MED003,194,54,108,28.7,28
27-04-2025,PHC002,MED003,894,50,113,29.5,34
28-04-2025,PHC002,MED003,858,36,89,22.7,21
29-04-2025,PHC002,MED003,824,34,102,33.3,29
30-04-2025,PHC002,MED003,792,32,97,23.1,25
01-05-2025,PHC002,MED003,762,30,71,26.2,13
02-05-2025,PHC002,MED003,734,28,75,27.5,21
03-05-2025,PHC002,MED003,684,50,116,31.7,26
04-05-2025,PHC002,MED003,640,44,97,28,24
05-05-2025,PHC002,MED003,607,33,95,31.4,26
06-05-2025,PHC002,MED003,582,25,80,24.1,20
07-05-2025,PHC002,MED003,543,39,92,30.3,31
08-05-2025,PHC002,MED003,508,35,80,20.6,23
09-05-2025,PHC002,MED003,482,26,76,26.5,15
10-05-2025,PHC002,MED003,431,51,119,31.1,29
11-05-2025,PHC002,MED003,388,43,104,31.8,24
12-05-2025,PHC002,MED003,360,28,84,28.9,27
13-05-2025,PHC002,MED003,333,27,78,30.2,22
14-05-2025,PHC002,MED003,290,43,106,31.1,25
15-05-2025,PHC002,MED003,259,31,93,23.3,19
16-05-2025,PHC002,MED003,227,32,86,33.9,23
17-05-2025,PHC002,MED003,192,35,81,22,21
18-05-2025,PHC002,MED003,159,33,75,21.9,22
19-05-2025,PHC002,MED003,125,34,81,22,18
20-05-2025,PHC002,MED003,95,30,70,33.3,19
21-05-2025,PHC002,MED003,72,23,62,29.6,10
22-05-2025,PHC002,MED003,781,29,77,21.3,28
23-05-2025,PHC002,MED003,763,18,53,23.2,11
24-05-2025,PHC002,MED003,717,46,98,33.1,29
25-05-2025,PHC002,MED003,661,56,96,23.3,29
26-05-2025,PHC002,MED003,638,23,67,26.3,25
27-05-2025,PHC002,MED003,593,45,127,31,35
28-05-2025,PHC002,MED003,555,38,83,30.4,13
29-05-2025,PHC002,MED003,515,40,97,21.2,27
30-05-2025,PHC002,MED003,490,25,60,25.4,12
31-05-2025,PHC002,MED003,449,41,99,20.2,43
01-06-2025,PHC002,MED003,410,39,88,28.8,15
02-06-2025,PHC002,MED003,373,37,100,22.1,24
03-06-2025,PHC002,MED003,349,24,74,30.6,23
04-06-2025,PHC002,MED003,312,37,104,25.8,26
05-06-2025,PHC002,MED003,282,30,66,30.5,14
06-06-2025,PHC002,MED003,258,24,68,23.1,12
07-06-2025,PHC002,MED003,217,41,76,27.7,13
08-06-2025,PHC002,MED003,174,43,108,20.8,24
09-06-2025,PHC002,MED003,137,37,94,29.7,28
10-06-2025,PHC002,MED003,105,32,78,31.6,13
11-06-2025,PHC002,MED003,756,34,93,31.1,16
12-06-2025,PHC002,MED003,737,19,50,23.1,6
13-06-2025,PHC002,MED003,707,30,72,30.2,15
14-06-2025,PHC002,MED003,671,36,95,25.2,25
15-06-2025,PHC002,MED003,622,49,97,30.2,29
16-06-2025,PHC002,MED003,592,30,71,29.3,16
17-06-2025,PHC002,MED003,578,14,49,21,16
18-06-2025,PHC002,MED003,537,41,96,21.2,20
19-06-2025,PHC002,MED003,508,29,76,24.1,21
20-06-2025,PHC002,MED003,483,25,77,33.1,13
21-06-2025,PHC002,MED003,427,56,93,28.1,19
22-06-2025,PHC002,MED003,382,45,105,26.7,29
23-06-2025,PHC002,MED003,350,32,73,23.5,27
24-06-2025,PHC002,MED003,313,37,103,26.2,23
25-06-2025,PHC002,MED003,266,47,101,30.5,22
26-06-2025,PHC002,MED003,224,42,92,24.6,18
27-06-2025,PHC002,MED003,179,45,103,27.3,27
28-06-2025,PHC002,MED003,512,52,121,20.7,28
29-06-2025,PHC002,MED003,463,49,109,28,25
01-01-2025,PHC002,MED004,642,44,111,30.4,26
02-01-2025,PHC002,MED004,610,32,76,24.7,19
03-01-2025,PHC002,MED004,573,37,91,22.8,25
04-01-2025,PHC002,MED004,523,50,94,25.6,21
05-01-2025,PHC002,MED004,477,46,87,24.5,21
06-01-2025,PHC002,MED004,445,32,76,26.9,16
07-01-2025,PHC002,MED004,407,38,82,31.1,20
08-01-2025,PHC002,MED004,377,30,81,24.3,18
09-01-2025,PHC002,MED004,320,57,123,28.6,25
10-01-2025,PHC002,MED004,281,39,98,30.3,29
11-01-2025,PHC002,MED004,240,41,92,22.1,12
12-01-2025,PHC002,MED004,189,51,92,26.7,15
13-01-2025,PHC002,MED004,154,35,87,29.6,22
14-01-2025,PHC002,MED004,122,32,78,20.3,23
15-01-2025,PHC002,MED004,489,32,67,30.1,15
16-01-2025,PHC002,MED004,449,40,92,27.7,16
17-01-2025,PHC002,MED004,405,44,104,26,28
18-01-2025,PHC002,MED004,364,41,80,25.2,19
19-01-2025,PHC002,MED004,316,48,90,28.4,27
20-01-2025,PHC002,MED004,272,44,114,26.6,28
21-01-2025,PHC002,MED004,230,42,96,33.5,30
22-01-2025,PHC002,MED004,204,26,68,22.2,20
23-01-2025,PHC002,MED004,178,26,68,27.9,31
24-01-2025,PHC002,MED004,758,47,113,20.1,24
25-01-2025,PHC002,MED004,705,53,109,28.3,24
26-01-2025,PHC002,MED004,666,39,71,25.7,19
27-01-2025,PHC002,MED004,629,37,79,32.4,19
28-01-2025,PHC002,MED004,598,31,72,20.4,12
29-01-2025,PHC002,MED004,552,46,95,34.3,23
30-01-2025,PHC002,MED004,528,24,68,26.3,10
31-01-2025,PHC002,MED004,502,26,60,23.7,15
01-02-2025,PHC002,MED004,452,50,104,31.2,27
02-02-2025,PHC002,MED004,418,34,79,33,16
03-02-2025,PHC002,MED004,390,28,71,27.7,16
04-02-2025,PHC002,MED004,364,26,57,22.4,9
05-02-2025,PHC002,MED004,329,35,88,22.4,23
06-02-2025,PHC002,MED004,297,32,81,33.7,25
07-02-2025,PHC002,MED004,260,37,93,27.7,11
08-02-2025,PHC002,MED004,213,47,97,21.4,21
09-02-2025,PHC002,MED004,182,31,77,30.3,25
10-02-2025,PHC002,MED004,145,37,76,30.3,26
11-02-2025,PHC002,MED004,595,40,94,27.8,23
12-02-2025,PHC002,MED004,557,38,86,33.8,16
13-02-2025,PHC002,MED004,518,39,92,31.9,13
14-02-2025,PHC002,MED004,488,30,62,34.3,12
15-02-2025,PHC002,MED004,458,30,76,26.3,16
16-02-2025,PHC002,MED004,401,57,102,22,24
17-02-2025,PHC002,MED004,366,35,85,26.6,20
18-02-2025,PHC002,MED004,320,46,101,34.6,24
19-02-2025,PHC002,MED004,281,39,94,21.9,23
20-02-2025,PHC002,MED004,245,36,75,24.6,11
21-02-2025,PHC002,MED004,185,60,124,21.7,23
22-02-2025,PHC002,MED004,764,58,113,26.5,28
23-02-2025,PHC002,MED004,713,51,99,21.8,23
24-02-2025,PHC002,MED004,676,37,83,30,22
25-02-2025,PHC002,MED004,652,24,57,33.5,17
26-02-2025,PHC002,MED004,606,46,89,21.4,26
27-02-2025,PHC002,MED004,583,23,54,22.4,17
28-02-2025,PHC002,MED004,558,25,59,23.6,14
01-03-2025,PHC002,MED004,510,48,93,23.3,22
02-03-2025,PHC002,MED004,478,32,100,33.5,28
03-03-2025,PHC002,MED004,446,32,74,27.6,21
04-03-2025,PHC002,MED004,423,23,79,28.8,15
05-03-2025,PHC002,MED004,378,45,97,25.7,26
06-03-2025,PHC002,MED004,340,38,85,21.7,24
07-03-2025,PHC002,MED004,304,36,82,31.4,22
08-03-2025,PHC002,MED004,262,42,90,20.6,16
09-03-2025,PHC002,MED004,204,58,102,24.7,24
10-03-2025,PHC002,MED004,165,39,99,28.3,23
11-03-2025,PHC002,MED004,658,50,112,32.6,28
12-03-2025,PHC002,MED004,620,38,96,20.2,22
13-03-2025,PHC002,MED004,591,29,63,30.1,10
14-03-2025,PHC002,MED004,543,48,94,30.4,26
15-03-2025,PHC002,MED004,499,44,92,25.5,25
16-03-2025,PHC002,MED004,453,46,99,32.7,27
17-03-2025,PHC002,MED004,412,41,89,31.5,17
18-03-2025,PHC002,MED004,372,40,85,31.3,14
19-03-2025,PHC002,MED004,348,24,49,34.3,7
20-03-2025,PHC002,MED004,306,42,101,22.2,24
21-03-2025,PHC002,MED004,269,37,85,34.1,17
22-03-2025,PHC002,MED004,210,59,120,32.5,31
23-03-2025,PHC002,MED004,609,56,96,24.9,26
24-03-2025,PHC002,MED004,574,35,78,21.1,17
25-03-2025,PHC002,MED004,551,23,57,29.9,15
26-03-2025,PHC002,MED004,516,35,71,25.2,17
27-03-2025,PHC002,MED004,486,30,68,26.5,18
28-03-2025,PHC002,MED004,447,39,96,24.7,21
29-03-2025,PHC002,MED004,390,57,107,32.9,32
30-03-2025,PHC002,MED004,338,52,88,27.4,29
31-03-2025,PHC002,MED004,292,46,101,30.1,22
01-04-2025,PHC002,MED004,270,22,71,28.6,11
02-04-2025,PHC002,MED004,234,36,87,27.4,16
03-04-2025,PHC002,MED004,187,47,103,25.3,24
04-04-2025,PHC002,MED004,153,34,81,32.6,21
05-04-2025,PHC002,MED004,460,42,81,20.4,26
06-04-2025,PHC002,MED004,411,49,87,26.2,7
07-04-2025,PHC002,MED004,372,39,94,23.5,24
08-04-2025,PHC002,MED004,343,29,89,21.7,18
09-04-2025,PHC002,MED004,307,36,92,20.6,28
10-04-2025,PHC002,MED004,278,29,70,20.3,12
11-04-2025,PHC002,MED004,247,31,80,24.7,20
12-04-2025,PHC002,MED004,199,48,90,30.4,27
13-04-2025,PHC002,MED004,151,48,100,32.2,30
14-04-2025,PHC002,MED004,734,42,75,23,14
15-04-2025,PHC002,MED004,696,38,98,32.6,17
16-04-2025,PHC002,MED004,657,39,80,26,35
17-04-2025,PHC002,MED004,618,39,87,21.4,29
18-04-2025,PHC002,MED004,583,35,77,32,18
19-04-2025,PHC002,MED004,543,40,85,31.9,21
20-04-2025,PHC002,MED004,505,38,85,28.1,23
21-04-2025,PHC002,MED004,474,31,88,29.4,26
22-04-2025,PHC002,MED004,433,41,90,30.5,22
23-04-2025,PHC002,MED004,382,51,96,23.2,19
24-04-2025,PHC002,MED004,346,36,77,28,7
25-04-2025,PHC002,MED004,322,24,64,26.5,10
26-04-2025,PHC002,MED004,278,44,87,22.2,17
27-04-2025,PHC002,MED004,227,51,109,24.5,33
28-04-2025,PHC002,MED004,189,38,88,23.1,22
29-04-2025,PHC002,MED004,163,26,59,29.7,19
30-04-2025,PHC002,MED004,540,48,103,22.9,23
01-05-2025,PHC002,MED004,500,40,87,27.3,17
02-05-2025,PHC002,MED004,468,32,82,24.1,23
03-05-2025,PHC002,MED004,419,49,122,24.2,32
04-05-2025,PHC002,MED004,374,45,89,31.7,29
05-05-2025,PHC002,MED004,327,47,113,24.7,31
06-05-2025,PHC002,MED004,293,34,88,30.1,32
07-05-2025,PHC002,MED004,252,41,94,32.6,20
08-05-2025,PHC002,MED004,223,29,74,21.8,13
09-05-2025,PHC002,MED004,197,26,73,31.6,12
10-05-2025,PHC002,MED004,607,50,93,31.6,28
11-05-2025,PHC002,MED004,565,42,86,25.8,27
12-05-2025,PHC002,MED004,533,32,72,22.6,15
13-05-2025,PHC002,MED004,496,37,99,23.8,23
14-05-2025,PHC002,MED004,458,38,74,24.7,9
15-05-2025,PHC002,MED004,425,33,63,34.4,19
16-05-2025,PHC002,MED004,396,29,59,32.3,9
17-05-2025,PHC002,MED004,322,74,134,29.1,35
18-05-2025,PHC002,MED004,286,36,77,31.8,26
19-05-2025,PHC002,MED004,245,41,84,24.6,27
20-05-2025,PHC002,MED004,212,33,79,33,20
21-05-2025,PHC002,MED004,182,30,92,33.6,19
22-05-2025,PHC002,MED004,551,51,109,32.3,27
23-05-2025,PHC002,MED004,522,29,74,22.4,27
24-05-2025,PHC002,MED004,479,43,100,31.8,27
25-05-2025,PHC002,MED004,440,39,95,31.7,25
26-05-2025,PHC002,MED004,404,36,84,26.3,25
27-05-2025,PHC002,MED004,364,40,89,22.4,21
28-05-2025,PHC002,MED004,320,44,89,28.2,15
29-05-2025,PHC002,MED004,289,31,72,31.4,24
30-05-2025,PHC002,MED004,253,36,76,20,12
31-05-2025,PHC002,MED004,202,51,100,28.6,29
01-06-2025,PHC002,MED004,163,39,103,29.7,23
02-06-2025,PHC002,MED004,865,45,97,26.2,29
03-06-2025,PHC002,MED004,836,29,77,30.3,18
04-06-2025,PHC002,MED004,799,37,96,23,16
05-06-2025,PHC002,MED004,770,29,88,33.3,30
06-06-2025,PHC002,MED004,736,34,89,33.8,34
07-06-2025,PHC002,MED004,705,31,79,23,31
08-06-2025,PHC002,MED004,663,42,93,26,20
09-06-2025,PHC002,MED004,623,40,88,34.2,26
10-06-2025,PHC002,MED004,575,48,101,26.5,30
11-06-2025,PHC002,MED004,545,30,75,30.7,17
12-06-2025,PHC002,MED004,506,39,94,31.7,32
13-06-2025,PHC002,MED004,455,51,100,29,31
14-06-2025,PHC002,MED004,407,48,108,30.2,26
15-06-2025,PHC002,MED004,351,56,103,23.9,28
16-06-2025,PHC002,MED004,327,24,59,25.5,7
17-06-2025,PHC002,MED004,297,30,68,24.8,19
18-06-2025,PHC002,MED004,266,31,75,30.7,11
19-06-2025,PHC002,MED004,239,27,59,20.9,14
20-06-2025,PHC002,MED004,195,44,78,33.6,22
21-06-2025,PHC002,MED004,148,47,95,31.2,30
22-06-2025,PHC002,MED004,584,53,107,29.3,27
23-06-2025,PHC002,MED004,533,51,97,20.6,31
24-06-2025,PHC002,MED004,497,36,87,27.4,24
25-06-2025,PHC002,MED004,449,48,97,26.5,30
26-06-2025,PHC002,MED004,424,25,82,34.7,24
27-06-2025,PHC002,MED004,383,41,83,26.5,19
28-06-2025,PHC002,MED004,321,62,105,32.4,24
29-06-2025,PHC002,MED004,274,47,88,31.1,19
01-01-2025,PHC002,MED005,982,21,84,32.8,18
02-01-2025,PHC002,MED005,964,18,61,23.4,17
03-01-2025,PHC002,MED005,947,17,94,30.6,24
04-01-2025,PHC002,MED005,909,38,115,25.3,30
05-01-2025,PHC002,MED005,874,35,91,27.4,17
06-01-2025,PHC002,MED005,857,17,58,33,16
07-01-2025,PHC002,MED005,832,25,87,27.6,24
08-01-2025,PHC002,MED005,801,31,114,34.6,22
09-01-2025,PHC002,MED005,779,22,64,26.2,14
10-01-2025,PHC002,MED005,757,22,95,20.4,19
11-01-2025,PHC002,MED005,735,22,86,25.9,14
12-01-2025,PHC002,MED005,711,24,76,21.2,20
13-01-2025,PHC002,MED005,678,33,94,26.8,17
14-01-2025,PHC002,MED005,655,23,77,29.8,32
15-01-2025,PHC002,MED005,627,28,96,31,22
16-01-2025,PHC002,MED005,614,13,46,20.7,8
17-01-2025,PHC002,MED005,585,29,75,20.8,15
18-01-2025,PHC002,MED005,543,42,111,22.7,24
19-01-2025,PHC002,MED005,497,46,125,21.3,29
20-01-2025,PHC002,MED005,476,21,76,31.3,19
21-01-2025,PHC002,MED005,457,19,79,27.4,17
22-01-2025,PHC002,MED005,423,34,94,22,20
23-01-2025,PHC002,MED005,407,16,69,27.7,9
24-01-2025,PHC002,MED005,380,27,85,26.3,14
25-01-2025,PHC002,MED005,349,31,97,29.2,15
26-01-2025,PHC002,MED005,311,38,102,27,29
27-01-2025,PHC002,MED005,289,22,87,22.3,29
28-01-2025,PHC002,MED005,263,26,84,26.6,16
29-01-2025,PHC002,MED005,227,36,97,22.2,21
30-01-2025,PHC002,MED005,198,29,106,24.4,29
31-01-2025,PHC002,MED005,170,28,89,20.7,22
01-02-2025,PHC002,MED005,132,38,105,28.5,32
02-02-2025,PHC002,MED005,102,30,95,21.2,27
03-02-2025,PHC002,MED005,80,22,83,22.7,19
04-02-2025,PHC002,MED005,590,22,78,33.2,20
05-02-2025,PHC002,MED005,564,26,102,32.1,25
06-02-2025,PHC002,MED005,545,19,65,32.2,25
07-02-2025,PHC002,MED005,519,26,89,30.1,26
08-02-2025,PHC002,MED005,482,37,93,25.9,23
09-02-2025,PHC002,MED005,448,34,97,29.9,19
10-02-2025,PHC002,MED005,422,26,82,24.5,12
11-02-2025,PHC002,MED005,409,13,64,30.1,11
12-02-2025,PHC002,MED005,382,27,85,22,19
13-02-2025,PHC002,MED005,352,30,109,20.4,26
14-02-2025,PHC002,MED005,327,25,75,23.6,19
15-02-2025,PHC002,MED005,303,24,71,31.5,15
16-02-2025,PHC002,MED005,260,43,105,21.7,30
17-02-2025,PHC002,MED005,238,22,69,20.3,11
18-02-2025,PHC002,MED005,215,23,72,24.4,19
19-02-2025,PHC002,MED005,193,22,70,32.7,16
20-02-2025,PHC002,MED005,176,17,69,27.4,19
21-02-2025,PHC002,MED005,154,22,72,26,19
22-02-2025,PHC002,MED005,123,31,72,34,17
23-02-2025,PHC002,MED005,94,29,79,20.3,19
24-02-2025,PHC002,MED005,77,17,66,24,13
25-02-2025,PHC002,MED005,586,20,58,29.7,19
26-02-2025,PHC002,MED005,559,27,82,24.3,19
27-02-2025,PHC002,MED005,526,33,96,33.6,24
28-02-2025,PHC002,MED005,504,22,72,32.6,23
01-03-2025,PHC002,MED005,466,38,89,34.4,20
02-03-2025,PHC002,MED005,428,38,107,31,20
03-03-2025,PHC002,MED005,414,14,57,24.2,18
04-03-2025,PHC002,MED005,389,25,83,21.9,13
05-03-2025,PHC002,MED005,357,32,102,34.9,29
06-03-2025,PHC002,MED005,328,29,80,20.7,23
07-03-2025,PHC002,MED005,301,27,87,32.4,19
08-03-2025,PHC002,MED005,273,28,99,21,23
09-03-2025,PHC002,MED005,236,37,104,23.9,28
10-03-2025,PHC002,MED005,212,24,75,20.7,22
11-03-2025,PHC002,MED005,187,25,75,27.7,23
12-03-2025,PHC002,MED005,168,19,72,33.9,11
13-03-2025,PHC002,MED005,143,25,89,21.6,23
14-03-2025,PHC002,MED005,124,19,63,34.2,10
15-03-2025,PHC002,MED005,855,35,92,33.1,28
16-03-2025,PHC002,MED005,827,28,80,30.6,26
17-03-2025,PHC002,MED005,809,18,65,25.5,18
18-03-2025,PHC002,MED005,778,31,86,23,19
19-03-2025,PHC002,MED005,754,24,78,27.1,28
20-03-2025,PHC002,MED005,730,24,81,24,23
21-03-2025,PHC002,MED005,711,19,68,31.3,14
22-03-2025,PHC002,MED005,692,19,70,22.1,15
23-03-2025,PHC002,MED005,660,32,110,27.7,37
24-03-2025,PHC002,MED005,639,21,68,26.6,6
25-03-2025,PHC002,MED005,621,18,59,25.1,12
26-03-2025,PHC002,MED005,602,19,62,26.5,20
27-03-2025,PHC002,MED005,576,26,86,28.6,24
28-03-2025,PHC002,MED005,528,48,125,32,29
29-03-2025,PHC002,MED005,501,27,67,30.5,7
30-03-2025,PHC002,MED005,465,36,112,24.7,22
31-03-2025,PHC002,MED005,435,30,106,22.2,32
01-04-2025,PHC002,MED005,419,16,65,33.3,20
02-04-2025,PHC002,MED005,399,20,68,32.2,12
03-04-2025,PHC002,MED005,377,22,68,33.2,10
04-04-2025,PHC002,MED005,347,30,92,33.2,16
05-04-2025,PHC002,MED005,324,23,77,23.2,18
06-04-2025,PHC002,MED005,287,37,95,20.4,19
07-04-2025,PHC002,MED005,257,30,97,23.9,20
08-04-2025,PHC002,MED005,235,22,72,31,12
09-04-2025,PHC002,MED005,205,30,89,27.6,18
10-04-2025,PHC002,MED005,177,28,101,28.6,30
11-04-2025,PHC002,MED005,148,29,97,23.5,24
12-04-2025,PHC002,MED005,129,19,76,30,16
13-04-2025,PHC002,MED005,98,31,102,24.5,22
14-04-2025,PHC002,MED005,81,17,59,25.7,12
15-04-2025,PHC002,MED005,587,26,82,27.7,18
16-04-2025,PHC002,MED005,551,36,107,32.4,33
17-04-2025,PHC002,MED005,528,23,88,33.3,22
18-04-2025,PHC002,MED005,499,29,85,28.8,17
19-04-2025,PHC002,MED005,474,25,81,24,19
20-04-2025,PHC002,MED005,437,37,96,27.3,13
21-04-2025,PHC002,MED005,398,39,111,22.2,26
22-04-2025,PHC002,MED005,363,35,100,32.9,30
23-04-2025,PHC002,MED005,335,28,91,27.1,25
24-04-2025,PHC002,MED005,318,17,47,29,5
25-04-2025,PHC002,MED005,293,25,77,28.6,20
26-04-2025,PHC002,MED005,248,45,98,24.5,13
27-04-2025,PHC002,MED005,224,24,69,22.1,18
28-04-2025,PHC002,MED005,203,21,81,23.2,28
29-04-2025,PHC002,MED005,179,24,90,21.8,17
30-04-2025,PHC002,MED005,142,37,108,28.5,21
01-05-2025,PHC002,MED005,113,29,104,27.1,20
02-05-2025,PHC002,MED005,98,15,63,26.9,16
03-05-2025,PHC002,MED005,74,24,80,33,21
04-05-2025,PHC002,MED005,540,36,120,23.5,27
05-05-2025,PHC002,MED005,519,21,81,30.1,21
06-05-2025,PHC002,MED005,493,26,87,20.4,24
07-05-2025,PHC002,MED005,476,17,65,24.6,9
08-05-2025,PHC002,MED005,454,22,66,28.1,27
09-05-2025,PHC002,MED005,429,25,85,27.8,8
10-05-2025,PHC002,MED005,402,27,78,28,26
11-05-2025,PHC002,MED005,361,41,107,23.1,25
12-05-2025,PHC002,MED005,344,17,58,28,12
13-05-2025,PHC002,MED005,320,24,74,27.4,24
14-05-2025,PHC002,MED005,296,24,78,27.9,19
15-05-2025,PHC002,MED005,275,21,78,34.7,20
16-05-2025,PHC002,MED005,246,29,80,22.3,23
17-05-2025,PHC002,MED005,202,44,117,20.9,27
18-05-2025,PHC002,MED005,173,29,93,21.5,22
19-05-2025,PHC002,MED005,134,39,103,23.9,33
20-05-2025,PHC002,MED005,111,23,72,29,21
21-05-2025,PHC002,MED005,545,28,85,27.6,27
22-05-2025,PHC002,MED005,520,25,79,27.3,14
23-05-2025,PHC002,MED005,498,22,74,33.3,20
24-05-2025,PHC002,MED005,454,44,134,28.3,31
25-05-2025,PHC002,MED005,414,40,98,26.1,20
26-05-2025,PHC002,MED005,376,38,94,25.6,27
27-05-2025,PHC002,MED005,350,26,109,28.1,26
28-05-2025,PHC002,MED005,319,31,98,27,24
29-05-2025,PHC002,MED005,283,36,89,34.6,18
30-05-2025,PHC002,MED005,256,27,83,32.6,14
31-05-2025,PHC002,MED005,231,25,85,29.5,24
01-06-2025,PHC002,MED005,201,30,86,28.4,29
02-06-2025,PHC002,MED005,176,25,78,21.8,24
03-06-2025,PHC002,MED005,144,32,98,29.2,23
04-06-2025,PHC002,MED005,118,26,96,30.2,22
05-06-2025,PHC002,MED005,94,24,93,23.7,23
06-06-2025,PHC002,MED005,720,28,97,26.9,23
07-06-2025,PHC002,MED005,682,38,94,29.1,31
08-06-2025,PHC002,MED005,655,27,98,22.6,24
09-06-2025,PHC002,MED005,633,22,75,21.2,13
10-06-2025,PHC002,MED005,598,35,99,28.1,19
11-06-2025,PHC002,MED005,578,20,66,34.6,14
12-06-2025,PHC002,MED005,555,23,69,25.8,22
13-06-2025,PHC002,MED005,537,18,60,25.6,17
14-06-2025,PHC002,MED005,503,34,96,31.1,24
15-06-2025,PHC002,MED005,480,23,73,32.2,17
16-06-2025,PHC002,MED005,455,25,64,23.3,9
17-06-2025,PHC002,MED005,431,24,78,30.6,25
18-06-2025,PHC002,MED005,407,24,82,34.8,20
19-06-2025,PHC002,MED005,380,27,77,22.6,18
20-06-2025,PHC002,MED005,354,26,92,30.1,30
21-06-2025,PHC002,MED005,326,28,90,21.9,15
22-06-2025,PHC002,MED005,283,43,123,33.2,26
23-06-2025,PHC002,MED005,262,21,71,34.5,18
24-06-2025,PHC002,MED005,239,23,74,30.2,12
25-06-2025,PHC002,MED005,211,28,82,29.8,13
26-06-2025,PHC002,MED005,184,27,91,32.7,19
27-06-2025,PHC002,MED005,157,27,87,27.8,15
28-06-2025,PHC002,MED005,569,49,119,20.7,31
29-06-2025,PHC002,MED005,537,32,87,21.2,25
01-01-2025,PHC003,MED001,793,132,120,30.3,29
02-01-2025,PHC003,MED001,696,97,101,29.4,27
03-01-2025,PHC003,MED001,602,94,124,32.1,34
04-01-2025,PHC003,MED001,477,125,114,21.6,26
05-01-2025,PHC003,MED001,361,116,127,20.8,36
06-01-2025,PHC003,MED001,942,110,133,29.3,41
07-01-2025,PHC003,MED001,803,139,123,21.9,33
08-01-2025,PHC003,MED001,693,110,104,30.4,18
09-01-2025,PHC003,MED001,578,115,111,32,25
10-01-2025,PHC003,MED001,471,107,116,20.8,26
11-01-2025,PHC003,MED001,1067,146,154,26,41
12-01-2025,PHC003,MED001,958,109,116,20.2,23
13-01-2025,PHC003,MED001,883,75,90,33.2,28
14-01-2025,PHC003,MED001,799,84,100,26.8,33
15-01-2025,PHC003,MED001,706,93,105,21.5,29
16-01-2025,PHC003,MED001,616,90,106,28.6,27
17-01-2025,PHC003,MED001,524,92,102,26.3,22
18-01-2025,PHC003,MED001,841,142,110,20.9,27
19-01-2025,PHC003,MED001,734,107,111,29.8,24
20-01-2025,PHC003,MED001,620,114,125,27,28
21-01-2025,PHC003,MED001,543,77,100,34.6,22
22-01-2025,PHC003,MED001,436,107,107,32.3,29
23-01-2025,PHC003,MED001,723,116,105,25.2,25
24-01-2025,PHC003,MED001,634,89,106,30,27
25-01-2025,PHC003,MED001,521,113,112,29,14
26-01-2025,PHC003,MED001,754,150,143,26.3,42
27-01-2025,PHC003,MED001,661,93,134,33.7,39
28-01-2025,PHC003,MED001,571,90,110,27,22
29-01-2025,PHC003,MED001,453,118,113,31.5,33
30-01-2025,PHC003,MED001,364,89,85,32.4,17
31-01-2025,PHC003,MED001,797,92,112,25.4,28
01-02-2025,PHC003,MED001,654,143,123,31.5,33
02-02-2025,PHC003,MED001,507,147,130,23,32
03-02-2025,PHC003,MED001,399,108,137,28.3,33
04-02-2025,PHC003,MED001,944,101,111,32.6,28
05-02-2025,PHC003,MED001,835,109,108,33.3,31
06-02-2025,PHC003,MED001,750,85,104,26.8,28
07-02-2025,PHC003,MED001,628,122,120,32,32
08-02-2025,PHC003,MED001,487,141,115,30.7,25
09-02-2025,PHC003,MED001,980,162,147,28,38
10-02-2025,PHC003,MED001,894,86,95,34.7,28
11-02-2025,PHC003,MED001,796,98,114,28,26
12-02-2025,PHC003,MED001,686,110,113,20.8,23
13-02-2025,PHC003,MED001,632,54,80,33.3,27
14-02-2025,PHC003,MED001,533,99,111,27.1,29
15-02-2025,PHC003,MED001,406,127,121,29.7,21
16-02-2025,PHC003,MED001,952,109,108,27,26
17-02-2025,PHC003,MED001,835,117,123,27.1,18
18-02-2025,PHC003,MED001,755,80,91,31.9,19
19-02-2025,PHC003,MED001,669,86,101,23.5,29
20-02-2025,PHC003,MED001,550,119,113,25.7,33
21-02-2025,PHC003,MED001,418,132,134,31.3,33
22-02-2025,PHC003,MED001,741,149,121,23.5,36
23-02-2025,PHC003,MED001,590,151,131,26.1,27
24-02-2025,PHC003,MED001,478,112,114,25.7,24
25-02-2025,PHC003,MED001,375,103,119,21.2,26
26-02-2025,PHC003,MED001,605,120,119,29.7,24
27-02-2025,PHC003,MED001,527,78,76,28.2,22
28-02-2025,PHC003,MED001,434,93,98,23.8,30
01-03-2025,PHC003,MED001,331,103,100,29.1,26
02-03-2025,PHC003,MED001,892,133,145,30.7,43
03-03-2025,PHC003,MED001,779,113,106,31.7,23
04-03-2025,PHC003,MED001,700,79,97,28.7,27
05-03-2025,PHC003,MED001,617,83,95,22.2,15
06-03-2025,PHC003,MED001,540,77,101,31.2,27
07-03-2025,PHC003,MED001,460,80,112,30.8,29
08-03-2025,PHC003,MED001,349,111,100,24.7,27
09-03-2025,PHC003,MED001,791,143,150,26.7,36
10-03-2025,PHC003,MED001,692,99,118,33.1,30
11-03-2025,PHC003,MED001,572,120,133,25.3,25
12-03-2025,PHC003,MED001,469,103,112,31.3,33
13-03-2025,PHC003,MED001,378,91,87,28.5,19
14-03-2025,PHC003,MED001,963,124,118,34.7,30
15-03-2025,PHC003,MED001,845,118,125,33,25
16-03-2025,PHC003,MED001,712,133,136,25.9,33
17-03-2025,PHC003,MED001,604,108,107,26.8,31
18-03-2025,PHC003,MED001,501,103,115,21.6,27
19-03-2025,PHC003,MED001,414,87,108,22.8,24
20-03-2025,PHC003,MED001,613,136,144,24.3,41
21-03-2025,PHC003,MED001,487,126,131,20.2,28
22-03-2025,PHC003,MED001,874,127,111,25.9,37
23-03-2025,PHC003,MED001,737,137,126,34.3,29
24-03-2025,PHC003,MED001,648,89,115,23.1,26
25-03-2025,PHC003,MED001,533,115,119,34.1,23
26-03-2025,PHC003,MED001,444,89,94,30.3,20
27-03-2025,PHC003,MED001,335,109,111,26,28
28-03-2025,PHC003,MED001,808,121,116,33.7,23
29-03-2025,PHC003,MED001,680,128,115,29.7,30
30-03-2025,PHC003,MED001,523,157,138,32.6,32
31-03-2025,PHC003,MED001,451,72,95,26.2,28
01-04-2025,PHC003,MED001,361,90,118,26.5,35
02-04-2025,PHC003,MED001,580,103,124,30.5,30
03-04-2025,PHC003,MED001,489,91,111,24.1,37
04-04-2025,PHC003,MED001,408,81,101,30.8,31
05-04-2025,PHC003,MED001,325,83,130,34.9,38
06-04-2025,PHC003,MED001,675,116,110,31.5,29
07-04-2025,PHC003,MED001,581,94,102,23.1,27
08-04-2025,PHC003,MED001,496,85,110,26.9,22
09-04-2025,PHC003,MED001,397,99,101,22.9,29
10-04-2025,PHC003,MED001,302,95,112,30.1,27
11-04-2025,PHC003,MED001,227,75,93,21.2,24
12-04-2025,PHC003,MED001,493,116,106,24.2,21
13-04-2025,PHC003,MED001,865,128,127,21.5,32
14-04-2025,PHC003,MED001,731,134,127,20.2,35
15-04-2025,PHC003,MED001,638,93,107,22.7,32
16-04-2025,PHC003,MED001,567,71,79,20.7,14
17-04-2025,PHC003,MED001,480,87,97,29.9,19
18-04-2025,PHC003,MED001,395,85,104,29,24
19-04-2025,PHC003,MED001,647,150,140,23,36
20-04-2025,PHC003,MED001,937,182,159,34.8,44
21-04-2025,PHC003,MED001,820,117,119,20.9,22
22-04-2025,PHC003,MED001,734,86,108,30.9,30
23-04-2025,PHC003,MED001,623,111,127,32.2,33
24-04-2025,PHC003,MED001,526,97,128,25.9,23
25-04-2025,PHC003,MED001,432,94,100,21.6,26
26-04-2025,PHC003,MED001,706,138,128,23.2,31
27-04-2025,PHC003,MED001,545,161,151,29.7,41
28-04-2025,PHC003,MED001,425,120,114,29,29
29-04-2025,PHC003,MED001,675,137,116,28,28
30-04-2025,PHC003,MED001,566,109,108,24.9,26
01-05-2025,PHC003,MED001,479,87,99,33.9,21
02-05-2025,PHC003,MED001,373,106,102,30.3,29
03-05-2025,PHC003,MED001,712,190,148,21,35
04-05-2025,PHC003,MED001,564,148,130,23.5,27
05-05-2025,PHC003,MED001,513,51,71,23.5,9
06-05-2025,PHC003,MED001,420,93,88,31.4,19
07-05-2025,PHC003,MED001,327,93,106,25.6,25
08-05-2025,PHC003,MED001,824,109,118,33.9,29
09-05-2025,PHC003,MED001,703,121,126,33.2,31
10-05-2025,PHC003,MED001,566,137,136,31.9,34
11-05-2025,PHC003,MED001,457,109,102,31.3,30
12-05-2025,PHC003,MED001,1096,130,134,20.8,31
13-05-2025,PHC003,MED001,1004,92,104,30.3,22
14-05-2025,PHC003,MED001,917,87,89,26.6,19
15-05-2025,PHC003,MED001,781,136,140,21,35
16-05-2025,PHC003,MED001,655,126,129,21.4,34
17-05-2025,PHC003,MED001,546,109,102,34,20
18-05-2025,PHC003,MED001,420,126,132,30.8,32
19-05-2025,PHC003,MED001,321,99,110,23.7,30
20-05-2025,PHC003,MED001,553,108,125,31.7,28
21-05-2025,PHC003,MED001,452,101,123,25.7,29
22-05-2025,PHC003,MED001,356,96,112,22.3,23
23-05-2025,PHC003,MED001,1007,113,126,31.4,29
24-05-2025,PHC003,MED001,878,129,129,22.3,38
25-05-2025,PHC003,MED001,758,120,124,27,27
26-05-2025,PHC003,MED001,653,105,114,22,26
27-05-2025,PHC003,MED001,543,110,101,22.8,25
28-05-2025,PHC003,MED001,452,91,111,33.9,26
29-05-2025,PHC003,MED001,936,117,147,25.6,31
30-05-2025,PHC003,MED001,818,118,111,34.9,37
31-05-2025,PHC003,MED001,662,156,151,22.4,45
01-06-2025,PHC003,MED001,590,72,89,25.2,23
02-06-2025,PHC003,MED001,488,102,104,25.5,19
03-06-2025,PHC003,MED001,382,106,115,27.2,25
04-06-2025,PHC003,MED001,630,127,122,30.6,28
05-06-2025,PHC003,MED001,516,114,113,30.2,27
06-06-2025,PHC003,MED001,418,98,109,34.3,34
07-06-2025,PHC003,MED001,815,106,124,33.8,31
08-06-2025,PHC003,MED001,671,144,115,21.2,15
09-06-2025,PHC003,MED001,578,93,93,30.4,25
10-06-2025,PHC003,MED001,510,68,91,33.3,22
11-06-2025,PHC003,MED001,446,64,97,33,24
12-06-2025,PHC003,MED001,735,118,125,32,35
13-06-2025,PHC003,MED001,649,86,99,24.6,29
14-06-2025,PHC003,MED001,1027,190,154,20,37
15-06-2025,PHC003,MED001,876,151,136,26.5,30
16-06-2025,PHC003,MED001,786,90,114,22,31
17-06-2025,PHC003,MED001,673,113,111,23.2,32
18-06-2025,PHC003,MED001,551,122,117,32.1,37
19-06-2025,PHC003,MED001,424,127,150,33.7,41
20-06-2025,PHC003,MED001,632,124,126,21.2,36
21-06-2025,PHC003,MED001,1117,159,130,27.2,28
22-06-2025,PHC003,MED001,957,160,126,24,30
23-06-2025,PHC003,MED001,863,94,103,23.2,26
24-06-2025,PHC003,MED001,746,117,113,27.8,23
25-06-2025,PHC003,MED001,643,103,107,29.1,18
26-06-2025,PHC003,MED001,553,90,98,25.1,30
27-06-2025,PHC003,MED001,428,125,120,29.2,26
28-06-2025,PHC003,MED001,719,214,156,32.1,37
29-06-2025,PHC003,MED001,613,106,127,22.1,30
01-01-2025,PHC003,MED002,1035,81,123,34.3,35
02-01-2025,PHC003,MED002,967,68,98,33,17
03-01-2025,PHC003,MED002,920,47,88,20,21
04-01-2025,PHC003,MED002,833,87,99,33.1,21
05-01-2025,PHC003,MED002,716,117,150,30.2,35
06-01-2025,PHC003,MED002,649,67,127,25.2,31
07-01-2025,PHC003,MED002,563,86,143,27.1,31
08-01-2025,PHC003,MED002,498,65,90,29.1,26
09-01-2025,PHC003,MED002,427,71,102,33.1,15
10-01-2025,PHC003,MED002,367,60,86,21.3,27
11-01-2025,PHC003,MED002,279,88,151,34.8,23
12-01-2025,PHC003,MED002,603,100,133,28.1,38
13-01-2025,PHC003,MED002,515,88,116,29.9,37
14-01-2025,PHC003,MED002,440,75,118,33.9,28
15-01-2025,PHC003,MED002,351,89,130,23.3,27
16-01-2025,PHC003,MED002,267,84,127,22,33
17-01-2025,PHC003,MED002,213,54,86,21.4,19
18-01-2025,PHC003,MED002,771,71,98,29,32
19-01-2025,PHC003,MED002,687,84,108,31.1,36
20-01-2025,PHC003,MED002,645,42,88,26.6,24
21-01-2025,PHC003,MED002,561,84,111,24.4,31
22-01-2025,PHC003,MED002,482,79,118,34.1,26
23-01-2025,PHC003,MED002,420,62,103,24.7,24
24-01-2025,PHC003,MED002,318,102,126,22.8,29
25-01-2025,PHC003,MED002,581,101,114,31.6,31
26-01-2025,PHC003,MED002,507,74,93,23.3,16
27-01-2025,PHC003,MED002,427,80,95,26.9,27
28-01-2025,PHC003,MED002,340,87,138,26.8,37
29-01-2025,PHC003,MED002,262,78,103,30,24
30-01-2025,PHC003,MED002,203,59,87,34.9,18
31-01-2025,PHC003,MED002,682,74,146,30.6,48
01-02-2025,PHC003,MED002,554,128,130,20.9,29
02-02-2025,PHC003,MED002,440,114,129,30.8,29
03-02-2025,PHC003,MED002,376,64,81,33.8,21
04-02-2025,PHC003,MED002,305,71,114,30.9,18
05-02-2025,PHC003,MED002,718,87,136,20.3,36
06-02-2025,PHC003,MED002,652,66,98,34.9,30
07-02-2025,PHC003,MED002,589,63,95,30.4,19
08-02-2025,PHC003,MED002,469,120,136,25.9,43
09-02-2025,PHC003,MED002,369,100,144,32.7,28
10-02-2025,PHC003,MED002,289,80,105,22.5,20
11-02-2025,PHC003,MED002,880,92,127,23.3,31
12-02-2025,PHC003,MED002,797,83,117,25.4,36
13-02-2025,PHC003,MED002,742,55,104,25.6,28
14-02-2025,PHC003,MED002,642,100,132,22.5,32
15-02-2025,PHC003,MED002,533,109,131,21.8,20
16-02-2025,PHC003,MED002,434,99,112,26.5,27
17-02-2025,PHC003,MED002,339,95,129,25.9,32
18-02-2025,PHC003,MED002,268,71,103,22.6,32
19-02-2025,PHC003,MED002,210,58,84,21.3,28
20-02-2025,PHC003,MED002,462,53,83,25.7,22
21-02-2025,PHC003,MED002,392,70,97,27.3,25
22-02-2025,PHC003,MED002,311,81,117,20.3,24
23-02-2025,PHC003,MED002,589,114,117,31.9,28
24-02-2025,PHC003,MED002,548,41,60,30.5,29
25-02-2025,PHC003,MED002,451,97,117,32.9,25
26-02-2025,PHC003,MED002,395,56,95,30.5,22
27-02-2025,PHC003,MED002,317,78,127,21,33
28-02-2025,PHC003,MED002,242,75,119,32.3,24
01-03-2025,PHC003,MED002,880,103,106,21.8,28
02-03-2025,PHC003,MED002,789,91,118,28.3,27
03-03-2025,PHC003,MED002,718,71,102,22.4,27
04-03-2025,PHC003,MED002,656,62,82,20.5,16
05-03-2025,PHC003,MED002,577,79,107,26.3,22
06-03-2025,PHC003,MED002,494,83,110,24.5,27
07-03-2025,PHC003,MED002,437,57,104,26.7,27
08-03-2025,PHC003,MED002,346,91,106,27.8,22
09-03-2025,PHC003,MED002,970,95,125,21.5,27
10-03-2025,PHC003,MED002,890,80,113,22.1,28
11-03-2025,PHC003,MED002,814,76,101,28.9,29
12-03-2025,PHC003,MED002,749,65,105,26.3,34
13-03-2025,PHC003,MED002,681,68,106,26.8,24
14-03-2025,PHC003,MED002,587,94,131,34.1,30
15-03-2025,PHC003,MED002,489,98,134,29.5,30
16-03-2025,PHC003,MED002,408,81,112,28.5,21
17-03-2025,PHC003,MED002,330,78,95,24.7,28
18-03-2025,PHC003,MED002,252,78,113,34.5,23
19-03-2025,PHC003,MED002,639,81,121,26.1,22
20-03-2025,PHC003,MED002,572,67,100,25,21
21-03-2025,PHC003,MED002,473,99,139,25.7,34
22-03-2025,PHC003,MED002,1025,120,140,21.6,34
23-03-2025,PHC003,MED002,938,87,122,32.1,35
24-03-2025,PHC003,MED002,854,84,121,28.6,32
25-03-2025,PHC003,MED002,767,87,121,24.8,31
26-03-2025,PHC003,MED002,696,71,110,32.1,24
27-03-2025,PHC003,MED002,640,56,86,26,11
28-03-2025,PHC003,MED002,572,68,100,30.3,22
29-03-2025,PHC003,MED002,475,97,105,24,30
30-03-2025,PHC003,MED002,865,124,145,25.6,32
31-03-2025,PHC003,MED002,807,58,87,34.8,20
01-04-2025,PHC003,MED002,751,56,115,24.1,23
02-04-2025,PHC003,MED002,681,70,125,24.6,37
03-04-2025,PHC003,MED002,596,85,132,26.1,23
04-04-2025,PHC003,MED002,512,84,116,34.2,36
05-04-2025,PHC003,MED002,426,86,129,31.2,33
06-04-2025,PHC003,MED002,354,72,120,26.4,39
07-04-2025,PHC003,MED002,321,33,85,27.2,20
08-04-2025,PHC003,MED002,259,62,105,26.1,32
09-04-2025,PHC003,MED002,204,55,85,31.2,13
10-04-2025,PHC003,MED002,937,53,87,31.1,21
11-04-2025,PHC003,MED002,831,106,159,34.2,30
12-04-2025,PHC003,MED002,733,98,122,34,27
13-04-2025,PHC003,MED002,636,97,129,22.6,21
14-04-2025,PHC003,MED002,555,81,115,27.4,27
15-04-2025,PHC003,MED002,475,80,129,25.1,43
16-04-2025,PHC003,MED002,428,47,84,24.4,26
17-04-2025,PHC003,MED002,366,62,98,20,24
18-04-2025,PHC003,MED002,306,60,99,34.4,34
19-04-2025,PHC003,MED002,546,89,94,34,22
20-04-2025,PHC003,MED002,448,98,108,24.9,22
21-04-2025,PHC003,MED002,368,80,109,33.4,27
22-04-2025,PHC003,MED002,838,93,122,21.3,35
23-04-2025,PHC003,MED002,734,104,122,33.7,27
24-04-2025,PHC003,MED002,645,89,111,25.6,27
25-04-2025,PHC003,MED002,585,60,89,28,30
26-04-2025,PHC003,MED002,460,125,171,22.1,39
27-04-2025,PHC003,MED002,358,102,126,33.3,30
28-04-2025,PHC003,MED002,280,78,102,26.3,24
29-04-2025,PHC003,MED002,616,100,108,30,28
30-04-2025,PHC003,MED002,540,76,97,27.4,28
01-05-2025,PHC003,MED002,469,71,106,31.3,24
02-05-2025,PHC003,MED002,419,50,95,32.4,22
03-05-2025,PHC003,MED002,600,125,152,31.9,47
04-05-2025,PHC003,MED002,505,95,136,30.2,34
05-05-2025,PHC003,MED002,453,52,87,31.1,33
06-05-2025,PHC003,MED002,375,78,115,23.7,20
07-05-2025,PHC003,MED002,293,82,120,23.7,34
08-05-2025,PHC003,MED002,240,53,80,32.3,23
09-05-2025,PHC003,MED002,557,75,117,32.1,36
10-05-2025,PHC003,MED002,454,103,109,29.4,30
11-05-2025,PHC003,MED002,353,101,131,26,34
12-05-2025,PHC003,MED002,271,82,119,23,30
13-05-2025,PHC003,MED002,611,73,119,27.9,26
14-05-2025,PHC003,MED002,558,53,70,27.6,14
15-05-2025,PHC003,MED002,490,68,102,24,22
16-05-2025,PHC003,MED002,401,89,123,20.7,26
17-05-2025,PHC003,MED002,1058,108,131,31.2,33
18-05-2025,PHC003,MED002,953,105,143,23.8,31
19-05-2025,PHC003,MED002,892,61,96,21.7,24
20-05-2025,PHC003,MED002,833,59,90,25.4,22
21-05-2025,PHC003,MED002,756,77,119,28.8,22
22-05-2025,PHC003,MED002,672,84,103,21.3,24
23-05-2025,PHC003,MED002,556,116,126,29,35
24-05-2025,PHC003,MED002,462,94,136,22.9,40
25-05-2025,PHC003,MED002,371,91,120,34.1,30
26-05-2025,PHC003,MED002,297,74,101,28,16
27-05-2025,PHC003,MED002,909,76,114,26.3,30
28-05-2025,PHC003,MED002,864,45,79,34.6,26
29-05-2025,PHC003,MED002,773,91,122,30.8,27
30-05-2025,PHC003,MED002,686,87,107,27.6,16
31-05-2025,PHC003,MED002,573,113,146,30.5,37
01-06-2025,PHC003,MED002,484,89,129,30.4,24
02-06-2025,PHC003,MED002,396,88,109,30.3,22
03-06-2025,PHC003,MED002,334,62,80,25.8,24
04-06-2025,PHC003,MED002,257,77,112,24.1,23
05-06-2025,PHC003,MED002,868,93,118,33.2,31
06-06-2025,PHC003,MED002,807,61,92,30.8,22
07-06-2025,PHC003,MED002,676,131,155,21.8,37
08-06-2025,PHC003,MED002,594,82,129,24.4,38
09-06-2025,PHC003,MED002,535,59,82,33.1,20
10-06-2025,PHC003,MED002,432,103,149,34.8,41
11-06-2025,PHC003,MED002,363,69,117,34.6,25
12-06-2025,PHC003,MED002,300,63,93,33.3,34
13-06-2025,PHC003,MED002,844,76,118,34.8,32
14-06-2025,PHC003,MED002,728,116,137,23.3,25
15-06-2025,PHC003,MED002,632,96,124,34.7,37
16-06-2025,PHC003,MED002,553,79,114,21.6,19
17-06-2025,PHC003,MED002,500,53,95,29.5,18
18-06-2025,PHC003,MED002,444,56,83,23.3,17
19-06-2025,PHC003,MED002,371,73,129,22.3,35
20-06-2025,PHC003,MED002,289,82,112,25.5,35
21-06-2025,PHC003,MED002,579,106,122,32.9,31
22-06-2025,PHC003,MED002,505,74,93,22.7,18
23-06-2025,PHC003,MED002,431,74,122,30.3,37
24-06-2025,PHC003,MED002,364,67,113,26.4,30
25-06-2025,PHC003,MED002,956,92,116,22.1,22
26-06-2025,PHC003,MED002,854,102,117,25.7,22
27-06-2025,PHC003,MED002,787,67,113,20.7,28
28-06-2025,PHC003,MED002,684,103,126,22.1,33
29-06-2025,PHC003,MED002,588,96,124,21.6,43
01-01-2025,PHC003,MED003,1185,68,122,21.3,21
02-01-2025,PHC003,MED003,1130,55,129,24.6,39
03-01-2025,PHC003,MED003,1082,48,98,28.2,24
04-01-2025,PHC003,MED003,999,83,145,28.2,37
05-01-2025,PHC003,MED003,905,94,151,26.2,44
06-01-2025,PHC003,MED003,844,61,110,25.3,28
07-01-2025,PHC003,MED003,797,47,102,30.3,36
08-01-2025,PHC003,MED003,757,40,88,34.9,26
09-01-2025,PHC003,MED003,693,64,116,24.2,41
10-01-2025,PHC003,MED003,622,71,116,21.3,21
11-01-2025,PHC003,MED003,547,75,134,26.4,34
12-01-2025,PHC003,MED003,459,88,134,30.3,24
13-01-2025,PHC003,MED003,408,51,101,33.1,22
14-01-2025,PHC003,MED003,338,70,127,33.6,29
15-01-2025,PHC003,MED003,265,73,117,32.9,20
16-01-2025,PHC003,MED003,207,58,106,26.7,28
17-01-2025,PHC003,MED003,810,69,121,32.2,17
18-01-2025,PHC003,MED003,724,86,136,34.9,33
19-01-2025,PHC003,MED003,658,66,132,24.8,37
20-01-2025,PHC003,MED003,588,70,120,25,22
21-01-2025,PHC003,MED003,534,54,117,23.7,22
22-01-2025,PHC003,MED003,474,60,118,32.3,23
23-01-2025,PHC003,MED003,432,42,95,26.3,28
24-01-2025,PHC003,MED003,390,42,99,23.5,24
25-01-2025,PHC003,MED003,314,76,174,20.3,43
26-01-2025,PHC003,MED003,246,68,113,25.2,29
27-01-2025,PHC003,MED003,915,67,127,32.3,23
28-01-2025,PHC003,MED003,857,58,118,26.3,18
29-01-2025,PHC003,MED003,789,68,112,31.2,31
30-01-2025,PHC003,MED003,711,78,125,30.4,36
31-01-2025,PHC003,MED003,666,45,105,21.6,27
01-02-2025,PHC003,MED003,602,64,118,22.2,27
02-02-2025,PHC003,MED003,522,80,133,20.2,36
03-02-2025,PHC003,MED003,481,41,96,22.1,24
04-02-2025,PHC003,MED003,445,36,74,27.1,16
05-02-2025,PHC003,MED003,399,46,94,21.7,22
06-02-2025,PHC003,MED003,332,67,130,29.1,35
07-02-2025,PHC003,MED003,269,63,117,34.2,25
08-02-2025,PHC003,MED003,215,54,103,23.9,27
09-02-2025,PHC003,MED003,473,89,120,24.1,31
10-02-2025,PHC003,MED003,437,36,68,21.9,15
11-02-2025,PHC003,MED003,366,71,130,31.2,33
12-02-2025,PHC003,MED003,328,38,83,32.2,17
13-02-2025,PHC003,MED003,281,47,112,22.5,22
14-02-2025,PHC003,MED003,219,62,117,22.9,22
15-02-2025,PHC003,MED003,597,66,130,20.4,24
16-02-2025,PHC003,MED003,499,98,130,23.2,34
17-02-2025,PHC003,MED003,437,62,112,33.9,29
18-02-2025,PHC003,MED003,360,77,110,28.6,29
19-02-2025,PHC003,MED003,296,64,122,21.4,28
20-02-2025,PHC003,MED003,240,56,94,31.3,36
21-02-2025,PHC003,MED003,545,61,105,25.3,24
22-02-2025,PHC003,MED003,470,75,124,26.1,28
23-02-2025,PHC003,MED003,402,68,119,28.8,30
24-02-2025,PHC003,MED003,353,49,95,32.8,28
25-02-2025,PHC003,MED003,287,66,118,21.4,19
26-02-2025,PHC003,MED003,239,48,103,32.1,15
27-02-2025,PHC003,MED003,180,59,88,27.7,28
28-02-2025,PHC003,MED003,602,51,107,34,19
01-03-2025,PHC003,MED003,495,107,148,34.1,35
02-03-2025,PHC003,MED003,408,87,149,30.2,39
03-03-2025,PHC003,MED003,344,64,161,28.5,30
04-03-2025,PHC003,MED003,286,58,116,20.2,28
05-03-2025,PHC003,MED003,246,40,97,33.4,30
06-03-2025,PHC003,MED003,200,46,93,22.5,23
07-03-2025,PHC003,MED003,809,54,115,21.1,24
08-03-2025,PHC003,MED003,736,73,128,27.1,28
09-03-2025,PHC003,MED003,650,86,157,21.9,37
10-03-2025,PHC003,MED003,607,43,106,32.9,25
11-03-2025,PHC003,MED003,545,62,127,25.5,34
12-03-2025,PHC003,MED003,483,62,130,25.6,22
13-03-2025,PHC003,MED003,424,59,93,30.2,22
14-03-2025,PHC003,MED003,376,48,94,31.1,18
15-03-2025,PHC003,MED003,284,92,154,24.4,48
16-03-2025,PHC003,MED003,213,71,134,21.1,37
17-03-2025,PHC003,MED003,906,67,120,29.6,34
18-03-2025,PHC003,MED003,834,72,113,22.7,26
19-03-2025,PHC003,MED003,760,74,133,26,29
20-03-2025,PHC003,MED003,694,66,122,29.1,32
21-03-2025,PHC003,MED003,618,76,134,28.2,37
22-03-2025,PHC003,MED003,563,55,134,23.2,32
23-03-2025,PHC003,MED003,501,62,108,32.1,27
24-03-2025,PHC003,MED003,437,64,120,23.2,16
25-03-2025,PHC003,MED003,385,52,113,23.8,28
26-03-2025,PHC003,MED003,312,73,113,24.1,30
27-03-2025,PHC003,MED003,243,69,125,23.2,26
28-03-2025,PHC003,MED003,967,69,117,20.8,27
29-03-2025,PHC003,MED003,901,66,116,25.2,29
30-03-2025,PHC003,MED003,826,75,111,30.3,30
31-03-2025,PHC003,MED003,746,80,129,25.8,27
01-04-2025,PHC003,MED003,669,77,136,29,34
02-04-2025,PHC003,MED003,614,55,120,34.8,26
03-04-2025,PHC003,MED003,551,63,132,31.1,29
04-04-2025,PHC003,MED003,492,59,117,33,26
05-04-2025,PHC003,MED003,403,89,156,26.1,47
06-04-2025,PHC003,MED003,326,77,126,21.9,22
07-04-2025,PHC003,MED003,288,38,72,21.5,22
08-04-2025,PHC003,MED003,700,81,150,22.5,31
09-04-2025,PHC003,MED003,651,49,112,22.9,31
10-04-2025,PHC003,MED003,610,41,76,24.5,15
11-04-2025,PHC003,MED003,582,28,100,21.9,33
12-04-2025,PHC003,MED003,504,78,126,32.4,27
13-04-2025,PHC003,MED003,445,59,90,25,28
14-04-2025,PHC003,MED003,387,58,102,22.4,21
15-04-2025,PHC003,MED003,340,47,98,29.9,26
16-04-2025,PHC003,MED003,306,34,90,33.6,19
17-04-2025,PHC003,MED003,245,61,115,32.6,30
18-04-2025,PHC003,MED003,189,56,111,31.2,29
19-04-2025,PHC003,MED003,777,53,113,29.5,23
20-04-2025,PHC003,MED003,693,84,125,23.3,29
21-04-2025,PHC003,MED003,646,47,95,22.9,25
22-04-2025,PHC003,MED003,591,55,111,26.2,38
23-04-2025,PHC003,MED003,520,71,120,31.1,22
24-04-2025,PHC003,MED003,456,64,110,33.2,28
25-04-2025,PHC003,MED003,404,52,107,31.9,36
26-04-2025,PHC003,MED003,329,75,132,20.2,37
27-04-2025,PHC003,MED003,712,88,134,32.3,37
28-04-2025,PHC003,MED003,657,55,91,26.5,25
29-04-2025,PHC003,MED003,608,49,95,29.2,22
30-04-2025,PHC003,MED003,550,58,113,34.1,33
01-05-2025,PHC003,MED003,507,43,91,26,27
02-05-2025,PHC003,MED003,438,69,118,21.9,30
03-05-2025,PHC003,MED003,356,82,141,25.9,39
04-05-2025,PHC003,MED003,306,50,93,24.8,24
05-05-2025,PHC003,MED003,250,56,112,20.2,28
06-05-2025,PHC003,MED003,205,45,101,34.6,20
07-05-2025,PHC003,MED003,841,62,106,31,26
08-05-2025,PHC003,MED003,784,57,107,33.5,24
09-05-2025,PHC003,MED003,730,54,104,23.7,31
10-05-2025,PHC003,MED003,682,48,100,24.1,25
11-05-2025,PHC003,MED003,601,81,145,29.6,33
12-05-2025,PHC003,MED003,545,56,106,21.6,19
13-05-2025,PHC003,MED003,498,47,103,21.4,36
14-05-2025,PHC003,MED003,447,51,110,27.4,30
15-05-2025,PHC003,MED003,378,69,115,34.4,29
16-05-2025,PHC003,MED003,312,66,120,33.6,26
17-05-2025,PHC003,MED003,840,82,129,20.2,29
18-05-2025,PHC003,MED003,758,82,144,25.1,37
19-05-2025,PHC003,MED003,709,49,82,29,33
20-05-2025,PHC003,MED003,648,61,110,29.1,27
21-05-2025,PHC003,MED003,599,49,92,31.4,21
22-05-2025,PHC003,MED003,535,64,124,22.1,31
23-05-2025,PHC003,MED003,468,67,129,21.9,36
24-05-2025,PHC003,MED003,377,91,136,29.8,40
25-05-2025,PHC003,MED003,301,76,99,26.5,26
26-05-2025,PHC003,MED003,245,56,98,32.7,24
27-05-2025,PHC003,MED003,188,57,102,21.5,12
28-05-2025,PHC003,MED003,658,51,90,30.8,24
29-05-2025,PHC003,MED003,589,69,121,31.2,26
30-05-2025,PHC003,MED003,545,44,90,28.5,18
31-05-2025,PHC003,MED003,481,64,111,21,32
01-06-2025,PHC003,MED003,409,72,129,24.4,25
02-06-2025,PHC003,MED003,351,58,120,34.5,23
03-06-2025,PHC003,MED003,290,61,112,31.9,29
04-06-2025,PHC003,MED003,245,45,106,29.9,28
05-06-2025,PHC003,MED003,644,69,128,20.2,35
06-06-2025,PHC003,MED003,587,57,114,24.8,34
07-06-2025,PHC003,MED003,504,83,132,23.3,32
08-06-2025,PHC003,MED003,440,64,104,34.2,23
09-06-2025,PHC003,MED003,399,41,89,30.2,15
10-06-2025,PHC003,MED003,351,48,84,23,24
11-06-2025,PHC003,MED003,291,60,115,21.8,32
12-06-2025,PHC003,MED003,245,46,90,28.9,24
13-06-2025,PHC003,MED003,186,59,113,28.6,36
14-06-2025,PHC003,MED003,672,87,143,22,35
15-06-2025,PHC003,MED003,599,73,125,29.7,32
16-06-2025,PHC003,MED003,540,59,116,32,29
17-06-2025,PHC003,MED003,495,45,98,28.3,24
18-06-2025,PHC003,MED003,444,51,102,25.9,31
19-06-2025,PHC003,MED003,408,36,94,21.8,31
20-06-2025,PHC003,MED003,357,51,95,20.4,28
21-06-2025,PHC003,MED003,275,82,127,30.3,35
22-06-2025,PHC003,MED003,959,78,118,22.9,30
23-06-2025,PHC003,MED003,906,53,101,30.3,24
24-06-2025,PHC003,MED003,825,81,139,20.6,38
25-06-2025,PHC003,MED003,754,71,113,31.9,27
26-06-2025,PHC003,MED003,707,47,93,33.9,28
27-06-2025,PHC003,MED003,647,60,106,28.8,25
28-06-2025,PHC003,MED003,564,83,145,29.6,27
29-06-2025,PHC003,MED003,486,78,110,27.4,27
01-01-2025,PHC003,MED004,734,53,99,23.4,32
02-01-2025,PHC003,MED004,662,72,122,33.1,36
03-01-2025,PHC003,MED004,594,68,96,23.1,17
04-01-2025,PHC003,MED004,501,93,145,23.2,37
05-01-2025,PHC003,MED004,415,86,130,21.6,29
06-01-2025,PHC003,MED004,346,69,129,31.4,22
07-01-2025,PHC003,MED004,304,42,103,22.3,30
08-01-2025,PHC003,MED004,236,68,109,34.6,28
09-01-2025,PHC003,MED004,549,71,122,31.7,26
10-01-2025,PHC003,MED004,500,49,121,28.7,25
11-01-2025,PHC003,MED004,408,92,139,21.6,38
12-01-2025,PHC003,MED004,323,85,128,27.1,28
13-01-2025,PHC003,MED004,274,49,96,21.8,23
14-01-2025,PHC003,MED004,207,67,105,26.5,27
15-01-2025,PHC003,MED004,918,64,101,25.5,29
16-01-2025,PHC003,MED004,850,68,114,26,24
17-01-2025,PHC003,MED004,805,45,94,27.4,20
18-01-2025,PHC003,MED004,737,68,135,23.3,26
19-01-2025,PHC003,MED004,646,91,130,24,32
20-01-2025,PHC003,MED004,570,76,112,30.7,29
21-01-2025,PHC003,MED004,505,65,104,31,27
22-01-2025,PHC003,MED004,434,71,101,25.2,27
23-01-2025,PHC003,MED004,365,69,105,31,32
24-01-2025,PHC003,MED004,304,61,119,24.6,28
25-01-2025,PHC003,MED004,966,98,135,24.7,31
26-01-2025,PHC003,MED004,870,96,130,30,20
27-01-2025,PHC003,MED004,803,67,107,34.6,27
28-01-2025,PHC003,MED004,743,60,103,25.3,25
29-01-2025,PHC003,MED004,680,63,109,33.1,27
30-01-2025,PHC003,MED004,613,67,110,24.4,35
31-01-2025,PHC003,MED004,551,62,112,31.3,33
01-02-2025,PHC003,MED004,484,67,119,27.4,31
02-02-2025,PHC003,MED004,411,73,115,30,33
03-02-2025,PHC003,MED004,348,63,126,25,33
04-02-2025,PHC003,MED004,296,52,88,33,21
05-02-2025,PHC003,MED004,236,60,95,29.6,22
06-02-2025,PHC003,MED004,477,74,119,23.3,33
07-02-2025,PHC003,MED004,404,73,109,34.6,27
08-02-2025,PHC003,MED004,321,83,110,22.9,33
09-02-2025,PHC003,MED004,247,74,120,30.2,39
10-02-2025,PHC003,MED004,831,63,123,34.4,27
11-02-2025,PHC003,MED004,765,66,108,28.8,24
12-02-2025,PHC003,MED004,708,57,121,22.9,28
13-02-2025,PHC003,MED004,655,53,98,31.9,25
14-02-2025,PHC003,MED004,606,49,85,25.2,17
15-02-2025,PHC003,MED004,525,81,127,30.2,34
16-02-2025,PHC003,MED004,444,81,114,28.4,27
17-02-2025,PHC003,MED004,370,74,124,26.8,34
18-02-2025,PHC003,MED004,304,66,115,21.9,37
19-02-2025,PHC003,MED004,228,76,110,20.7,21
20-02-2025,PHC003,MED004,175,53,130,31.8,40
21-02-2025,PHC003,MED004,491,57,109,30.7,15
22-02-2025,PHC003,MED004,392,99,136,28.8,33
23-02-2025,PHC003,MED004,302,90,131,32.2,28
24-02-2025,PHC003,MED004,239,63,99,34.5,20
25-02-2025,PHC003,MED004,811,75,116,28.5,27
26-02-2025,PHC003,MED004,734,77,129,22.1,25
27-02-2025,PHC003,MED004,673,61,98,24.6,21
28-02-2025,PHC003,MED004,609,64,99,26.9,35
01-03-2025,PHC003,MED004,510,99,150,27.9,38
02-03-2025,PHC003,MED004,440,70,120,30.3,24
03-03-2025,PHC003,MED004,370,70,120,26.9,17
04-03-2025,PHC003,MED004,305,65,112,31.5,27
05-03-2025,PHC003,MED004,250,55,114,28.7,35
06-03-2025,PHC003,MED004,196,54,95,33.5,28
07-03-2025,PHC003,MED004,676,56,106,30.1,27
08-03-2025,PHC003,MED004,585,91,137,26.9,24
09-03-2025,PHC003,MED004,515,70,128,25,35
10-03-2025,PHC003,MED004,449,66,120,27.2,32
11-03-2025,PHC003,MED004,396,53,114,31.1,28
12-03-2025,PHC003,MED004,329,67,119,22.2,30
13-03-2025,PHC003,MED004,268,61,92,32.8,24
14-03-2025,PHC003,MED004,852,68,105,34.8,30
15-03-2025,PHC003,MED004,765,87,127,22.3,32
16-03-2025,PHC003,MED004,671,94,139,23.7,30
17-03-2025,PHC003,MED004,607,64,112,33.9,23
18-03-2025,PHC003,MED004,546,61,104,22.8,31
19-03-2025,PHC003,MED004,453,93,138,26.6,34
20-03-2025,PHC003,MED004,388,65,105,22.2,24
21-03-2025,PHC003,MED004,329,59,111,27.7,27
22-03-2025,PHC003,MED004,248,81,123,27.2,27
23-03-2025,PHC003,MED004,661,84,133,24.1,29
24-03-2025,PHC003,MED004,600,61,107,26.3,24
25-03-2025,PHC003,MED004,532,68,111,20.2,21
26-03-2025,PHC003,MED004,473,59,103,33.4,32
27-03-2025,PHC003,MED004,421,52,106,27,37
28-03-2025,PHC003,MED004,367,54,107,34.7,22
29-03-2025,PHC003,MED004,764,102,149,30.6,32
30-03-2025,PHC003,MED004,691,73,117,22.3,28
31-03-2025,PHC003,MED004,632,59,93,22.1,13
01-04-2025,PHC003,MED004,557,75,114,33.9,21
02-04-2025,PHC003,MED004,489,68,121,29.1,17
03-04-2025,PHC003,MED004,426,63,120,27.6,37
04-04-2025,PHC003,MED004,379,47,100,28.7,22
05-04-2025,PHC003,MED004,302,77,102,21,20
06-04-2025,PHC003,MED004,850,99,131,27.5,33
07-04-2025,PHC003,MED004,800,50,84,34.7,22
08-04-2025,PHC003,MED004,739,61,87,22.6,22
09-04-2025,PHC003,MED004,656,83,129,26.3,26
10-04-2025,PHC003,MED004,579,77,118,21.1,36
11-04-2025,PHC003,MED004,510,69,111,32.6,20
12-04-2025,PHC003,MED004,441,69,120,34.8,28
13-04-2025,PHC003,MED004,372,69,117,23.8,27
14-04-2025,PHC003,MED004,303,69,114,32.2,29
15-04-2025,PHC003,MED004,246,57,113,28.7,25
16-04-2025,PHC003,MED004,666,64,93,33.4,25
17-04-2025,PHC003,MED004,608,58,112,33,21
18-04-2025,PHC003,MED004,537,71,129,27.9,40
19-04-2025,PHC003,MED004,460,77,130,32.4,35
20-04-2025,PHC003,MED004,387,73,126,32,39
21-04-2025,PHC003,MED004,338,49,90,33.1,25
22-04-2025,PHC003,MED004,276,62,106,27.5,24
23-04-2025,PHC003,MED004,922,78,127,20.3,33
24-04-2025,PHC003,MED004,854,68,98,21,24
25-04-2025,PHC003,MED004,790,64,137,21.1,24
26-04-2025,PHC003,MED004,718,72,113,26,33
27-04-2025,PHC003,MED004,644,74,148,21.7,39
28-04-2025,PHC003,MED004,573,71,116,25.1,28
29-04-2025,PHC003,MED004,502,71,109,31.5,31
30-04-2025,PHC003,MED004,448,54,124,30,29
01-05-2025,PHC003,MED004,368,80,117,21.1,26
02-05-2025,PHC003,MED004,325,43,99,20.5,22
03-05-2025,PHC003,MED004,808,99,162,29,39
04-05-2025,PHC003,MED004,730,78,122,30.8,27
05-05-2025,PHC003,MED004,667,63,123,23.4,34
06-05-2025,PHC003,MED004,615,52,123,23.4,32
07-05-2025,PHC003,MED004,549,66,113,31.7,27
08-05-2025,PHC003,MED004,468,81,129,20.3,26
09-05-2025,PHC003,MED004,408,60,95,25.7,24
10-05-2025,PHC003,MED004,317,91,143,21.8,33
11-05-2025,PHC003,MED004,261,56,102,25.3,18
12-05-2025,PHC003,MED004,690,82,137,20.2,34
13-05-2025,PHC003,MED004,649,41,109,31.9,16
14-05-2025,PHC003,MED004,597,52,90,32.2,30
15-05-2025,PHC003,MED004,524,73,116,22.7,30
16-05-2025,PHC003,MED004,464,60,113,24.4,26
17-05-2025,PHC003,MED004,383,81,113,21.8,24
18-05-2025,PHC003,MED004,299,84,131,31,27
19-05-2025,PHC003,MED004,251,48,89,23.3,30
20-05-2025,PHC003,MED004,212,39,75,29.8,19
21-05-2025,PHC003,MED004,918,55,98,30.5,23
22-05-2025,PHC003,MED004,844,74,109,27.3,16
23-05-2025,PHC003,MED004,771,73,139,32.6,39
24-05-2025,PHC003,MED004,689,82,124,30.9,28
25-05-2025,PHC003,MED004,619,70,127,23.5,30
26-05-2025,PHC003,MED004,549,70,119,32.5,30
27-05-2025,PHC003,MED004,483,66,107,24.5,33
28-05-2025,PHC003,MED004,425,58,108,20.3,30
29-05-2025,PHC003,MED004,374,51,98,23.4,28
30-05-2025,PHC003,MED004,302,72,125,20.5,24
31-05-2025,PHC003,MED004,945,81,129,33.7,20
01-06-2025,PHC003,MED004,883,62,112,28.9,35
02-06-2025,PHC003,MED004,830,53,110,32.4,22
03-06-2025,PHC003,MED004,779,51,116,20.9,27
04-06-2025,PHC003,MED004,719,60,121,30.8,33
05-06-2025,PHC003,MED004,675,44,83,28.6,25
06-06-2025,PHC003,MED004,631,44,93,22.4,20
07-06-2025,PHC003,MED004,542,89,143,20.2,38
08-06-2025,PHC003,MED004,454,88,137,21.3,22
09-06-2025,PHC003,MED004,375,79,128,29.2,29
10-06-2025,PHC003,MED004,318,57,95,31.7,29
11-06-2025,PHC003,MED004,262,56,90,24.8,27
12-06-2025,PHC003,MED004,208,54,109,26.9,30
13-06-2025,PHC003,MED004,555,64,116,32.7,34
14-06-2025,PHC003,MED004,475,80,109,21.2,30
15-06-2025,PHC003,MED004,402,73,115,23.9,33
16-06-2025,PHC003,MED004,337,65,112,27.4,24
17-06-2025,PHC003,MED004,277,60,119,23.5,34
18-06-2025,PHC003,MED004,223,54,104,27.6,23
19-06-2025,PHC003,MED004,591,64,114,34.3,25
20-06-2025,PHC003,MED004,520,71,112,32.7,27
21-06-2025,PHC003,MED004,444,76,111,21.6,31
22-06-2025,PHC003,MED004,360,84,119,21.2,29
23-06-2025,PHC003,MED004,297,63,128,21.1,35
24-06-2025,PHC003,MED004,244,53,99,20.4,26
25-06-2025,PHC003,MED004,187,57,101,25.6,35
26-06-2025,PHC003,MED004,496,67,121,20.5,28
27-06-2025,PHC003,MED004,426,70,119,29.1,30
28-06-2025,PHC003,MED004,350,76,132,31.7,27
29-06-2025,PHC003,MED004,574,92,125,32.5,29
01-01-2025,PHC003,MED005,1130,42,107,35,21
02-01-2025,PHC003,MED005,1089,41,112,27.6,31
03-01-2025,PHC003,MED005,1054,35,93,26.3,20
04-01-2025,PHC003,MED005,1011,43,97,27.1,22
05-01-2025,PHC003,MED005,960,51,110,24,26
06-01-2025,PHC003,MED005,918,42,99,31.5,24
07-01-2025,PHC003,MED005,877,41,99,31.2,28
08-01-2025,PHC003,MED005,843,34,117,25.4,28
09-01-2025,PHC003,MED005,808,35,99,33.7,29
10-01-2025,PHC003,MED005,770,38,93,28.5,18
11-01-2025,PHC003,MED005,710,60,130,28.1,30
12-01-2025,PHC003,MED005,661,49,111,23.9,25
13-01-2025,PHC003,MED005,632,29,107,21.2,30
14-01-2025,PHC003,MED005,584,48,130,31.6,26
15-01-2025,PHC003,MED005,527,57,134,20.2,27
16-01-2025,PHC003,MED005,484,43,118,31.1,18
17-01-2025,PHC003,MED005,445,39,112,26.5,28
18-01-2025,PHC003,MED005,399,46,84,33.8,27
19-01-2025,PHC003,MED005,346,53,138,26,31
20-01-2025,PHC003,MED005,298,48,101,33.5,33
21-01-2025,PHC003,MED005,254,44,92,34.9,19
22-01-2025,PHC003,MED005,202,52,116,26.1,25
23-01-2025,PHC003,MED005,171,31,82,24.3,23
24-01-2025,PHC003,MED005,896,54,111,33.7,31
25-01-2025,PHC003,MED005,849,47,117,20.1,29
26-01-2025,PHC003,MED005,793,56,114,22.7,24
27-01-2025,PHC003,MED005,748,45,107,31.6,22
28-01-2025,PHC003,MED005,693,55,127,27.9,37
29-01-2025,PHC003,MED005,667,26,75,24.3,18
30-01-2025,PHC003,MED005,615,52,126,34.2,32
31-01-2025,PHC003,MED005,569,46,127,26.5,26
01-02-2025,PHC003,MED005,493,76,156,22.5,37
02-02-2025,PHC003,MED005,432,61,122,23.4,36
03-02-2025,PHC003,MED005,369,63,141,21.6,34
04-02-2025,PHC003,MED005,332,37,111,21.4,31
05-02-2025,PHC003,MED005,286,46,104,20.6,29
06-02-2025,PHC003,MED005,249,37,124,22.9,27
07-02-2025,PHC003,MED005,202,47,112,34.2,25
08-02-2025,PHC003,MED005,165,37,111,21.9,30
09-02-2025,PHC003,MED005,875,45,136,21.8,31
10-02-2025,PHC003,MED005,828,47,99,33,26
11-02-2025,PHC003,MED005,782,46,108,21.2,30
12-02-2025,PHC003,MED005,741,41,116,24.9,21
13-02-2025,PHC003,MED005,702,39,109,31.7,23
14-02-2025,PHC003,MED005,671,31,106,33.9,22
15-02-2025,PHC003,MED005,613,58,140,32.6,36
16-02-2025,PHC003,MED005,563,50,110,20.5,18
17-02-2025,PHC003,MED005,516,47,108,34.1,30
18-02-2025,PHC003,MED005,471,45,104,22.3,22
19-02-2025,PHC003,MED005,433,38,87,33.1,21
20-02-2025,PHC003,MED005,374,59,138,31.2,31
21-02-2025,PHC003,MED005,330,44,110,22.7,24
22-02-2025,PHC003,MED005,284,46,116,25.7,30
23-02-2025,PHC003,MED005,229,55,115,22.7,21
24-02-2025,PHC003,MED005,195,34,106,24.4,29
25-02-2025,PHC003,MED005,494,50,112,27.2,24
26-02-2025,PHC003,MED005,445,49,117,33.5,41
27-02-2025,PHC003,MED005,405,40,94,26.4,19
28-02-2025,PHC003,MED005,356,49,126,29.9,42
01-03-2025,PHC003,MED005,277,79,138,32.6,41
02-03-2025,PHC003,MED005,210,67,139,30.3,29
03-03-2025,PHC003,MED005,744,53,112,26.1,30
04-03-2025,PHC003,MED005,706,38,111,24.8,23
05-03-2025,PHC003,MED005,652,54,120,24,21
06-03-2025,PHC003,MED005,612,40,108,32.3,22
07-03-2025,PHC003,MED005,565,47,124,23.1,28
08-03-2025,PHC003,MED005,524,41,100,29.2,16
09-03-2025,PHC003,MED005,458,66,144,32,43
10-03-2025,PHC003,MED005,407,51,129,33.7,36
11-03-2025,PHC003,MED005,376,31,91,25.4,19
12-03-2025,PHC003,MED005,329,47,112,28,30
13-03-2025,PHC003,MED005,299,30,101,25,28
14-03-2025,PHC003,MED005,252,47,115,34.1,36
15-03-2025,PHC003,MED005,195,57,127,26,33
16-03-2025,PHC003,MED005,566,55,117,24.5,29
17-03-2025,PHC003,MED005,510,56,135,32.2,41
18-03-2025,PHC003,MED005,463,47,99,32.3,28
19-03-2025,PHC003,MED005,425,38,89,30.6,27
20-03-2025,PHC003,MED005,393,32,109,31.1,26
21-03-2025,PHC003,MED005,348,45,101,25.9,30
22-03-2025,PHC003,MED005,294,54,141,31.8,26
23-03-2025,PHC003,MED005,221,73,137,21.5,32
24-03-2025,PHC003,MED005,172,49,129,25.6,30
25-03-2025,PHC003,MED005,782,49,114,24.3,25
26-03-2025,PHC003,MED005,746,36,99,20.3,23
27-03-2025,PHC003,MED005,696,50,110,21.6,23
28-03-2025,PHC003,MED005,647,49,116,26,42
29-03-2025,PHC003,MED005,584,63,140,25,28
30-03-2025,PHC003,MED005,508,76,141,21.4,22
31-03-2025,PHC003,MED005,451,57,136,22.1,30
01-04-2025,PHC003,MED005,417,34,97,30.8,20
02-04-2025,PHC003,MED005,381,36,105,24.7,26
03-04-2025,PHC003,MED005,345,36,105,24.8,28
04-04-2025,PHC003,MED005,305,40,103,31.3,33
05-04-2025,PHC003,MED005,250,55,131,24.7,26
06-04-2025,PHC003,MED005,206,44,115,32.9,27
07-04-2025,PHC003,MED005,163,43,116,21.6,28
08-04-2025,PHC003,MED005,128,35,96,31.2,24
09-04-2025,PHC003,MED005,463,52,118,34.6,34
10-04-2025,PHC003,MED005,423,40,113,22.1,23
11-04-2025,PHC003,MED005,361,62,121,20.1,26
12-04-2025,PHC003,MED005,306,55,159,24.1,37
13-04-2025,PHC003,MED005,252,54,112,28.5,37
14-04-2025,PHC003,MED005,214,38,120,34.3,26
15-04-2025,PHC003,MED005,175,39,95,27.1,28
16-04-2025,PHC003,MED005,146,29,123,33.9,30
17-04-2025,PHC003,MED005,639,47,122,27.1,37
18-04-2025,PHC003,MED005,585,54,118,24.7,42
19-04-2025,PHC003,MED005,523,62,135,28.1,40
20-04-2025,PHC003,MED005,461,62,131,25.3,29
21-04-2025,PHC003,MED005,417,44,100,29.4,23
22-04-2025,PHC003,MED005,384,33,104,28.8,30
23-04-2025,PHC003,MED005,343,41,102,26,32
24-04-2025,PHC003,MED005,293,50,128,22.3,30
25-04-2025,PHC003,MED005,241,52,108,23.9,22
26-04-2025,PHC003,MED005,181,60,142,25,28
27-04-2025,PHC003,MED005,756,67,129,24.2,25
28-04-2025,PHC003,MED005,724,32,81,20,23
29-04-2025,PHC003,MED005,680,44,111,33.9,31
30-04-2025,PHC003,MED005,637,43,104,21.2,25
01-05-2025,PHC003,MED005,598,39,118,32.1,28
02-05-2025,PHC003,MED005,545,53,117,23.6,26
03-05-2025,PHC003,MED005,505,40,106,30.6,31
04-05-2025,PHC003,MED005,436,69,149,29.1,36
05-05-2025,PHC003,MED005,393,43,112,29.5,30
06-05-2025,PHC003,MED005,345,48,118,30.4,24
07-05-2025,PHC003,MED005,304,41,110,33.5,30
08-05-2025,PHC003,MED005,271,33,102,31.6,32
09-05-2025,PHC003,MED005,224,47,101,29.3,29
10-05-2025,PHC003,MED005,173,51,102,34,27
11-05-2025,PHC003,MED005,576,65,136,25.4,33
12-05-2025,PHC003,MED005,522,54,128,23.8,35
13-05-2025,PHC003,MED005,472,50,128,20.5,28
14-05-2025,PHC003,MED005,419,53,126,23.8,38
15-05-2025,PHC003,MED005,381,38,81,32.3,10
16-05-2025,PHC003,MED005,348,33,83,27.4,27
17-05-2025,PHC003,MED005,303,45,96,31.3,25
18-05-2025,PHC003,MED005,244,59,122,22.3,40
19-05-2025,PHC003,MED005,210,34,107,22,16
20-05-2025,PHC003,MED005,506,53,124,20.9,37
21-05-2025,PHC003,MED005,464,42,117,32.8,26
22-05-2025,PHC003,MED005,422,42,89,33.5,18
23-05-2025,PHC003,MED005,375,47,117,34.8,27
24-05-2025,PHC003,MED005,321,54,112,26.2,35
25-05-2025,PHC003,MED005,262,59,123,22.9,29
26-05-2025,PHC003,MED005,217,45,101,20.7,24
27-05-2025,PHC003,MED005,185,32,92,26.1,18
28-05-2025,PHC003,MED005,150,35,88,28.4,26
29-05-2025,PHC003,MED005,432,63,122,32.5,34
30-05-2025,PHC003,MED005,377,55,127,30.9,33
31-05-2025,PHC003,MED005,317,60,134,34.5,39
01-06-2025,PHC003,MED005,268,49,100,21.2,25
02-06-2025,PHC003,MED005,233,35,108,32.6,23
03-06-2025,PHC003,MED005,195,38,84,22,24
04-06-2025,PHC003,MED005,556,54,132,22.7,35
05-06-2025,PHC003,MED005,513,43,120,23,32
06-06-2025,PHC003,MED005,462,51,121,26.6,29
07-06-2025,PHC003,MED005,392,70,134,27.8,27
08-06-2025,PHC003,MED005,321,71,137,22.6,27
09-06-2025,PHC003,MED005,275,46,103,34.9,29
10-06-2025,PHC003,MED005,241,34,90,30.2,25
11-06-2025,PHC003,MED005,194,47,123,31.1,36
12-06-2025,PHC003,MED005,151,43,107,23.2,32
13-06-2025,PHC003,MED005,649,45,121,29.5,35
14-06-2025,PHC003,MED005,592,57,139,25.6,39
15-06-2025,PHC003,MED005,525,67,140,29.4,42
16-06-2025,PHC003,MED005,484,41,111,26.3,27
17-06-2025,PHC003,MED005,424,60,128,24.6,40
18-06-2025,PHC003,MED005,382,42,100,20.3,25
19-06-2025,PHC003,MED005,346,36,94,26,18
20-06-2025,PHC003,MED005,304,42,115,25.6,25
21-06-2025,PHC003,MED005,905,89,145,33.2,32
22-06-2025,PHC003,MED005,837,68,157,21.6,34
23-06-2025,PHC003,MED005,793,44,115,22.5,22
24-06-2025,PHC003,MED005,748,45,116,29,32
25-06-2025,PHC003,MED005,712,36,92,22.1,29
26-06-2025,PHC003,MED005,665,47,96,20.8,16
27-06-2025,PHC003,MED005,609,56,124,25.9,33
28-06-2025,PHC003,MED005,556,53,105,23,28
29-06-2025,PHC003,MED005,476,80,137,26.5,38
01-01-2025,PHC004,MED001,564,93,109,25.6,18
02-01-2025,PHC004,MED001,442,122,122,30.5,23
03-01-2025,PHC004,MED001,664,127,139,32.5,30
04-01-2025,PHC004,MED001,528,136,114,34,25
05-01-2025,PHC004,MED001,401,127,127,24.2,34
06-01-2025,PHC004,MED001,318,83,93,25.2,18
07-01-2025,PHC004,MED001,633,105,101,20.4,13
08-01-2025,PHC004,MED001,512,121,114,32.3,25
09-01-2025,PHC004,MED001,416,96,101,33.7,19
10-01-2025,PHC004,MED001,767,122,114,26.5,29
11-01-2025,PHC004,MED001,627,140,131,22.3,34
12-01-2025,PHC004,MED001,833,185,159,34.3,35
13-01-2025,PHC004,MED001,707,126,132,32.5,39
14-01-2025,PHC004,MED001,591,116,122,32.9,29
15-01-2025,PHC004,MED001,482,109,121,24.8,29
16-01-2025,PHC004,MED001,362,120,114,34.4,22
17-01-2025,PHC004,MED001,872,99,99,24.5,29
18-01-2025,PHC004,MED001,731,141,160,27.5,43
19-01-2025,PHC004,MED001,554,177,143,32.7,28
20-01-2025,PHC004,MED001,418,136,119,31.4,32
21-01-2025,PHC004,MED001,700,150,124,20.1,29
22-01-2025,PHC004,MED001,559,141,113,30.9,31
23-01-2025,PHC004,MED001,427,132,116,24.2,29
24-01-2025,PHC004,MED001,694,162,132,30.3,25
25-01-2025,PHC004,MED001,540,154,118,31.5,32
26-01-2025,PHC004,MED001,804,188,140,26.7,33
27-01-2025,PHC004,MED001,671,133,107,25.4,21
28-01-2025,PHC004,MED001,532,139,126,21.4,31
29-01-2025,PHC004,MED001,415,117,117,26.5,22
30-01-2025,PHC004,MED001,987,155,160,32.4,38
31-01-2025,PHC004,MED001,832,155,146,28.5,32
01-02-2025,PHC004,MED001,668,164,142,30.9,42
02-02-2025,PHC004,MED001,514,154,141,27.7,33
03-02-2025,PHC004,MED001,418,96,107,26,23
04-02-2025,PHC004,MED001,1059,126,130,30.8,40
05-02-2025,PHC004,MED001,945,114,114,22.9,26
06-02-2025,PHC004,MED001,822,123,119,27.7,33
07-02-2025,PHC004,MED001,725,97,111,27.1,29
08-02-2025,PHC004,MED001,564,161,139,31.2,29
09-02-2025,PHC004,MED001,441,123,126,33.6,28
10-02-2025,PHC004,MED001,679,128,115,26.1,25
11-02-2025,PHC004,MED001,541,138,122,31.9,29
12-02-2025,PHC004,MED001,428,113,116,23.4,27
13-02-2025,PHC004,MED001,332,96,110,29.1,21
14-02-2025,PHC004,MED001,825,92,105,28.9,27
15-02-2025,PHC004,MED001,668,157,134,25.2,38
16-02-2025,PHC004,MED001,518,150,123,31.1,32
17-02-2025,PHC004,MED001,1121,133,143,20.5,33
18-02-2025,PHC004,MED001,998,123,115,27.3,27
19-02-2025,PHC004,MED001,893,105,120,24.6,29
20-02-2025,PHC004,MED001,759,134,120,27,24
21-02-2025,PHC004,MED001,633,126,137,26.2,29
22-02-2025,PHC004,MED001,960,165,141,24.3,26
23-02-2025,PHC004,MED001,853,107,93,29.1,25
24-02-2025,PHC004,MED001,704,149,124,23.3,29
25-02-2025,PHC004,MED001,572,132,119,31.7,31
26-02-2025,PHC004,MED001,448,124,119,26.1,24
27-02-2025,PHC004,MED001,345,103,105,25.4,22
28-02-2025,PHC004,MED001,765,154,145,34.4,42
01-03-2025,PHC004,MED001,616,149,125,26.1,27
02-03-2025,PHC004,MED001,945,175,139,33.9,30
03-03-2025,PHC004,MED001,784,161,146,25,35
04-03-2025,PHC004,MED001,691,93,111,33.6,28
05-03-2025,PHC004,MED001,562,129,135,29.5,38
06-03-2025,PHC004,MED001,433,129,114,29.3,26
07-03-2025,PHC004,MED001,350,83,120,24.9,28
08-03-2025,PHC004,MED001,859,171,138,27.1,40
09-03-2025,PHC004,MED001,715,144,146,25.8,29
10-03-2025,PHC004,MED001,627,88,110,33.7,27
11-03-2025,PHC004,MED001,485,142,126,30.7,31
12-03-2025,PHC004,MED001,879,141,123,21,33
13-03-2025,PHC004,MED001,735,144,124,34.8,31
14-03-2025,PHC004,MED001,586,149,132,27.5,20
15-03-2025,PHC004,MED001,906,216,151,22.4,32
16-03-2025,PHC004,MED001,755,151,137,31.2,32
17-03-2025,PHC004,MED001,650,105,106,25.8,20
18-03-2025,PHC004,MED001,544,106,128,33.3,19
19-03-2025,PHC004,MED001,454,90,115,30.7,16
20-03-2025,PHC004,MED001,350,104,94,20.9,27
21-03-2025,PHC004,MED001,1031,93,94,26,23
22-03-2025,PHC004,MED001,886,145,117,26.4,28
23-03-2025,PHC004,MED001,677,209,144,31.3,35
24-03-2025,PHC004,MED001,565,112,127,26.2,33
25-03-2025,PHC004,MED001,424,141,148,21.5,37
26-03-2025,PHC004,MED001,747,110,116,33.5,27
27-03-2025,PHC004,MED001,602,145,121,25,26
28-03-2025,PHC004,MED001,481,121,109,24.1,28
29-03-2025,PHC004,MED001,901,168,140,33.2,33
30-03-2025,PHC004,MED001,729,172,130,34.2,35
31-03-2025,PHC004,MED001,580,149,138,24.4,29
01-04-2025,PHC004,MED001,469,111,119,22.2,22
02-04-2025,PHC004,MED001,798,126,134,23.2,32
03-04-2025,PHC004,MED001,709,89,122,25.5,31
04-04-2025,PHC004,MED001,595,114,119,33.5,24
05-04-2025,PHC004,MED001,935,153,160,28.8,38
06-04-2025,PHC004,MED001,796,139,138,22.5,38
07-04-2025,PHC004,MED001,656,140,111,33.5,27
08-04-2025,PHC004,MED001,524,132,123,23.4,28
09-04-2025,PHC004,MED001,417,107,116,31.8,37
10-04-2025,PHC004,MED001,1032,115,109,33.6,16
11-04-2025,PHC004,MED001,894,138,120,31.8,20
12-04-2025,PHC004,MED001,748,146,124,29.4,30
13-04-2025,PHC004,MED001,1104,219,155,24.1,36
14-04-2025,PHC004,MED001,1017,87,113,20.8,37
15-04-2025,PHC004,MED001,908,109,110,23.8,25
16-04-2025,PHC004,MED001,817,91,97,30.3,22
17-04-2025,PHC004,MED001,705,112,116,29.1,29
18-04-2025,PHC004,MED001,560,145,118,21,32
19-04-2025,PHC004,MED001,973,184,153,20.9,34
20-04-2025,PHC004,MED001,786,187,158,33.2,37
21-04-2025,PHC004,MED001,656,130,145,21.1,39
22-04-2025,PHC004,MED001,529,127,122,28.8,28
23-04-2025,PHC004,MED001,442,87,110,20.1,25
24-04-2025,PHC004,MED001,922,121,134,29.6,32
25-04-2025,PHC004,MED001,763,159,127,26.8,25
26-04-2025,PHC004,MED001,611,152,138,22.6,29
27-04-2025,PHC004,MED001,477,134,120,34.3,29
28-04-2025,PHC004,MED001,764,171,149,28.4,37
29-04-2025,PHC004,MED001,642,122,115,31.3,27
30-04-2025,PHC004,MED001,525,117,122,27.4,35
01-05-2025,PHC004,MED001,849,151,131,30.1,40
02-05-2025,PHC004,MED001,732,117,137,22.7,30
03-05-2025,PHC004,MED001,590,142,143,23.2,27
04-05-2025,PHC004,MED001,1049,153,138,24.5,32
05-05-2025,PHC004,MED001,921,128,126,24.9,38
06-05-2025,PHC004,MED001,782,139,134,29.9,34
07-05-2025,PHC004,MED001,684,98,112,27.1,33
08-05-2025,PHC004,MED001,584,100,111,23.9,27
09-05-2025,PHC004,MED001,449,135,146,25.6,32
10-05-2025,PHC004,MED001,870,167,161,24.6,42
11-05-2025,PHC004,MED001,764,106,126,31.4,34
12-05-2025,PHC004,MED001,597,167,143,34.6,30
13-05-2025,PHC004,MED001,470,127,121,30.6,29
14-05-2025,PHC004,MED001,1014,160,143,24.8,34
15-05-2025,PHC004,MED001,902,112,106,31.1,30
16-05-2025,PHC004,MED001,798,104,100,21.1,21
17-05-2025,PHC004,MED001,665,133,151,34.1,44
18-05-2025,PHC004,MED001,537,128,118,25.9,37
19-05-2025,PHC004,MED001,698,169,143,23.7,33
20-05-2025,PHC004,MED001,564,134,119,24.1,35
21-05-2025,PHC004,MED001,451,113,97,21.7,32
22-05-2025,PHC004,MED001,658,170,139,26.2,30
23-05-2025,PHC004,MED001,536,122,134,28.6,28
24-05-2025,PHC004,MED001,943,178,132,29.9,30
25-05-2025,PHC004,MED001,791,152,126,20.3,30
26-05-2025,PHC004,MED001,693,98,115,24.7,30
27-05-2025,PHC004,MED001,538,155,140,26.7,26
28-05-2025,PHC004,MED001,415,123,114,25,23
29-05-2025,PHC004,MED001,660,116,110,23.8,20
30-05-2025,PHC004,MED001,549,111,117,32.1,25
31-05-2025,PHC004,MED001,956,182,147,20.9,27
01-06-2025,PHC004,MED001,802,154,137,27.6,33
02-06-2025,PHC004,MED001,697,105,128,27.4,23
03-06-2025,PHC004,MED001,606,91,111,34.6,27
04-06-2025,PHC004,MED001,482,124,124,32,24
05-06-2025,PHC004,MED001,378,104,115,34.9,34
06-06-2025,PHC004,MED001,1013,115,120,26.5,21
07-06-2025,PHC004,MED001,839,174,154,25,41
08-06-2025,PHC004,MED001,667,172,146,26.8,42
09-06-2025,PHC004,MED001,580,87,96,26,33
10-06-2025,PHC004,MED001,455,125,114,25.8,35
11-06-2025,PHC004,MED001,1004,144,121,28.8,36
12-06-2025,PHC004,MED001,889,115,113,30,33
13-06-2025,PHC004,MED001,768,121,101,33,18
14-06-2025,PHC004,MED001,589,179,153,23.1,45
15-06-2025,PHC004,MED001,448,141,141,31.7,27
16-06-2025,PHC004,MED001,366,82,84,24.9,17
17-06-2025,PHC004,MED001,659,145,130,26.4,33
18-06-2025,PHC004,MED001,502,157,124,31.6,42
19-06-2025,PHC004,MED001,377,125,125,34.2,33
20-06-2025,PHC004,MED001,746,155,150,32.8,39
21-06-2025,PHC004,MED001,568,178,143,25.7,33
22-06-2025,PHC004,MED001,735,195,141,22.6,33
23-06-2025,PHC004,MED001,615,120,108,34.1,28
24-06-2025,PHC004,MED001,500,115,119,34.9,25
25-06-2025,PHC004,MED001,920,140,125,27.2,36
26-06-2025,PHC004,MED001,775,145,133,20.1,36
27-06-2025,PHC004,MED001,674,101,106,34.2,29
28-06-2025,PHC004,MED001,523,151,147,32.7,32
29-06-2025,PHC004,MED001,805,259,196,25.8,55
01-01-2025,PHC004,MED002,424,92,132,29.7,31
02-01-2025,PHC004,MED002,696,107,128,21.9,32
03-01-2025,PHC004,MED002,607,89,131,20.6,37
04-01-2025,PHC004,MED002,508,99,132,29.3,32
05-01-2025,PHC004,MED002,394,114,145,22.6,31
06-01-2025,PHC004,MED002,321,73,119,25.5,32
07-01-2025,PHC004,MED002,702,110,144,20.4,32
08-01-2025,PHC004,MED002,608,94,135,24.8,37
09-01-2025,PHC004,MED002,495,113,123,33.3,26
10-01-2025,PHC004,MED002,403,92,127,25.7,33
11-01-2025,PHC004,MED002,618,132,123,22.4,27
12-01-2025,PHC004,MED002,494,124,141,34.5,33
13-01-2025,PHC004,MED002,433,61,105,33.5,27
14-01-2025,PHC004,MED002,335,98,131,27.1,32
15-01-2025,PHC004,MED002,266,69,130,24.8,30
16-01-2025,PHC004,MED002,911,80,111,27.4,26
17-01-2025,PHC004,MED002,797,114,126,23.3,28
18-01-2025,PHC004,MED002,646,151,164,21.4,41
19-01-2025,PHC004,MED002,546,100,113,21.6,34
20-01-2025,PHC004,MED002,455,91,130,34.6,30
21-01-2025,PHC004,MED002,357,98,111,28.7,22
22-01-2025,PHC004,MED002,270,87,103,29.9,29
23-01-2025,PHC004,MED002,519,75,89,20.5,16
24-01-2025,PHC004,MED002,460,59,112,20.2,31
25-01-2025,PHC004,MED002,355,105,119,23.6,22
26-01-2025,PHC004,MED002,971,129,140,22.8,25
27-01-2025,PHC004,MED002,867,104,128,26.8,26
28-01-2025,PHC004,MED002,758,109,141,24.2,32
29-01-2025,PHC004,MED002,653,105,124,25.1,19
30-01-2025,PHC004,MED002,575,78,113,28.2,30
31-01-2025,PHC004,MED002,500,75,109,25.1,20
01-02-2025,PHC004,MED002,734,130,138,34.5,29
02-02-2025,PHC004,MED002,570,164,172,32.5,50
03-02-2025,PHC004,MED002,463,107,136,26.8,37
04-02-2025,PHC004,MED002,395,68,87,34.5,17
05-02-2025,PHC004,MED002,328,67,119,27.7,34
06-02-2025,PHC004,MED002,792,105,134,31.6,39
07-02-2025,PHC004,MED002,690,102,144,32.9,33
08-02-2025,PHC004,MED002,591,99,112,25.4,26
09-02-2025,PHC004,MED002,446,145,174,21.5,38
10-02-2025,PHC004,MED002,338,108,131,29.3,38
11-02-2025,PHC004,MED002,986,91,99,29.1,31
12-02-2025,PHC004,MED002,904,82,122,34.5,32
13-02-2025,PHC004,MED002,809,95,129,27.1,27
14-02-2025,PHC004,MED002,712,97,110,24.5,34
15-02-2025,PHC004,MED002,592,120,149,31,35
16-02-2025,PHC004,MED002,465,127,134,31.3,32
17-02-2025,PHC004,MED002,1136,129,133,34.6,40
18-02-2025,PHC004,MED002,1049,87,121,29.7,39
19-02-2025,PHC004,MED002,956,93,126,34.5,32
20-02-2025,PHC004,MED002,869,87,115,21.9,39
21-02-2025,PHC004,MED002,798,71,84,30.1,24
22-02-2025,PHC004,MED002,678,120,138,21.8,33
23-02-2025,PHC004,MED002,561,117,145,29.9,32
24-02-2025,PHC004,MED002,473,88,118,31.1,31
25-02-2025,PHC004,MED002,381,92,122,25.1,41
26-02-2025,PHC004,MED002,288,93,114,25.7,43
27-02-2025,PHC004,MED002,848,94,116,33.1,22
28-02-2025,PHC004,MED002,749,99,132,24.4,28
01-03-2025,PHC004,MED002,662,87,137,33,32
02-03-2025,PHC004,MED002,550,112,140,27.4,44
03-03-2025,PHC004,MED002,473,77,105,31.5,28
04-03-2025,PHC004,MED002,382,91,134,33.6,26
05-03-2025,PHC004,MED002,308,74,110,25.3,25
06-03-2025,PHC004,MED002,733,97,144,27.3,36
07-03-2025,PHC004,MED002,653,80,115,31.7,27
08-03-2025,PHC004,MED002,552,101,133,32.6,27
09-03-2025,PHC004,MED002,431,121,151,29,42
10-03-2025,PHC004,MED002,363,68,98,34.3,19
11-03-2025,PHC004,MED002,286,77,117,30.1,29
12-03-2025,PHC004,MED002,890,99,133,25.9,30
13-03-2025,PHC004,MED002,807,83,106,33,21
14-03-2025,PHC004,MED002,706,101,135,32.1,34
15-03-2025,PHC004,MED002,605,101,122,22.7,33
16-03-2025,PHC004,MED002,496,109,129,24.4,28
17-03-2025,PHC004,MED002,397,99,122,25.4,20
18-03-2025,PHC004,MED002,314,83,114,34.5,24
19-03-2025,PHC004,MED002,877,130,146,29.5,33
20-03-2025,PHC004,MED002,793,84,123,31.6,27
21-03-2025,PHC004,MED002,698,95,116,32.2,25
22-03-2025,PHC004,MED002,581,117,155,25,30
23-03-2025,PHC004,MED002,481,100,122,32.4,32
24-03-2025,PHC004,MED002,379,102,139,29.6,39
25-03-2025,PHC004,MED002,924,117,136,24,35
26-03-2025,PHC004,MED002,845,79,107,26.6,27
27-03-2025,PHC004,MED002,744,101,127,22.8,32
28-03-2025,PHC004,MED002,659,85,114,29.6,34
29-03-2025,PHC004,MED002,496,163,157,21.1,42
30-03-2025,PHC004,MED002,744,126,158,33.7,43
31-03-2025,PHC004,MED002,680,64,95,26,22
01-04-2025,PHC004,MED002,580,100,126,34.3,30
02-04-2025,PHC004,MED002,504,76,91,21.2,20
03-04-2025,PHC004,MED002,422,82,136,20.6,33
04-04-2025,PHC004,MED002,328,94,114,32.5,27
05-04-2025,PHC004,MED002,515,119,149,23.4,36
06-04-2025,PHC004,MED002,920,142,130,32.9,28
07-04-2025,PHC004,MED002,837,83,128,28.3,27
08-04-2025,PHC004,MED002,764,73,114,29.4,32
09-04-2025,PHC004,MED002,662,102,152,31.2,29
10-04-2025,PHC004,MED002,609,53,79,25.6,21
11-04-2025,PHC004,MED002,519,90,149,24.8,30
12-04-2025,PHC004,MED002,775,170,168,34.8,48
13-04-2025,PHC004,MED002,613,162,144,21.4,29
14-04-2025,PHC004,MED002,549,64,99,21.6,23
15-04-2025,PHC004,MED002,464,85,125,25.2,28
16-04-2025,PHC004,MED002,408,56,81,24,21
17-04-2025,PHC004,MED002,314,94,129,26.6,27
18-04-2025,PHC004,MED002,857,89,117,26.7,30
19-04-2025,PHC004,MED002,710,147,151,33,39
20-04-2025,PHC004,MED002,562,148,156,28.5,46
21-04-2025,PHC004,MED002,473,89,143,30.7,33
22-04-2025,PHC004,MED002,391,82,122,23.2,44
23-04-2025,PHC004,MED002,318,73,102,30.1,27
24-04-2025,PHC004,MED002,809,85,137,22.2,42
25-04-2025,PHC004,MED002,696,113,140,32.9,34
26-04-2025,PHC004,MED002,593,103,137,31.6,34
27-04-2025,PHC004,MED002,459,134,143,26.2,36
28-04-2025,PHC004,MED002,360,99,129,34.8,40
29-04-2025,PHC004,MED002,613,95,122,33.9,29
30-04-2025,PHC004,MED002,533,80,107,34.2,32
01-05-2025,PHC004,MED002,449,84,109,30.4,30
02-05-2025,PHC004,MED002,348,101,131,30.6,36
03-05-2025,PHC004,MED002,862,117,151,22.8,33
04-05-2025,PHC004,MED002,750,112,145,31.3,33
05-05-2025,PHC004,MED002,661,89,117,29.1,29
06-05-2025,PHC004,MED002,569,92,120,34.5,27
07-05-2025,PHC004,MED002,459,110,119,25.8,29
08-05-2025,PHC004,MED002,375,84,126,34.3,22
09-05-2025,PHC004,MED002,1024,97,128,22.7,38
10-05-2025,PHC004,MED002,902,122,152,25.6,36
11-05-2025,PHC004,MED002,775,127,145,32.7,41
12-05-2025,PHC004,MED002,707,68,103,29.3,27
13-05-2025,PHC004,MED002,572,135,149,31.9,33
14-05-2025,PHC004,MED002,466,106,144,30.2,38
15-05-2025,PHC004,MED002,379,87,113,21.5,26
16-05-2025,PHC004,MED002,289,90,128,26.8,28
17-05-2025,PHC004,MED002,497,125,123,31.8,22
18-05-2025,PHC004,MED002,1089,126,131,23.6,30
19-05-2025,PHC004,MED002,994,95,94,20.6,24
20-05-2025,PHC004,MED002,887,107,136,29.9,24
21-05-2025,PHC004,MED002,780,107,121,32.7,23
22-05-2025,PHC004,MED002,687,93,132,30.5,38
23-05-2025,PHC004,MED002,615,72,95,29.6,22
24-05-2025,PHC004,MED002,498,117,146,29.4,36
25-05-2025,PHC004,MED002,397,101,126,27.4,34
26-05-2025,PHC004,MED002,301,96,121,27.5,25
27-05-2025,PHC004,MED002,580,117,123,30.3,26
28-05-2025,PHC004,MED002,481,99,130,28.8,36
29-05-2025,PHC004,MED002,376,105,135,29.6,30
30-05-2025,PHC004,MED002,293,83,102,22.8,29
31-05-2025,PHC004,MED002,726,135,143,32.4,35
01-06-2025,PHC004,MED002,637,89,121,30.2,33
02-06-2025,PHC004,MED002,540,97,130,26.9,33
03-06-2025,PHC004,MED002,429,111,130,27.4,29
04-06-2025,PHC004,MED002,369,60,102,20.7,22
05-06-2025,PHC004,MED002,895,111,142,33.6,38
06-06-2025,PHC004,MED002,777,118,131,34.8,24
07-06-2025,PHC004,MED002,642,135,136,20.7,27
08-06-2025,PHC004,MED002,507,135,145,30,39
09-06-2025,PHC004,MED002,434,73,110,29.4,18
10-06-2025,PHC004,MED002,340,94,129,31,42
11-06-2025,PHC004,MED002,987,114,143,24.2,31
12-06-2025,PHC004,MED002,872,115,130,23.8,40
13-06-2025,PHC004,MED002,775,97,122,21.9,38
14-06-2025,PHC004,MED002,643,132,136,21.7,32
15-06-2025,PHC004,MED002,494,149,161,22.5,45
16-06-2025,PHC004,MED002,407,87,118,30.7,17
17-06-2025,PHC004,MED002,994,102,109,23.9,25
18-06-2025,PHC004,MED002,871,123,141,33.3,41
19-06-2025,PHC004,MED002,784,87,114,34.9,25
20-06-2025,PHC004,MED002,694,90,113,23.4,28
21-06-2025,PHC004,MED002,604,90,130,23.6,33
22-06-2025,PHC004,MED002,495,109,126,22.1,27
23-06-2025,PHC004,MED002,411,84,118,22.8,37
24-06-2025,PHC004,MED002,1091,106,123,28.5,34
25-06-2025,PHC004,MED002,994,97,116,26.9,28
26-06-2025,PHC004,MED002,884,110,124,25.7,30
27-06-2025,PHC004,MED002,780,104,114,25,29
28-06-2025,PHC004,MED002,644,136,138,26.6,33
29-06-2025,PHC004,MED002,526,118,121,28.2,29
01-01-2025,PHC004,MED003,761,64,142,26.1,38
02-01-2025,PHC004,MED003,683,78,116,25.6,34
03-01-2025,PHC004,MED003,623,60,125,23.5,33
04-01-2025,PHC004,MED003,546,77,151,21.8,41
05-01-2025,PHC004,MED003,443,103,142,28.5,42
06-01-2025,PHC004,MED003,382,61,130,29.7,42
07-01-2025,PHC004,MED003,318,64,116,26.7,35
08-01-2025,PHC004,MED003,268,50,97,34.8,20
09-01-2025,PHC004,MED003,225,43,88,22.3,25
10-01-2025,PHC004,MED003,946,74,117,22.6,33
11-01-2025,PHC004,MED003,864,82,129,22.4,34
12-01-2025,PHC004,MED003,783,81,122,26.2,30
13-01-2025,PHC004,MED003,694,89,142,34.8,28
14-01-2025,PHC004,MED003,609,85,135,33.3,35
15-01-2025,PHC004,MED003,557,52,104,34.3,27
16-01-2025,PHC004,MED003,491,66,123,27.9,29
17-01-2025,PHC004,MED003,410,81,121,28.5,38
18-01-2025,PHC004,MED003,334,76,131,27,33
19-01-2025,PHC004,MED003,776,98,156,25.6,32
20-01-2025,PHC004,MED003,691,85,134,24.5,39
21-01-2025,PHC004,MED003,608,83,133,29.4,25
22-01-2025,PHC004,MED003,539,69,123,25.8,27
23-01-2025,PHC004,MED003,477,62,111,26.6,27
24-01-2025,PHC004,MED003,421,56,106,31.2,24
25-01-2025,PHC004,MED003,332,89,130,26,31
26-01-2025,PHC004,MED003,605,93,129,33,27
27-01-2025,PHC004,MED003,533,72,122,29.2,24
28-01-2025,PHC004,MED003,475,58,102,21.5,24
29-01-2025,PHC004,MED003,397,78,123,33.8,31
30-01-2025,PHC004,MED003,322,75,110,25.4,37
31-01-2025,PHC004,MED003,248,74,119,24.6,17
01-02-2025,PHC004,MED003,607,114,147,26.7,32
02-02-2025,PHC004,MED003,543,64,135,21.5,29
03-02-2025,PHC004,MED003,478,65,108,28,29
04-02-2025,PHC004,MED003,437,41,114,28.3,26
05-02-2025,PHC004,MED003,384,53,128,34.6,28
06-02-2025,PHC004,MED003,320,64,116,26.7,26
07-02-2025,PHC004,MED003,253,67,112,22.6,24
08-02-2025,PHC004,MED003,528,118,161,32.3,41
09-02-2025,PHC004,MED003,444,84,130,27.4,31
10-02-2025,PHC004,MED003,374,70,114,25.1,24
11-02-2025,PHC004,MED003,292,82,128,30.2,35
12-02-2025,PHC004,MED003,840,76,126,34,30
13-02-2025,PHC004,MED003,762,78,118,34.2,26
14-02-2025,PHC004,MED003,664,98,138,32,37
15-02-2025,PHC004,MED003,569,95,141,32.8,32
16-02-2025,PHC004,MED003,464,105,143,27.8,39
17-02-2025,PHC004,MED003,402,62,111,23.6,29
18-02-2025,PHC004,MED003,324,78,114,26.5,33
19-02-2025,PHC004,MED003,261,63,126,21.2,31
20-02-2025,PHC004,MED003,205,56,113,34.7,27
21-02-2025,PHC004,MED003,639,60,103,33.6,30
22-02-2025,PHC004,MED003,565,74,121,24.1,35
23-02-2025,PHC004,MED003,469,96,148,26.4,21
24-02-2025,PHC004,MED003,401,68,118,25.2,26
25-02-2025,PHC004,MED003,321,80,130,26.7,32
26-02-2025,PHC004,MED003,248,73,107,33.7,18
27-02-2025,PHC004,MED003,191,57,96,31.4,26
28-02-2025,PHC004,MED003,469,66,121,21,33
01-03-2025,PHC004,MED003,380,89,133,20.2,33
02-03-2025,PHC004,MED003,1025,101,149,29.3,27
03-03-2025,PHC004,MED003,953,72,138,25,41
04-03-2025,PHC004,MED003,883,70,110,20.8,21
05-03-2025,PHC004,MED003,806,77,146,30.8,39
06-03-2025,PHC004,MED003,729,77,134,30.3,36
07-03-2025,PHC004,MED003,642,87,143,22.9,30
08-03-2025,PHC004,MED003,552,90,148,27.4,29
09-03-2025,PHC004,MED003,487,65,122,32.9,29
10-03-2025,PHC004,MED003,425,62,103,21.2,27
11-03-2025,PHC004,MED003,367,58,118,22.8,34
12-03-2025,PHC004,MED003,281,86,138,22.8,40
13-03-2025,PHC004,MED003,218,63,100,32.5,25
14-03-2025,PHC004,MED003,628,66,116,29.6,33
15-03-2025,PHC004,MED003,546,82,149,29.8,36
16-03-2025,PHC004,MED003,445,101,149,31.3,36
17-03-2025,PHC004,MED003,365,80,122,29.3,25
18-03-2025,PHC004,MED003,295,70,123,31.5,28
19-03-2025,PHC004,MED003,231,64,118,28.8,29
20-03-2025,PHC004,MED003,591,74,132,30.2,30
21-03-2025,PHC004,MED003,532,59,115,25.4,28
22-03-2025,PHC004,MED003,451,81,144,24.5,31
23-03-2025,PHC004,MED003,366,85,140,22.6,34
24-03-2025,PHC004,MED003,306,60,115,33.2,23
25-03-2025,PHC004,MED003,763,80,144,33,40
26-03-2025,PHC004,MED003,699,64,112,31.3,28
27-03-2025,PHC004,MED003,622,77,122,34.8,33
28-03-2025,PHC004,MED003,555,67,110,20.2,23
29-03-2025,PHC004,MED003,465,90,117,22.8,32
30-03-2025,PHC004,MED003,364,101,151,22.2,40
31-03-2025,PHC004,MED003,287,77,123,34.3,27
01-04-2025,PHC004,MED003,229,58,110,27.3,26
02-04-2025,PHC004,MED003,174,55,104,34.5,28
03-04-2025,PHC004,MED003,542,80,156,21,43
04-04-2025,PHC004,MED003,460,82,135,27.4,37
05-04-2025,PHC004,MED003,377,83,142,34.4,41
06-04-2025,PHC004,MED003,284,93,128,29.2,29
07-04-2025,PHC004,MED003,234,50,105,25.1,22
08-04-2025,PHC004,MED003,459,84,137,27.1,38
09-04-2025,PHC004,MED003,403,56,105,23.1,27
10-04-2025,PHC004,MED003,336,67,130,33.7,35
11-04-2025,PHC004,MED003,262,74,146,28.3,34
12-04-2025,PHC004,MED003,795,90,132,24.8,33
13-04-2025,PHC004,MED003,737,58,109,30.6,22
14-04-2025,PHC004,MED003,670,67,103,33.4,25
15-04-2025,PHC004,MED003,605,65,108,25.8,36
16-04-2025,PHC004,MED003,533,72,131,33.5,27
17-04-2025,PHC004,MED003,457,76,143,21,33
18-04-2025,PHC004,MED003,399,58,126,25.5,32
19-04-2025,PHC004,MED003,913,103,141,23.3,29
20-04-2025,PHC004,MED003,821,92,139,24.1,31
21-04-2025,PHC004,MED003,775,46,102,29.1,38
22-04-2025,PHC004,MED003,725,50,114,29,20
23-04-2025,PHC004,MED003,639,86,138,31,40
24-04-2025,PHC004,MED003,537,102,145,26.3,34
25-04-2025,PHC004,MED003,465,72,121,23.9,29
26-04-2025,PHC004,MED003,386,79,141,21.2,30
27-04-2025,PHC004,MED003,322,64,106,22.2,28
28-04-2025,PHC004,MED003,266,56,107,21.6,19
29-04-2025,PHC004,MED003,201,65,118,30.6,33
30-04-2025,PHC004,MED003,856,89,123,21.9,39
01-05-2025,PHC004,MED003,792,64,112,22.1,33
02-05-2025,PHC004,MED003,732,60,108,24.9,32
03-05-2025,PHC004,MED003,646,86,147,31.4,42
04-05-2025,PHC004,MED003,569,77,128,27.7,32
05-05-2025,PHC004,MED003,502,67,116,27.5,21
06-05-2025,PHC004,MED003,435,67,117,30.7,31
07-05-2025,PHC004,MED003,355,80,132,25.4,35
08-05-2025,PHC004,MED003,281,74,127,20.9,36
09-05-2025,PHC004,MED003,230,51,97,30.4,28
10-05-2025,PHC004,MED003,881,93,136,31.4,34
11-05-2025,PHC004,MED003,796,85,138,29.7,38
12-05-2025,PHC004,MED003,735,61,118,20.6,31
13-05-2025,PHC004,MED003,660,75,122,22.3,34
14-05-2025,PHC004,MED003,589,71,107,30.1,23
15-05-2025,PHC004,MED003,514,75,146,27.4,37
16-05-2025,PHC004,MED003,458,56,100,28.8,23
17-05-2025,PHC004,MED003,369,89,143,20.1,42
18-05-2025,PHC004,MED003,684,93,119,22.5,22
19-05-2025,PHC004,MED003,620,64,121,29.4,30
20-05-2025,PHC004,MED003,550,70,112,32.5,24
21-05-2025,PHC004,MED003,474,76,120,22.9,26
22-05-2025,PHC004,MED003,417,57,111,26.7,24
23-05-2025,PHC004,MED003,333,84,142,31.6,33
24-05-2025,PHC004,MED003,637,101,145,34,34
25-05-2025,PHC004,MED003,532,105,144,31.2,42
26-05-2025,PHC004,MED003,482,50,101,25.4,32
27-05-2025,PHC004,MED003,394,88,140,28.5,37
28-05-2025,PHC004,MED003,328,66,113,23.2,23
29-05-2025,PHC004,MED003,256,72,126,27.5,35
30-05-2025,PHC004,MED003,197,59,97,31.3,19
31-05-2025,PHC004,MED003,877,100,153,29,35
01-06-2025,PHC004,MED003,792,85,117,33.3,29
02-06-2025,PHC004,MED003,701,91,133,32.9,27
03-06-2025,PHC004,MED003,635,66,109,28.5,25
04-06-2025,PHC004,MED003,565,70,123,23.2,32
05-06-2025,PHC004,MED003,493,72,135,26.3,35
06-06-2025,PHC004,MED003,415,78,146,33.5,37
07-06-2025,PHC004,MED003,330,85,149,32,46
08-06-2025,PHC004,MED003,1013,93,148,31.2,47
09-06-2025,PHC004,MED003,950,63,117,21.7,32
10-06-2025,PHC004,MED003,886,64,118,33.3,24
11-06-2025,PHC004,MED003,824,62,109,20.9,33
12-06-2025,PHC004,MED003,761,63,116,26,25
13-06-2025,PHC004,MED003,688,73,123,22.6,25
14-06-2025,PHC004,MED003,551,137,170,29.8,43
15-06-2025,PHC004,MED003,481,70,131,23,30
16-06-2025,PHC004,MED003,409,72,118,34.4,36
17-06-2025,PHC004,MED003,358,51,141,20.7,41
18-06-2025,PHC004,MED003,308,50,93,28.4,19
19-06-2025,PHC004,MED003,264,44,95,24.3,21
20-06-2025,PHC004,MED003,958,67,132,32.3,35
21-06-2025,PHC004,MED003,859,99,134,22.2,29
22-06-2025,PHC004,MED003,778,81,137,22.6,29
23-06-2025,PHC004,MED003,696,82,130,32.2,30
24-06-2025,PHC004,MED003,632,64,120,28.1,24
25-06-2025,PHC004,MED003,566,66,132,25,24
26-06-2025,PHC004,MED003,499,67,110,31.3,31
27-06-2025,PHC004,MED003,430,69,113,32.9,33
28-06-2025,PHC004,MED003,343,87,124,28.1,26
29-06-2025,PHC004,MED003,259,84,131,32.2,33
01-01-2025,PHC004,MED004,613,97,127,32.4,27
02-01-2025,PHC004,MED004,562,51,89,28.6,16
03-01-2025,PHC004,MED004,490,72,120,34.1,36
04-01-2025,PHC004,MED004,420,70,116,24.9,30
05-01-2025,PHC004,MED004,340,80,146,34.1,32
06-01-2025,PHC004,MED004,262,78,116,26.1,29
07-01-2025,PHC004,MED004,205,57,120,29.6,27
08-01-2025,PHC004,MED004,836,75,128,20,34
09-01-2025,PHC004,MED004,731,105,147,27.4,35
10-01-2025,PHC004,MED004,651,80,109,24.5,24
11-01-2025,PHC004,MED004,547,104,144,34.3,42
12-01-2025,PHC004,MED004,438,109,141,32.4,34
13-01-2025,PHC004,MED004,349,89,118,26.8,27
14-01-2025,PHC004,MED004,735,89,145,29,35
15-01-2025,PHC004,MED004,673,62,112,26.4,30
16-01-2025,PHC004,MED004,605,68,111,27.4,26
17-01-2025,PHC004,MED004,527,78,133,20.5,34
18-01-2025,PHC004,MED004,439,88,110,21.5,22
19-01-2025,PHC004,MED004,331,108,130,25.3,26
20-01-2025,PHC004,MED004,256,75,117,27.3,30
21-01-2025,PHC004,MED004,822,100,134,28.2,30
22-01-2025,PHC004,MED004,741,81,132,25.7,31
23-01-2025,PHC004,MED004,675,66,110,27,33
24-01-2025,PHC004,MED004,598,77,137,29.2,32
25-01-2025,PHC004,MED004,482,116,157,28.9,43
26-01-2025,PHC004,MED004,381,101,135,22.7,31
27-01-2025,PHC004,MED004,319,62,117,32,35
28-01-2025,PHC004,MED004,628,80,115,27.8,28
29-01-2025,PHC004,MED004,545,83,130,22.4,30
30-01-2025,PHC004,MED004,454,91,133,32.6,35
31-01-2025,PHC004,MED004,376,78,126,20.1,36
01-02-2025,PHC004,MED004,308,68,111,20.7,34
02-02-2025,PHC004,MED004,730,105,144,30.2,40
03-02-2025,PHC004,MED004,681,49,111,21.7,32
04-02-2025,PHC004,MED004,607,74,124,34.7,33
05-02-2025,PHC004,MED004,535,72,118,26.4,20
06-02-2025,PHC004,MED004,475,60,112,25.5,17
07-02-2025,PHC004,MED004,402,73,116,30.5,34
08-02-2025,PHC004,MED004,307,95,144,33.2,36
09-02-2025,PHC004,MED004,589,88,124,33.9,27
10-02-2025,PHC004,MED004,516,73,127,28.6,33
11-02-2025,PHC004,MED004,450,66,106,23.9,31
12-02-2025,PHC004,MED004,372,78,144,22.8,39
13-02-2025,PHC004,MED004,285,87,130,22,32
14-02-2025,PHC004,MED004,849,76,120,20.9,29
15-02-2025,PHC004,MED004,740,109,131,24.6,32
16-02-2025,PHC004,MED004,645,95,143,23.7,31
17-02-2025,PHC004,MED004,577,68,121,23.2,27
18-02-2025,PHC004,MED004,493,84,129,29.4,37
19-02-2025,PHC004,MED004,434,59,116,22.2,24
20-02-2025,PHC004,MED004,352,82,121,34.8,24
21-02-2025,PHC004,MED004,280,72,124,29.4,27
22-02-2025,PHC004,MED004,622,122,164,26.1,37
23-02-2025,PHC004,MED004,525,97,134,30.1,33
24-02-2025,PHC004,MED004,426,99,134,29.1,31
25-02-2025,PHC004,MED004,352,74,102,31.9,30
26-02-2025,PHC004,MED004,702,97,137,31.3,29
27-02-2025,PHC004,MED004,612,90,137,29,32
28-02-2025,PHC004,MED004,542,70,103,30.6,28
01-03-2025,PHC004,MED004,454,88,113,24.2,32
02-03-2025,PHC004,MED004,370,84,112,25.1,16
03-03-2025,PHC004,MED004,315,55,103,27,34
04-03-2025,PHC004,MED004,265,50,95,32.6,24
05-03-2025,PHC004,MED004,208,57,110,31.8,24
06-03-2025,PHC004,MED004,733,90,129,30.4,35
07-03-2025,PHC004,MED004,667,66,117,24,26
08-03-2025,PHC004,MED004,580,87,137,27.7,38
09-03-2025,PHC004,MED004,471,109,168,25.2,47
10-03-2025,PHC004,MED004,409,62,110,27.8,36
11-03-2025,PHC004,MED004,325,84,126,31.5,24
12-03-2025,PHC004,MED004,250,75,127,31.5,30
13-03-2025,PHC004,MED004,859,99,142,24.8,31
14-03-2025,PHC004,MED004,796,63,103,21.8,27
15-03-2025,PHC004,MED004,690,106,126,29.5,31
16-03-2025,PHC004,MED004,609,81,122,32.1,39
17-03-2025,PHC004,MED004,549,60,131,26.9,30
18-03-2025,PHC004,MED004,471,78,114,21.1,31
19-03-2025,PHC004,MED004,392,79,130,21,27
20-03-2025,PHC004,MED004,301,91,125,27.4,27
21-03-2025,PHC004,MED004,238,63,113,26.3,30
22-03-2025,PHC004,MED004,668,93,134,29.4,47
23-03-2025,PHC004,MED004,561,107,139,22.7,32
24-03-2025,PHC004,MED004,491,70,103,20.8,32
25-03-2025,PHC004,MED004,422,69,110,31.8,23
26-03-2025,PHC004,MED004,320,102,141,23.1,31
27-03-2025,PHC004,MED004,249,71,108,29.4,31
28-03-2025,PHC004,MED004,618,67,117,23.5,34
29-03-2025,PHC004,MED004,529,89,125,23.5,35
30-03-2025,PHC004,MED004,888,137,158,31.4,40
31-03-2025,PHC004,MED004,770,118,155,34.3,40
01-04-2025,PHC004,MED004,687,83,141,34.7,39
02-04-2025,PHC004,MED004,594,93,137,23.3,42
03-04-2025,PHC004,MED004,526,68,111,22.6,28
04-04-2025,PHC004,MED004,441,85,127,28.7,32
05-04-2025,PHC004,MED004,349,92,126,23.2,28
06-04-2025,PHC004,MED004,262,87,142,31.1,34
07-04-2025,PHC004,MED004,204,58,105,25.7,30
08-04-2025,PHC004,MED004,707,65,117,31.8,33
09-04-2025,PHC004,MED004,641,66,119,27.6,30
10-04-2025,PHC004,MED004,555,86,131,21.2,33
11-04-2025,PHC004,MED004,479,76,132,22.5,26
12-04-2025,PHC004,MED004,368,111,144,30.7,33
13-04-2025,PHC004,MED004,829,127,150,33.2,34
14-04-2025,PHC004,MED004,744,85,115,26.8,29
15-04-2025,PHC004,MED004,674,70,125,25.2,26
16-04-2025,PHC004,MED004,613,61,132,21.3,31
17-04-2025,PHC004,MED004,527,86,120,25.5,33
18-04-2025,PHC004,MED004,435,92,120,29.7,34
19-04-2025,PHC004,MED004,341,94,116,32.7,23
20-04-2025,PHC004,MED004,593,95,136,33.7,34
21-04-2025,PHC004,MED004,531,62,106,23.8,22
22-04-2025,PHC004,MED004,451,80,118,26.5,31
23-04-2025,PHC004,MED004,367,84,127,26.1,29
24-04-2025,PHC004,MED004,296,71,125,28.6,36
25-04-2025,PHC004,MED004,755,81,126,33,21
26-04-2025,PHC004,MED004,669,86,126,23.5,41
27-04-2025,PHC004,MED004,557,112,142,30.7,32
28-04-2025,PHC004,MED004,482,75,123,21.9,32
29-04-2025,PHC004,MED004,409,73,96,30.8,25
30-04-2025,PHC004,MED004,309,100,149,32.8,37
01-05-2025,PHC004,MED004,239,70,122,20.3,24
02-05-2025,PHC004,MED004,532,74,120,22.3,31
03-05-2025,PHC004,MED004,433,99,139,25.5,41
04-05-2025,PHC004,MED004,343,90,122,30.7,22
05-05-2025,PHC004,MED004,258,85,131,20.6,38
06-05-2025,PHC004,MED004,861,83,119,27.3,28
07-05-2025,PHC004,MED004,816,45,105,26.1,30
08-05-2025,PHC004,MED004,749,67,114,29.1,32
09-05-2025,PHC004,MED004,687,62,115,31.3,20
10-05-2025,PHC004,MED004,591,96,136,32.1,28
11-05-2025,PHC004,MED004,493,98,144,25.5,42
12-05-2025,PHC004,MED004,401,92,140,25.6,30
13-05-2025,PHC004,MED004,340,61,116,20.2,32
14-05-2025,PHC004,MED004,927,96,129,31.9,38
15-05-2025,PHC004,MED004,827,100,137,25.9,41
16-05-2025,PHC004,MED004,740,87,145,26,39
17-05-2025,PHC004,MED004,621,119,135,23.1,29
18-05-2025,PHC004,MED004,492,129,166,29.6,41
19-05-2025,PHC004,MED004,390,102,132,25.3,35
20-05-2025,PHC004,MED004,327,63,103,24.4,27
21-05-2025,PHC004,MED004,560,101,128,20.6,26
22-05-2025,PHC004,MED004,480,80,117,33.8,27
23-05-2025,PHC004,MED004,389,91,144,22.2,49
24-05-2025,PHC004,MED004,293,96,127,27.8,35
25-05-2025,PHC004,MED004,642,96,153,32,39
26-05-2025,PHC004,MED004,548,94,125,28.8,25
27-05-2025,PHC004,MED004,473,75,139,26.5,29
28-05-2025,PHC004,MED004,400,73,118,27.6,21
29-05-2025,PHC004,MED004,323,77,129,32.4,32
30-05-2025,PHC004,MED004,246,77,141,22.2,34
31-05-2025,PHC004,MED004,473,95,139,29.3,31
01-06-2025,PHC004,MED004,932,132,149,22.9,33
02-06-2025,PHC004,MED004,865,67,130,33.2,40
03-06-2025,PHC004,MED004,787,78,129,34.9,35
04-06-2025,PHC004,MED004,711,76,122,30.9,31
05-06-2025,PHC004,MED004,646,65,110,30.1,30
06-06-2025,PHC004,MED004,571,75,137,32.2,39
07-06-2025,PHC004,MED004,448,123,159,34.3,35
08-06-2025,PHC004,MED004,362,86,122,33.5,27
09-06-2025,PHC004,MED004,297,65,99,30.2,23
10-06-2025,PHC004,MED004,241,56,116,24.2,23
11-06-2025,PHC004,MED004,644,65,102,27.3,25
12-06-2025,PHC004,MED004,558,86,132,34.6,31
13-06-2025,PHC004,MED004,492,66,120,23.9,22
14-06-2025,PHC004,MED004,380,112,147,32.7,31
15-06-2025,PHC004,MED004,828,129,175,21.5,40
16-06-2025,PHC004,MED004,768,60,105,26,26
17-06-2025,PHC004,MED004,683,85,115,34.2,29
18-06-2025,PHC004,MED004,607,76,107,33.9,19
19-06-2025,PHC004,MED004,523,84,126,34.7,26
20-06-2025,PHC004,MED004,481,42,113,24.6,32
21-06-2025,PHC004,MED004,381,100,143,23.2,40
22-06-2025,PHC004,MED004,889,98,128,23.6,33
23-06-2025,PHC004,MED004,813,76,107,21.2,24
24-06-2025,PHC004,MED004,733,80,143,20.1,40
25-06-2025,PHC004,MED004,644,89,116,32.1,40
26-06-2025,PHC004,MED004,582,62,92,20,10
27-06-2025,PHC004,MED004,500,82,127,30.3,36
28-06-2025,PHC004,MED004,832,137,145,28.6,32
29-06-2025,PHC004,MED004,695,137,146,21.2,50
01-01-2025,PHC004,MED005,496,44,99,22.9,18
02-01-2025,PHC004,MED005,440,56,133,28.9,35
03-01-2025,PHC004,MED005,396,44,106,32.5,22
04-01-2025,PHC004,MED005,330,66,144,29.7,32
05-01-2025,PHC004,MED005,264,66,136,29.1,31
06-01-2025,PHC004,MED005,221,43,117,30.4,33
07-01-2025,PHC004,MED005,170,51,125,27.6,26
08-01-2025,PHC004,MED005,834,69,143,23.5,28
09-01-2025,PHC004,MED005,783,51,115,23.6,32
10-01-2025,PHC004,MED005,724,59,127,21.8,37
11-01-2025,PHC004,MED005,635,89,151,22.2,41
12-01-2025,PHC004,MED005,571,64,150,30.8,34
13-01-2025,PHC004,MED005,515,56,113,29.7,29
14-01-2025,PHC004,MED005,473,42,113,23.1,18
15-01-2025,PHC004,MED005,421,52,116,22.3,29
16-01-2025,PHC004,MED005,364,57,125,23.8,40
17-01-2025,PHC004,MED005,317,47,127,29.9,37
18-01-2025,PHC004,MED005,1029,82,152,24.9,36
19-01-2025,PHC004,MED005,961,68,132,34.4,25
20-01-2025,PHC004,MED005,912,49,90,22.5,26
21-01-2025,PHC004,MED005,859,53,120,33.1,32
22-01-2025,PHC004,MED005,797,62,124,27.4,34
23-01-2025,PHC004,MED005,743,54,118,22.7,32
24-01-2025,PHC004,MED005,684,59,121,29.2,27
25-01-2025,PHC004,MED005,608,76,135,31.6,35
26-01-2025,PHC004,MED005,527,81,136,32.9,38
27-01-2025,PHC004,MED005,481,46,120,25.9,26
28-01-2025,PHC004,MED005,430,51,117,31.5,32
29-01-2025,PHC004,MED005,380,50,120,34.5,28
30-01-2025,PHC004,MED005,328,52,113,24.3,33
31-01-2025,PHC004,MED005,257,71,140,34.5,35
01-02-2025,PHC004,MED005,772,77,149,33.3,32
02-02-2025,PHC004,MED005,711,61,140,28.9,39
03-02-2025,PHC004,MED005,660,51,124,23.4,30
04-02-2025,PHC004,MED005,607,53,130,24,30
05-02-2025,PHC004,MED005,558,49,119,26,34
06-02-2025,PHC004,MED005,523,35,86,32,26
07-02-2025,PHC004,MED005,462,61,147,27.5,31
08-02-2025,PHC004,MED005,385,77,164,29.6,38
09-02-2025,PHC004,MED005,298,87,157,23.2,53
10-02-2025,PHC004,MED005,247,51,114,21.7,25
11-02-2025,PHC004,MED005,580,69,165,28.2,37
12-02-2025,PHC004,MED005,521,59,136,24.9,34
13-02-2025,PHC004,MED005,451,70,137,31,43
14-02-2025,PHC004,MED005,392,59,126,23.9,35
15-02-2025,PHC004,MED005,324,68,152,31.5,37
16-02-2025,PHC004,MED005,262,62,126,30.4,48
17-02-2025,PHC004,MED005,208,54,116,34.1,30
18-02-2025,PHC004,MED005,543,56,125,31.6,30
19-02-2025,PHC004,MED005,491,52,108,21.8,31
20-02-2025,PHC004,MED005,429,62,123,27,22
21-02-2025,PHC004,MED005,365,64,136,31.8,33
22-02-2025,PHC004,MED005,286,79,129,22.8,36
23-02-2025,PHC004,MED005,225,61,130,34.5,38
24-02-2025,PHC004,MED005,173,52,125,22.4,15
25-02-2025,PHC004,MED005,803,57,135,34.9,32
26-02-2025,PHC004,MED005,748,55,118,32.8,28
27-02-2025,PHC004,MED005,710,38,105,26,29
28-02-2025,PHC004,MED005,660,50,131,27.3,38
01-03-2025,PHC004,MED005,595,65,126,32.5,39
02-03-2025,PHC004,MED005,525,70,162,28.4,36
03-03-2025,PHC004,MED005,463,62,124,20.5,23
04-03-2025,PHC004,MED005,412,51,128,20.3,38
05-03-2025,PHC004,MED005,359,53,108,20.1,22
06-03-2025,PHC004,MED005,305,54,114,22,33
07-03-2025,PHC004,MED005,258,47,131,27.1,33
08-03-2025,PHC004,MED005,892,68,120,31.4,27
09-03-2025,PHC004,MED005,821,71,157,24.7,41
10-03-2025,PHC004,MED005,762,59,126,32.9,27
11-03-2025,PHC004,MED005,709,53,124,23.9,33
12-03-2025,PHC004,MED005,662,47,114,25.1,30
13-03-2025,PHC004,MED005,609,53,123,24.6,28
14-03-2025,PHC004,MED005,562,47,119,34.7,30
15-03-2025,PHC004,MED005,498,64,159,29,47
16-03-2025,PHC004,MED005,424,74,147,21.4,32
17-03-2025,PHC004,MED005,368,56,134,23.2,35
18-03-2025,PHC004,MED005,309,59,124,24.1,27
19-03-2025,PHC004,MED005,266,43,104,32.2,16
20-03-2025,PHC004,MED005,223,43,101,30.4,23
21-03-2025,PHC004,MED005,466,77,138,31.3,31
22-03-2025,PHC004,MED005,407,59,127,21.4,41
23-03-2025,PHC004,MED005,321,86,160,34.2,41
24-03-2025,PHC004,MED005,250,71,152,20.6,38
25-03-2025,PHC004,MED005,200,50,106,34.1,28
26-03-2025,PHC004,MED005,793,65,129,25,29
27-03-2025,PHC004,MED005,733,60,151,20.3,42
28-03-2025,PHC004,MED005,663,70,125,22.5,38
29-03-2025,PHC004,MED005,596,67,130,20.1,17
30-03-2025,PHC004,MED005,529,67,126,31.9,30
31-03-2025,PHC004,MED005,479,50,111,23.2,26
01-04-2025,PHC004,MED005,434,45,115,27.9,25
02-04-2025,PHC004,MED005,386,48,133,24.3,23
03-04-2025,PHC004,MED005,343,43,120,21.9,39
04-04-2025,PHC004,MED005,287,56,131,26.1,18
05-04-2025,PHC004,MED005,574,74,142,21.9,39
06-04-2025,PHC004,MED005,498,76,158,30.7,43
07-04-2025,PHC004,MED005,440,58,122,20.7,34
08-04-2025,PHC004,MED005,387,53,127,21.7,35
09-04-2025,PHC004,MED005,333,54,130,21.7,32
10-04-2025,PHC004,MED005,282,51,106,22.2,23
11-04-2025,PHC004,MED005,226,56,116,25.5,26
12-04-2025,PHC004,MED005,898,67,136,29.9,30
13-04-2025,PHC004,MED005,821,77,132,25.3,30
14-04-2025,PHC004,MED005,783,38,99,34.2,21
15-04-2025,PHC004,MED005,729,54,110,26.5,28
16-04-2025,PHC004,MED005,677,52,142,27.9,39
17-04-2025,PHC004,MED005,624,53,122,24.3,32
18-04-2025,PHC004,MED005,575,49,129,31.4,32
19-04-2025,PHC004,MED005,496,79,153,24.5,40
20-04-2025,PHC004,MED005,433,63,148,34.5,43
21-04-2025,PHC004,MED005,373,60,118,26.6,35
22-04-2025,PHC004,MED005,316,57,140,34.8,31
23-04-2025,PHC004,MED005,272,44,100,22.2,22
24-04-2025,PHC004,MED005,208,64,135,32.9,33
25-04-2025,PHC004,MED005,500,62,107,26.1,26
26-04-2025,PHC004,MED005,412,88,153,32.1,38
27-04-2025,PHC004,MED005,351,61,139,28.3,27
28-04-2025,PHC004,MED005,305,46,103,27.5,22
29-04-2025,PHC004,MED005,253,52,112,20.3,27
30-04-2025,PHC004,MED005,207,46,95,27.2,19
01-05-2025,PHC004,MED005,162,45,130,30.8,40
02-05-2025,PHC004,MED005,834,59,131,26,32
03-05-2025,PHC004,MED005,767,67,157,25.4,37
04-05-2025,PHC004,MED005,698,69,153,32.9,41
05-05-2025,PHC004,MED005,660,38,104,28,32
06-05-2025,PHC004,MED005,612,48,121,21.5,23
07-05-2025,PHC004,MED005,555,57,129,33,30
08-05-2025,PHC004,MED005,497,58,135,30.2,35
09-05-2025,PHC004,MED005,439,58,136,22,33
10-05-2025,PHC004,MED005,372,67,128,33.8,35
11-05-2025,PHC004,MED005,313,59,99,29.6,33
12-05-2025,PHC004,MED005,263,50,100,29.2,34
13-05-2025,PHC004,MED005,207,56,130,29,34
14-05-2025,PHC004,MED005,165,42,85,24.2,21
15-05-2025,PHC004,MED005,509,66,133,30.9,40
16-05-2025,PHC004,MED005,472,37,112,21.5,30
17-05-2025,PHC004,MED005,395,77,127,28.6,31
18-05-2025,PHC004,MED005,330,65,138,28.3,42
19-05-2025,PHC004,MED005,280,50,133,34.7,40
20-05-2025,PHC004,MED005,221,59,110,23.5,30
21-05-2025,PHC004,MED005,492,60,129,32.4,33
22-05-2025,PHC004,MED005,437,55,132,22,31
23-05-2025,PHC004,MED005,383,54,145,23.1,43
24-05-2025,PHC004,MED005,312,71,116,22.3,26
25-05-2025,PHC004,MED005,786,98,168,27.1,46
26-05-2025,PHC004,MED005,720,66,121,26.3,34
27-05-2025,PHC004,MED005,668,52,128,21.1,33
28-05-2025,PHC004,MED005,614,54,128,30.7,31
29-05-2025,PHC004,MED005,556,58,113,28,18
30-05-2025,PHC004,MED005,508,48,108,25,33
31-05-2025,PHC004,MED005,457,51,111,28.9,30
01-06-2025,PHC004,MED005,393,64,129,32.6,29
02-06-2025,PHC004,MED005,339,54,108,29.1,28
03-06-2025,PHC004,MED005,297,42,108,24.4,28
04-06-2025,PHC004,MED005,255,42,123,21.4,25
05-06-2025,PHC004,MED005,208,47,107,31.1,27
06-06-2025,PHC004,MED005,175,33,91,28.4,20
07-06-2025,PHC004,MED005,508,59,152,20.8,35
08-06-2025,PHC004,MED005,437,71,128,21.9,31
09-06-2025,PHC004,MED005,397,40,110,23.6,19
10-06-2025,PHC004,MED005,351,46,107,28.1,25
11-06-2025,PHC004,MED005,289,62,134,26.4,35
12-06-2025,PHC004,MED005,232,57,126,32,28
13-06-2025,PHC004,MED005,841,60,141,21.1,28
14-06-2025,PHC004,MED005,785,56,134,31.4,31
15-06-2025,PHC004,MED005,712,73,144,20.5,40
16-06-2025,PHC004,MED005,645,67,124,30,31
17-06-2025,PHC004,MED005,589,56,124,31.4,35
18-06-2025,PHC004,MED005,526,63,127,21.2,25
19-06-2025,PHC004,MED005,448,78,155,28.1,45
20-06-2025,PHC004,MED005,409,39,102,31.2,31
21-06-2025,PHC004,MED005,346,63,124,30.1,35
22-06-2025,PHC004,MED005,273,73,143,24.3,30
23-06-2025,PHC004,MED005,216,57,129,30,29
24-06-2025,PHC004,MED005,167,49,108,27.8,25
25-06-2025,PHC004,MED005,442,46,112,29.3,29
26-06-2025,PHC004,MED005,392,50,114,27.6,33
27-06-2025,PHC004,MED005,334,58,121,33.3,37
28-06-2025,PHC004,MED005,270,64,123,21.3,35
29-06-2025,PHC004,MED005,708,73,126,21.8,34
01-01-2025,PHC005,MED001,751,24,34,25.5,7
02-01-2025,PHC005,MED001,690,61,84,30.9,24
03-01-2025,PHC005,MED001,645,45,76,27,18
04-01-2025,PHC005,MED001,580,65,98,26.9,18
05-01-2025,PHC005,MED001,535,45,58,31.6,28
06-01-2025,PHC005,MED001,511,24,43,21.9,14
07-01-2025,PHC005,MED001,438,73,105,33.9,29
08-01-2025,PHC005,MED001,394,44,71,33.7,7
09-01-2025,PHC005,MED001,334,60,79,31,15
10-01-2025,PHC005,MED001,287,47,75,33.2,13
11-01-2025,PHC005,MED001,716,75,92,30.8,26
12-01-2025,PHC005,MED001,625,91,112,21,27
13-01-2025,PHC005,MED001,573,52,73,24.4,11
14-01-2025,PHC005,MED001,519,54,97,26.1,20
15-01-2025,PHC005,MED001,463,56,86,26.3,24
16-01-2025,PHC005,MED001,425,38,66,23.2,15
17-01-2025,PHC005,MED001,371,54,70,21.2,25
18-01-2025,PHC005,MED001,297,74,72,25.8,14
19-01-2025,PHC005,MED001,236,61,77,31.4,25
20-01-2025,PHC005,MED001,181,55,77,30.1,16
21-01-2025,PHC005,MED001,434,58,68,24.4,23
22-01-2025,PHC005,MED001,391,43,72,24.6,15
23-01-2025,PHC005,MED001,322,69,88,27.7,12
24-01-2025,PHC005,MED001,271,51,75,23.4,19
25-01-2025,PHC005,MED001,209,62,101,30.5,27
26-01-2025,PHC005,MED001,737,84,89,22,20
27-01-2025,PHC005,MED001,669,68,83,30.3,19
28-01-2025,PHC005,MED001,605,64,85,23.6,30
29-01-2025,PHC005,MED001,552,53,89,31.5,20
30-01-2025,PHC005,MED001,473,79,102,30.6,25
31-01-2025,PHC005,MED001,425,48,72,22.1,20
01-02-2025,PHC005,MED001,360,65,96,30.8,19
02-02-2025,PHC005,MED001,285,75,96,29.1,17
03-02-2025,PHC005,MED001,225,60,99,23.3,22
04-02-2025,PHC005,MED001,173,52,69,23.4,19
05-02-2025,PHC005,MED001,146,27,60,33.8,12
06-02-2025,PHC005,MED001,642,40,66,31.4,12
07-02-2025,PHC005,MED001,585,57,93,31.7,32
08-02-2025,PHC005,MED001,513,72,89,20.1,16
09-02-2025,PHC005,MED001,445,68,87,28.8,30
10-02-2025,PHC005,MED001,394,51,72,28.2,22
11-02-2025,PHC005,MED001,351,43,64,25,23
12-02-2025,PHC005,MED001,303,48,68,30.9,12
13-02-2025,PHC005,MED001,265,38,62,33.8,26
14-02-2025,PHC005,MED001,206,59,97,25.9,19
15-02-2025,PHC005,MED001,857,62,83,29.1,22
16-02-2025,PHC005,MED001,778,79,105,31.6,30
17-02-2025,PHC005,MED001,704,74,98,27.2,25
18-02-2025,PHC005,MED001,647,57,90,31.3,16
19-02-2025,PHC005,MED001,606,41,85,29.1,19
20-02-2025,PHC005,MED001,559,47,74,26.8,18
21-02-2025,PHC005,MED001,486,73,93,30.4,32
22-02-2025,PHC005,MED001,420,66,100,27.8,21
23-02-2025,PHC005,MED001,349,71,106,31.7,29
24-02-2025,PHC005,MED001,310,39,71,25.9,22
25-02-2025,PHC005,MED001,244,66,90,21.7,29
26-02-2025,PHC005,MED001,499,73,98,20.3,30
27-02-2025,PHC005,MED001,442,57,83,25.9,17
28-02-2025,PHC005,MED001,379,63,85,33.1,19
01-03-2025,PHC005,MED001,302,77,93,31.2,19
02-03-2025,PHC005,MED001,940,80,100,23.3,26
03-03-2025,PHC005,MED001,891,49,72,26.5,12
04-03-2025,PHC005,MED001,828,63,96,27.3,28
05-03-2025,PHC005,MED001,788,40,58,27.9,16
06-03-2025,PHC005,MED001,737,51,78,20.6,27
07-03-2025,PHC005,MED001,664,73,112,26.7,34
08-03-2025,PHC005,MED001,597,67,96,27.2,27
09-03-2025,PHC005,MED001,542,55,76,20.7,21
10-03-2025,PHC005,MED001,480,62,81,30.9,25
11-03-2025,PHC005,MED001,420,60,87,29.1,14
12-03-2025,PHC005,MED001,362,58,94,28.5,24
13-03-2025,PHC005,MED001,324,38,54,20.2,12
14-03-2025,PHC005,MED001,893,92,126,28.7,31
15-03-2025,PHC005,MED001,817,76,114,26.3,17
16-03-2025,PHC005,MED001,768,49,73,33,11
17-03-2025,PHC005,MED001,737,31,56,31.2,8
18-03-2025,PHC005,MED001,685,52,69,32.8,9
19-03-2025,PHC005,MED001,614,71,90,28.7,27
20-03-2025,PHC005,MED001,573,41,67,22.2,11
21-03-2025,PHC005,MED001,535,38,75,28.5,20
22-03-2025,PHC005,MED001,453,82,100,34.3,15
23-03-2025,PHC005,MED001,397,56,87,23.3,26
24-03-2025,PHC005,MED001,355,42,85,26.4,12
25-03-2025,PHC005,MED001,308,47,65,20.3,22
26-03-2025,PHC005,MED001,264,44,72,29.6,16
27-03-2025,PHC005,MED001,212,52,84,22.6,26
28-03-2025,PHC005,MED001,618,60,84,34.9,27
29-03-2025,PHC005,MED001,541,77,112,25.4,24
30-03-2025,PHC005,MED001,454,87,93,22.1,35
31-03-2025,PHC005,MED001,422,32,65,32.4,23
01-04-2025,PHC005,MED001,348,74,110,33.3,19
02-04-2025,PHC005,MED001,302,46,86,25.1,19
03-04-2025,PHC005,MED001,272,30,52,22.2,10
04-04-2025,PHC005,MED001,231,41,72,24,15
05-04-2025,PHC005,MED001,887,68,95,25.7,18
06-04-2025,PHC005,MED001,805,82,95,32.1,25
07-04-2025,PHC005,MED001,736,69,103,33.2,31
08-04-2025,PHC005,MED001,698,38,53,33.9,11
09-04-2025,PHC005,MED001,635,63,101,31.7,31
10-04-2025,PHC005,MED001,585,50,85,32.7,13
11-04-2025,PHC005,MED001,533,52,76,32.8,29
12-04-2025,PHC005,MED001,469,64,84,30,21
13-04-2025,PHC005,MED001,432,37,72,33.6,17
14-04-2025,PHC005,MED001,338,94,115,25.8,39
15-04-2025,PHC005,MED001,293,45,82,22.9,22
16-04-2025,PHC005,MED001,253,40,62,34.2,16
17-04-2025,PHC005,MED001,194,59,76,29.7,20
18-04-2025,PHC005,MED001,636,66,90,20.8,29
19-04-2025,PHC005,MED001,546,90,96,27.8,14
20-04-2025,PHC005,MED001,501,45,66,20.8,12
21-04-2025,PHC005,MED001,452,49,65,24.1,21
22-04-2025,PHC005,MED001,408,44,70,20.9,13
23-04-2025,PHC005,MED001,332,76,109,30.9,23
24-04-2025,PHC005,MED001,285,47,65,20.3,18
25-04-2025,PHC005,MED001,231,54,87,27.4,13
26-04-2025,PHC005,MED001,824,65,80,22.4,18
27-04-2025,PHC005,MED001,725,99,97,31.7,23
28-04-2025,PHC005,MED001,671,54,85,34.6,19
29-04-2025,PHC005,MED001,601,70,85,21.3,26
30-04-2025,PHC005,MED001,511,90,106,23,19
01-05-2025,PHC005,MED001,444,67,93,27,20
02-05-2025,PHC005,MED001,379,65,73,33.6,22
03-05-2025,PHC005,MED001,317,62,89,22.5,20
04-05-2025,PHC005,MED001,698,81,99,34.7,16
05-05-2025,PHC005,MED001,641,57,92,28.6,27
06-05-2025,PHC005,MED001,583,58,86,30,21
07-05-2025,PHC005,MED001,521,62,77,20.7,23
08-05-2025,PHC005,MED001,471,50,73,25.9,17
09-05-2025,PHC005,MED001,447,24,40,21.4,9
10-05-2025,PHC005,MED001,684,115,140,23.8,35
11-05-2025,PHC005,MED001,616,68,77,33.9,22
12-05-2025,PHC005,MED001,572,44,66,33.7,10
13-05-2025,PHC005,MED001,489,83,105,29.6,30
14-05-2025,PHC005,MED001,455,34,58,21.5,6
15-05-2025,PHC005,MED001,393,62,86,34.6,27
16-05-2025,PHC005,MED001,337,56,97,31,23
17-05-2025,PHC005,MED001,265,72,83,26.4,18
18-05-2025,PHC005,MED001,218,47,65,32.7,6
19-05-2025,PHC005,MED001,836,66,90,24.8,29
20-05-2025,PHC005,MED001,777,59,82,27.4,12
21-05-2025,PHC005,MED001,738,39,74,29.5,12
22-05-2025,PHC005,MED001,663,75,100,20.9,29
23-05-2025,PHC005,MED001,614,49,91,33.5,18
24-05-2025,PHC005,MED001,545,69,89,31.5,22
25-05-2025,PHC005,MED001,474,71,86,29.9,23
26-05-2025,PHC005,MED001,403,71,89,21.3,17
27-05-2025,PHC005,MED001,363,40,56,25.5,20
28-05-2025,PHC005,MED001,319,44,62,24,13
29-05-2025,PHC005,MED001,278,41,58,27.8,11
30-05-2025,PHC005,MED001,229,49,71,28.5,20
31-05-2025,PHC005,MED001,804,74,117,34.3,27
01-06-2025,PHC005,MED001,733,71,85,29.1,20
02-06-2025,PHC005,MED001,678,55,75,20.2,24
03-06-2025,PHC005,MED001,607,71,107,20.5,31
04-06-2025,PHC005,MED001,580,27,61,29.9,10
05-06-2025,PHC005,MED001,540,40,69,27.6,10
06-06-2025,PHC005,MED001,495,45,78,33.2,22
07-06-2025,PHC005,MED001,411,84,113,29.7,21
08-06-2025,PHC005,MED001,358,53,89,28.2,27
09-06-2025,PHC005,MED001,306,52,87,26.6,28
10-06-2025,PHC005,MED001,262,44,74,33.4,20
11-06-2025,PHC005,MED001,505,70,89,29.9,25
12-06-2025,PHC005,MED001,433,72,95,25.7,21
13-06-2025,PHC005,MED001,384,49,90,26.9,21
14-06-2025,PHC005,MED001,317,67,79,28.1,16
15-06-2025,PHC005,MED001,254,63,77,32.7,13
16-06-2025,PHC005,MED001,509,64,84,27.7,18
17-06-2025,PHC005,MED001,437,72,125,30.2,32
18-06-2025,PHC005,MED001,367,70,101,30.2,25
19-06-2025,PHC005,MED001,333,34,66,30,13
20-06-2025,PHC005,MED001,268,65,97,25.9,18
21-06-2025,PHC005,MED001,205,63,79,30.1,18
22-06-2025,PHC005,MED001,557,85,108,22.6,36
23-06-2025,PHC005,MED001,512,45,51,25.9,12
24-06-2025,PHC005,MED001,460,52,72,25.3,16
25-06-2025,PHC005,MED001,419,41,68,22,12
26-06-2025,PHC005,MED001,385,34,61,24,13
27-06-2025,PHC005,MED001,320,65,99,34.4,26
28-06-2025,PHC005,MED001,866,102,123,25.1,25
29-06-2025,PHC005,MED001,791,75,97,31.4,27
01-01-2025,PHC005,MED002,1195,44,97,33.7,23
02-01-2025,PHC005,MED002,1155,40,88,28.8,17
03-01-2025,PHC005,MED002,1112,43,87,27.9,19
04-01-2025,PHC005,MED002,1053,59,78,27.6,22
05-01-2025,PHC005,MED002,1004,49,78,25.5,17
06-01-2025,PHC005,MED002,963,41,75,32.8,18
07-01-2025,PHC005,MED002,928,35,71,31.3,23
08-01-2025,PHC005,MED002,894,34,68,24.6,16
09-01-2025,PHC005,MED002,865,29,58,33.4,7
10-01-2025,PHC005,MED002,837,28,75,29,24
11-01-2025,PHC005,MED002,784,53,97,32.5,27
12-01-2025,PHC005,MED002,729,55,102,25.5,26
13-01-2025,PHC005,MED002,685,44,75,24.4,20
14-01-2025,PHC005,MED002,632,53,98,22.6,25
15-01-2025,PHC005,MED002,598,34,72,26.3,15
16-01-2025,PHC005,MED002,573,25,44,26.7,18
17-01-2025,PHC005,MED002,531,42,79,29.3,20
18-01-2025,PHC005,MED002,487,44,90,24.3,28
19-01-2025,PHC005,MED002,430,57,93,31.6,21
20-01-2025,PHC005,MED002,386,44,93,30.4,6
21-01-2025,PHC005,MED002,352,34,61,29.1,14
22-01-2025,PHC005,MED002,322,30,58,23.5,19
23-01-2025,PHC005,MED002,297,25,61,31.5,14
24-01-2025,PHC005,MED002,250,47,98,33.7,30
25-01-2025,PHC005,MED002,188,62,95,34.3,18
26-01-2025,PHC005,MED002,580,51,77,28.1,12
27-01-2025,PHC005,MED002,542,38,77,27.4,22
28-01-2025,PHC005,MED002,503,39,92,28.1,22
29-01-2025,PHC005,MED002,466,37,69,34.5,22
30-01-2025,PHC005,MED002,437,29,67,22.7,15
31-01-2025,PHC005,MED002,375,62,106,33.7,35
01-02-2025,PHC005,MED002,325,50,86,22,17
02-02-2025,PHC005,MED002,262,63,110,20.6,19
03-02-2025,PHC005,MED002,225,37,66,23.5,17
04-02-2025,PHC005,MED002,175,50,88,33.2,21
05-02-2025,PHC005,MED002,152,23,61,21,18
06-02-2025,PHC005,MED002,688,48,94,20.5,23
07-02-2025,PHC005,MED002,648,40,100,24.3,24
08-02-2025,PHC005,MED002,605,43,88,29.3,27
09-02-2025,PHC005,MED002,549,56,106,34.4,25
10-02-2025,PHC005,MED002,510,39,67,26.3,5
11-02-2025,PHC005,MED002,482,28,64,26.2,15
12-02-2025,PHC005,MED002,435,47,80,32.7,17
13-02-2025,PHC005,MED002,398,37,78,34.2,23
14-02-2025,PHC005,MED002,356,42,89,32.2,23
15-02-2025,PHC005,MED002,317,39,66,32.5,18
16-02-2025,PHC005,MED002,262,55,106,33.2,31
17-02-2025,PHC005,MED002,231,31,63,31.1,14
18-02-2025,PHC005,MED002,187,44,94,26.2,19
19-02-2025,PHC005,MED002,147,40,81,28,15
20-02-2025,PHC005,MED002,499,40,82,30.6,15
21-02-2025,PHC005,MED002,465,34,72,24.8,22
22-02-2025,PHC005,MED002,417,48,92,29.4,18
23-02-2025,PHC005,MED002,374,43,94,24.9,31
24-02-2025,PHC005,MED002,342,32,67,31.6,12
25-02-2025,PHC005,MED002,311,31,66,30.9,21
26-02-2025,PHC005,MED002,279,32,65,22.7,20
27-02-2025,PHC005,MED002,235,44,83,30.3,18
28-02-2025,PHC005,MED002,182,53,88,30.9,30
01-03-2025,PHC005,MED002,602,46,82,33.9,32
02-03-2025,PHC005,MED002,545,57,96,34.3,26
03-03-2025,PHC005,MED002,508,37,74,21.5,15
04-03-2025,PHC005,MED002,472,36,68,32.8,18
05-03-2025,PHC005,MED002,431,41,86,33.5,18
06-03-2025,PHC005,MED002,394,37,73,34.5,22
07-03-2025,PHC005,MED002,370,24,51,34.1,8
08-03-2025,PHC005,MED002,329,41,91,30.9,25
09-03-2025,PHC005,MED002,274,55,98,25.9,21
10-03-2025,PHC005,MED002,231,43,80,25,20
11-03-2025,PHC005,MED002,201,30,65,30.7,21
12-03-2025,PHC005,MED002,446,56,104,29.1,33
13-03-2025,PHC005,MED002,412,34,64,21,17
14-03-2025,PHC005,MED002,373,39,91,33.5,24
15-03-2025,PHC005,MED002,318,55,96,27.4,21
16-03-2025,PHC005,MED002,274,44,103,28.7,23
17-03-2025,PHC005,MED002,238,36,68,32.2,17
18-03-2025,PHC005,MED002,205,33,80,31.9,17
19-03-2025,PHC005,MED002,162,43,96,22.6,28
20-03-2025,PHC005,MED002,127,35,89,28.3,19
21-03-2025,PHC005,MED002,101,26,58,27.6,19
22-03-2025,PHC005,MED002,545,46,79,23.2,17
23-03-2025,PHC005,MED002,509,36,69,23.6,14
24-03-2025,PHC005,MED002,481,28,47,32,9
25-03-2025,PHC005,MED002,447,34,68,20.3,17
26-03-2025,PHC005,MED002,394,53,91,25.8,22
27-03-2025,PHC005,MED002,352,42,90,26.9,23
28-03-2025,PHC005,MED002,316,36,63,34.3,24
29-03-2025,PHC005,MED002,270,46,78,31.7,21
30-03-2025,PHC005,MED002,209,61,86,33.9,19
31-03-2025,PHC005,MED002,174,35,71,23,16
01-04-2025,PHC005,MED002,131,43,75,27.7,28
02-04-2025,PHC005,MED002,434,39,90,34.9,28
03-04-2025,PHC005,MED002,390,44,85,21.4,27
04-04-2025,PHC005,MED002,352,38,78,22.3,22
05-04-2025,PHC005,MED002,302,50,94,30.3,25
06-04-2025,PHC005,MED002,258,44,76,20.8,11
07-04-2025,PHC005,MED002,226,32,60,21.3,9
08-04-2025,PHC005,MED002,180,46,90,21.8,24
09-04-2025,PHC005,MED002,148,32,77,30.8,13
10-04-2025,PHC005,MED002,130,18,51,23,13
11-04-2025,PHC005,MED002,103,27,63,20.6,10
12-04-2025,PHC005,MED002,581,55,85,29.9,18
13-04-2025,PHC005,MED002,539,42,79,24.5,13
14-04-2025,PHC005,MED002,503,36,79,21.4,20
15-04-2025,PHC005,MED002,467,36,99,25.9,25
16-04-2025,PHC005,MED002,434,33,75,24.9,22
17-04-2025,PHC005,MED002,377,57,93,25.6,28
18-04-2025,PHC005,MED002,326,51,83,34.9,24
19-04-2025,PHC005,MED002,274,52,83,31.9,24
20-04-2025,PHC005,MED002,234,40,69,30.7,28
21-04-2025,PHC005,MED002,207,27,67,31.7,14
22-04-2025,PHC005,MED002,176,31,66,26.8,17
23-04-2025,PHC005,MED002,138,38,86,34,24
24-04-2025,PHC005,MED002,828,43,74,22,12
25-04-2025,PHC005,MED002,768,60,115,33.3,30
26-04-2025,PHC005,MED002,716,52,89,26.3,33
27-04-2025,PHC005,MED002,667,49,86,23.5,23
28-04-2025,PHC005,MED002,626,41,80,30.8,18
29-04-2025,PHC005,MED002,572,54,95,32.9,22
30-04-2025,PHC005,MED002,527,45,81,29.8,23
01-05-2025,PHC005,MED002,477,50,91,23.9,20
02-05-2025,PHC005,MED002,453,24,59,23.3,11
03-05-2025,PHC005,MED002,398,55,89,23.7,18
04-05-2025,PHC005,MED002,343,55,107,27.4,31
05-05-2025,PHC005,MED002,292,51,98,25.5,20
06-05-2025,PHC005,MED002,255,37,72,30.2,22
07-05-2025,PHC005,MED002,207,48,94,26.4,23
08-05-2025,PHC005,MED002,163,44,90,32.6,20
09-05-2025,PHC005,MED002,132,31,80,21.7,25
10-05-2025,PHC005,MED002,405,40,83,20.6,22
11-05-2025,PHC005,MED002,347,58,100,26.2,17
12-05-2025,PHC005,MED002,286,61,96,27.3,22
13-05-2025,PHC005,MED002,242,44,76,20.2,19
14-05-2025,PHC005,MED002,193,49,94,28.9,21
15-05-2025,PHC005,MED002,149,44,85,25.1,19
16-05-2025,PHC005,MED002,435,41,82,21.5,15
17-05-2025,PHC005,MED002,376,59,82,21.2,21
18-05-2025,PHC005,MED002,311,65,101,24.1,21
19-05-2025,PHC005,MED002,275,36,72,22.6,26
20-05-2025,PHC005,MED002,237,38,77,28,16
21-05-2025,PHC005,MED002,206,31,66,26.4,15
22-05-2025,PHC005,MED002,162,44,85,20.1,23
23-05-2025,PHC005,MED002,837,46,87,33.1,28
24-05-2025,PHC005,MED002,790,47,107,33.8,31
25-05-2025,PHC005,MED002,721,69,109,26.6,18
26-05-2025,PHC005,MED002,672,49,91,22.1,26
27-05-2025,PHC005,MED002,630,42,82,20.9,19
28-05-2025,PHC005,MED002,571,59,95,29.4,34
29-05-2025,PHC005,MED002,532,39,86,21.7,21
30-05-2025,PHC005,MED002,485,47,86,20.6,10
31-05-2025,PHC005,MED002,434,51,92,23.5,19
01-06-2025,PHC005,MED002,400,34,73,30.5,21
02-06-2025,PHC005,MED002,367,33,74,28.6,11
03-06-2025,PHC005,MED002,324,43,100,22.6,23
04-06-2025,PHC005,MED002,292,32,79,20.6,26
05-06-2025,PHC005,MED002,262,30,68,33.7,12
06-06-2025,PHC005,MED002,221,41,84,27.4,14
07-06-2025,PHC005,MED002,677,56,97,21.8,19
08-06-2025,PHC005,MED002,637,40,78,24.4,23
09-06-2025,PHC005,MED002,592,45,88,24.3,24
10-06-2025,PHC005,MED002,544,48,96,24,25
11-06-2025,PHC005,MED002,497,47,89,31.1,20
12-06-2025,PHC005,MED002,458,39,102,28.9,23
13-06-2025,PHC005,MED002,427,31,63,20.2,21
14-06-2025,PHC005,MED002,394,33,84,22.5,10
15-06-2025,PHC005,MED002,331,63,111,27,27
16-06-2025,PHC005,MED002,304,27,52,28.1,12
17-06-2025,PHC005,MED002,260,44,86,30,24
18-06-2025,PHC005,MED002,972,67,107,29.4,28
19-06-2025,PHC005,MED002,926,46,99,21.3,11
20-06-2025,PHC005,MED002,898,28,64,29.2,21
21-06-2025,PHC005,MED002,845,53,91,33.5,29
22-06-2025,PHC005,MED002,775,70,97,26.7,22
23-06-2025,PHC005,MED002,732,43,84,24.3,14
24-06-2025,PHC005,MED002,686,46,78,32.3,18
25-06-2025,PHC005,MED002,638,48,88,28,18
26-06-2025,PHC005,MED002,590,48,84,34.2,23
27-06-2025,PHC005,MED002,558,32,68,34.7,16
28-06-2025,PHC005,MED002,497,61,106,34,25
29-06-2025,PHC005,MED002,441,56,91,26.3,28
01-01-2025,PHC005,MED003,799,28,73,32.6,18
02-01-2025,PHC005,MED003,773,26,68,21.4,22
03-01-2025,PHC005,MED003,742,31,76,22.4,17
04-01-2025,PHC005,MED003,713,29,78,29,12
05-01-2025,PHC005,MED003,687,26,63,22.3,20
06-01-2025,PHC005,MED003,665,22,65,32.7,23
07-01-2025,PHC005,MED003,640,25,77,20.6,17
08-01-2025,PHC005,MED003,596,44,99,31.9,24
09-01-2025,PHC005,MED003,568,28,68,20.7,19
10-01-2025,PHC005,MED003,541,27,67,33.4,18
11-01-2025,PHC005,MED003,506,35,85,25,15
12-01-2025,PHC005,MED003,467,39,97,32.9,30
13-01-2025,PHC005,MED003,446,21,68,22.7,10
14-01-2025,PHC005,MED003,427,19,56,24.2,20
15-01-2025,PHC005,MED003,402,25,69,23.7,14
16-01-2025,PHC005,MED003,364,38,100,24.7,30
17-01-2025,PHC005,MED003,332,32,82,28.4,20
18-01-2025,PHC005,MED003,290,42,97,31.4,28
19-01-2025,PHC005,MED003,242,48,99,28.1,20
20-01-2025,PHC005,MED003,210,32,92,23.3,15
21-01-2025,PHC005,MED003,191,19,62,27.5,14
22-01-2025,PHC005,MED003,167,24,60,27.2,17
23-01-2025,PHC005,MED003,131,36,105,26.7,25
24-01-2025,PHC005,MED003,104,27,73,24.5,16
25-01-2025,PHC005,MED003,543,44,98,28.8,33
26-01-2025,PHC005,MED003,522,21,68,29.6,9
27-01-2025,PHC005,MED003,488,34,94,23.1,31
28-01-2025,PHC005,MED003,454,34,86,20,16
29-01-2025,PHC005,MED003,423,31,84,33.8,24
30-01-2025,PHC005,MED003,381,42,96,30.5,16
31-01-2025,PHC005,MED003,348,33,92,34.3,20
01-02-2025,PHC005,MED003,312,36,74,26.4,17
02-02-2025,PHC005,MED003,282,30,74,30.5,10
03-02-2025,PHC005,MED003,239,43,106,27.1,18
04-02-2025,PHC005,MED003,207,32,78,34,8
05-02-2025,PHC005,MED003,180,27,87,28.6,19
06-02-2025,PHC005,MED003,152,28,76,28.1,18
07-02-2025,PHC005,MED003,119,33,79,22.2,12
08-02-2025,PHC005,MED003,495,39,90,26.2,27
09-02-2025,PHC005,MED003,464,31,86,33.8,25
10-02-2025,PHC005,MED003,447,17,54,28.2,5
11-02-2025,PHC005,MED003,425,22,67,34.6,18
12-02-2025,PHC005,MED003,399,26,63,26.6,19
13-02-2025,PHC005,MED003,365,34,74,21.4,14
14-02-2025,PHC005,MED003,338,27,74,24.7,21
15-02-2025,PHC005,MED003,306,32,86,30.2,15
16-02-2025,PHC005,MED003,263,43,113,27.2,30
17-02-2025,PHC005,MED003,221,42,98,25.3,18
18-02-2025,PHC005,MED003,182,39,85,30.2,22
19-02-2025,PHC005,MED003,149,33,91,32.1,14
20-02-2025,PHC005,MED003,118,31,83,26.2,24
21-02-2025,PHC005,MED003,91,27,72,25.6,14
22-02-2025,PHC005,MED003,504,41,108,20.7,28
23-02-2025,PHC005,MED003,472,32,80,34.6,21
24-02-2025,PHC005,MED003,436,36,80,33.8,21
25-02-2025,PHC005,MED003,397,39,80,32.9,18
26-02-2025,PHC005,MED003,372,25,68,26.2,13
27-02-2025,PHC005,MED003,328,44,94,34,28
28-02-2025,PHC005,MED003,305,23,68,27.4,26
01-03-2025,PHC005,MED003,259,46,99,34.3,30
02-03-2025,PHC005,MED003,226,33,96,22.9,11
03-03-2025,PHC005,MED003,197,29,79,31.7,16
04-03-2025,PHC005,MED003,165,32,79,25.7,24
05-03-2025,PHC005,MED003,134,31,96,24.3,24
06-03-2025,PHC005,MED003,105,29,96,29.1,28
07-03-2025,PHC005,MED003,803,40,108,26.4,38
08-03-2025,PHC005,MED003,754,49,96,24.4,26
09-03-2025,PHC005,MED003,714,40,86,30.4,12
10-03-2025,PHC005,MED003,693,21,65,31.5,17
11-03-2025,PHC005,MED003,666,27,70,30.6,19
12-03-2025,PHC005,MED003,642,24,92,34.6,25
13-03-2025,PHC005,MED003,614,28,79,25.8,13
14-03-2025,PHC005,MED003,570,44,104,34.7,29
15-03-2025,PHC005,MED003,530,40,94,30.7,18
16-03-2025,PHC005,MED003,484,46,100,33.1,24
17-03-2025,PHC005,MED003,449,35,98,31.8,29
18-03-2025,PHC005,MED003,404,45,107,26.7,27
19-03-2025,PHC005,MED003,372,32,79,32.2,19
20-03-2025,PHC005,MED003,328,44,102,33.8,29
21-03-2025,PHC005,MED003,289,39,86,27.2,22
22-03-2025,PHC005,MED003,254,35,94,28.8,28
23-03-2025,PHC005,MED003,204,50,108,34.6,33
24-03-2025,PHC005,MED003,180,24,70,24,13
25-03-2025,PHC005,MED003,146,34,79,31.3,24
26-03-2025,PHC005,MED003,127,19,49,25.4,12
27-03-2025,PHC005,MED003,110,17,43,26.4,17
28-03-2025,PHC005,MED003,482,28,75,29.8,23
29-03-2025,PHC005,MED003,439,43,99,22.1,25
30-03-2025,PHC005,MED003,394,45,104,34.8,36
31-03-2025,PHC005,MED003,363,31,98,27.4,25
01-04-2025,PHC005,MED003,335,28,103,34.7,22
02-04-2025,PHC005,MED003,301,34,90,30,19
03-04-2025,PHC005,MED003,277,24,66,22.5,10
04-04-2025,PHC005,MED003,249,28,89,30.3,25
05-04-2025,PHC005,MED003,198,51,106,25.3,16
06-04-2025,PHC005,MED003,160,38,94,31.8,24
07-04-2025,PHC005,MED003,122,38,107,23.8,24
08-04-2025,PHC005,MED003,556,32,70,34.7,5
09-04-2025,PHC005,MED003,530,26,77,22.2,13
10-04-2025,PHC005,MED003,509,21,72,20.2,23
11-04-2025,PHC005,MED003,473,36,99,31.8,16
12-04-2025,PHC005,MED003,445,28,74,27.1,17
13-04-2025,PHC005,MED003,410,35,85,32.6,31
14-04-2025,PHC005,MED003,368,42,88,34.3,21
15-04-2025,PHC005,MED003,337,31,79,32.4,25
16-04-2025,PHC005,MED003,299,38,98,29,23
17-04-2025,PHC005,MED003,261,38,85,28.3,28
18-04-2025,PHC005,MED003,237,24,82,30,20
19-04-2025,PHC005,MED003,202,35,93,22.2,29
20-04-2025,PHC005,MED003,168,34,97,31,18
21-04-2025,PHC005,MED003,139,29,86,26.4,15
22-04-2025,PHC005,MED003,106,33,71,30.4,23
23-04-2025,PHC005,MED003,606,45,124,24.7,36
24-04-2025,PHC005,MED003,573,33,76,30.2,26
25-04-2025,PHC005,MED003,535,38,80,32.2,23
26-04-2025,PHC005,MED003,511,24,58,30.7,5
27-04-2025,PHC005,MED003,472,39,96,23.1,26
28-04-2025,PHC005,MED003,441,31,76,23.6,13
29-04-2025,PHC005,MED003,412,29,82,21.7,17
30-04-2025,PHC005,MED003,385,27,65,22.4,27
01-05-2025,PHC005,MED003,348,37,88,22.6,19
02-05-2025,PHC005,MED003,331,17,55,23.2,12
03-05-2025,PHC005,MED003,291,40,95,21.8,24
04-05-2025,PHC005,MED003,249,42,101,27.8,27
05-05-2025,PHC005,MED003,220,29,66,20.7,17
06-05-2025,PHC005,MED003,194,26,85,33.8,12
07-05-2025,PHC005,MED003,174,20,69,21.8,10
08-05-2025,PHC005,MED003,145,29,72,21.4,19
09-05-2025,PHC005,MED003,109,36,102,33.5,28
10-05-2025,PHC005,MED003,738,57,105,28.8,26
11-05-2025,PHC005,MED003,692,46,108,26.3,28
12-05-2025,PHC005,MED003,675,17,50,24.6,10
13-05-2025,PHC005,MED003,640,35,93,32.5,18
14-05-2025,PHC005,MED003,606,34,76,20.3,21
15-05-2025,PHC005,MED003,578,28,88,22.7,17
16-05-2025,PHC005,MED003,544,34,100,28.8,36
17-05-2025,PHC005,MED003,508,36,87,20.3,22
18-05-2025,PHC005,MED003,476,32,77,26.3,26
19-05-2025,PHC005,MED003,442,34,82,29.7,20
20-05-2025,PHC005,MED003,413,29,74,32.6,20
21-05-2025,PHC005,MED003,376,37,91,24.2,22
22-05-2025,PHC005,MED003,350,26,62,33.8,21
23-05-2025,PHC005,MED003,328,22,58,27,9
24-05-2025,PHC005,MED003,296,32,92,26.4,24
25-05-2025,PHC005,MED003,266,30,80,22.1,18
26-05-2025,PHC005,MED003,238,28,76,29.1,16
27-05-2025,PHC005,MED003,210,28,84,28.1,15
28-05-2025,PHC005,MED003,183,27,73,27.9,16
29-05-2025,PHC005,MED003,155,28,71,31.7,11
30-05-2025,PHC005,MED003,127,28,82,25.4,22
31-05-2025,PHC005,MED003,442,49,103,33.5,20
01-06-2025,PHC005,MED003,403,39,95,26.5,25
02-06-2025,PHC005,MED003,376,27,67,26.8,5
03-06-2025,PHC005,MED003,351,25,76,25.7,9
04-06-2025,PHC005,MED003,322,29,78,32.8,21
05-06-2025,PHC005,MED003,310,12,38,34.1,5
06-06-2025,PHC005,MED003,278,32,83,27.7,16
07-06-2025,PHC005,MED003,239,39,91,21.4,18
08-06-2025,PHC005,MED003,199,40,92,25.8,17
09-06-2025,PHC005,MED003,170,29,85,29.7,12
10-06-2025,PHC005,MED003,141,29,84,30.7,22
11-06-2025,PHC005,MED003,107,34,85,29,20
12-06-2025,PHC005,MED003,847,27,62,21.1,16
13-06-2025,PHC005,MED003,819,28,88,25.5,27
14-06-2025,PHC005,MED003,779,40,98,28.3,23
15-06-2025,PHC005,MED003,746,33,79,26.5,20
16-06-2025,PHC005,MED003,711,35,79,28.7,19
17-06-2025,PHC005,MED003,672,39,102,28.6,25
18-06-2025,PHC005,MED003,639,33,84,29.5,20
19-06-2025,PHC005,MED003,597,42,103,20.8,23
20-06-2025,PHC005,MED003,553,44,93,24.2,31
21-06-2025,PHC005,MED003,528,25,57,29.2,5
22-06-2025,PHC005,MED003,470,58,116,24.2,22
23-06-2025,PHC005,MED003,444,26,86,27.8,15
24-06-2025,PHC005,MED003,400,44,86,26.8,24
25-06-2025,PHC005,MED003,354,46,106,28.1,37
26-06-2025,PHC005,MED003,306,48,103,20.1,22
27-06-2025,PHC005,MED003,273,33,91,31.3,29
28-06-2025,PHC005,MED003,225,48,99,25.6,25
29-06-2025,PHC005,MED003,181,44,92,34.7,14
01-01-2025,PHC005,MED004,1132,40,88,21.2,23
02-01-2025,PHC005,MED004,1102,30,63,31.9,17
03-01-2025,PHC005,MED004,1061,41,98,23,26
04-01-2025,PHC005,MED004,1016,45,93,20.2,19
05-01-2025,PHC005,MED004,966,50,103,30.5,24
06-01-2025,PHC005,MED004,934,32,79,28.4,10
07-01-2025,PHC005,MED004,901,33,74,32.2,22
08-01-2025,PHC005,MED004,861,40,95,28.6,17
09-01-2025,PHC005,MED004,825,36,90,22,18
10-01-2025,PHC005,MED004,783,42,117,31,29
11-01-2025,PHC005,MED004,722,61,118,27.7,27
12-01-2025,PHC005,MED004,683,39,105,21.2,29
13-01-2025,PHC005,MED004,642,41,100,21.1,20
14-01-2025,PHC005,MED004,602,40,85,29.2,17
15-01-2025,PHC005,MED004,571,31,82,27,23
16-01-2025,PHC005,MED004,531,40,118,26.6,31
17-01-2025,PHC005,MED004,510,21,49,23.6,10
18-01-2025,PHC005,MED004,469,41,86,24.1,16
19-01-2025,PHC005,MED004,424,45,88,26.4,21
20-01-2025,PHC005,MED004,384,40,98,33.4,41
21-01-2025,PHC005,MED004,339,45,96,28.2,21
22-01-2025,PHC005,MED004,297,42,77,32,20
23-01-2025,PHC005,MED004,271,26,60,26.1,7
24-01-2025,PHC005,MED004,231,40,84,26.7,18
25-01-2025,PHC005,MED004,190,41,91,25.4,24
26-01-2025,PHC005,MED004,146,44,82,23.1,17
27-01-2025,PHC005,MED004,111,35,91,28.9,31
28-01-2025,PHC005,MED004,738,31,77,27.4,19
29-01-2025,PHC005,MED004,701,37,79,34.9,20
30-01-2025,PHC005,MED004,668,33,86,26.9,37
31-01-2025,PHC005,MED004,643,25,65,29,16
01-02-2025,PHC005,MED004,611,32,84,26.7,23
02-02-2025,PHC005,MED004,580,31,74,22.7,23
03-02-2025,PHC005,MED004,558,22,69,24.7,9
04-02-2025,PHC005,MED004,528,30,90,34.1,20
05-02-2025,PHC005,MED004,517,11,31,22.7,13
06-02-2025,PHC005,MED004,484,33,101,33.5,20
07-02-2025,PHC005,MED004,439,45,110,31.4,37
08-02-2025,PHC005,MED004,402,37,91,24.8,21
09-02-2025,PHC005,MED004,352,50,118,25.2,39
10-02-2025,PHC005,MED004,325,27,87,28.8,14
11-02-2025,PHC005,MED004,283,42,92,20.7,20
12-02-2025,PHC005,MED004,248,35,83,26.6,18
13-02-2025,PHC005,MED004,213,35,87,25.3,20
14-02-2025,PHC005,MED004,175,38,79,29.7,12
15-02-2025,PHC005,MED004,137,38,81,34.7,21
16-02-2025,PHC005,MED004,502,39,87,23.2,29
17-02-2025,PHC005,MED004,465,37,103,20,23
18-02-2025,PHC005,MED004,444,21,59,33.2,24
19-02-2025,PHC005,MED004,414,30,88,21,19
20-02-2025,PHC005,MED004,380,34,60,33.6,13
21-02-2025,PHC005,MED004,348,32,67,33.4,13
22-02-2025,PHC005,MED004,296,52,106,31.4,25
23-02-2025,PHC005,MED004,245,51,107,25.4,24
24-02-2025,PHC005,MED004,214,31,85,34.5,22
25-02-2025,PHC005,MED004,186,28,72,26.4,14
26-02-2025,PHC005,MED004,149,37,104,20.9,21
27-02-2025,PHC005,MED004,117,32,73,30.4,16
28-02-2025,PHC005,MED004,874,32,81,24,25
01-03-2025,PHC005,MED004,836,38,70,32.7,18
02-03-2025,PHC005,MED004,797,39,84,34.8,28
03-03-2025,PHC005,MED004,763,34,78,31.4,15
04-03-2025,PHC005,MED004,726,37,88,20.1,18
05-03-2025,PHC005,MED004,689,37,92,34.8,28
06-03-2025,PHC005,MED004,659,30,77,25.9,21
07-03-2025,PHC005,MED004,614,45,96,29.4,23
08-03-2025,PHC005,MED004,575,39,82,31.7,14
09-03-2025,PHC005,MED004,525,50,102,20.2,24
10-03-2025,PHC005,MED004,484,41,85,29.6,14
11-03-2025,PHC005,MED004,458,26,62,29.6,19
12-03-2025,PHC005,MED004,418,40,98,26.2,22
13-03-2025,PHC005,MED004,386,32,82,25.8,22
14-03-2025,PHC005,MED004,358,28,55,29.2,16
15-03-2025,PHC005,MED004,301,57,93,33.7,16
16-03-2025,PHC005,MED004,263,38,77,28.4,28
17-03-2025,PHC005,MED004,234,29,62,22.8,12
18-03-2025,PHC005,MED004,197,37,92,31.6,30
19-03-2025,PHC005,MED004,148,49,94,26.3,24
20-03-2025,PHC005,MED004,115,33,83,20.1,17
21-03-2025,PHC005,MED004,623,29,64,23.8,14
22-03-2025,PHC005,MED004,567,56,110,21.9,22
23-03-2025,PHC005,MED004,533,34,88,23.4,25
24-03-2025,PHC005,MED004,500,33,80,22.8,19
25-03-2025,PHC005,MED004,474,26,71,29.9,13
26-03-2025,PHC005,MED004,421,53,110,27.9,31
27-03-2025,PHC005,MED004,381,40,94,25.5,23
28-03-2025,PHC005,MED004,349,32,86,21.7,22
29-03-2025,PHC005,MED004,293,56,99,31,21
30-03-2025,PHC005,MED004,236,57,106,27,22
31-03-2025,PHC005,MED004,206,30,78,27.8,17
01-04-2025,PHC005,MED004,173,33,74,31.6,10
02-04-2025,PHC005,MED004,150,23,71,32.9,18
03-04-2025,PHC005,MED004,641,54,118,29.1,35
04-04-2025,PHC005,MED004,604,37,107,24.1,34
05-04-2025,PHC005,MED004,549,55,105,20.8,25
06-04-2025,PHC005,MED004,493,56,102,22.4,29
07-04-2025,PHC005,MED004,460,33,98,29.2,26
08-04-2025,PHC005,MED004,432,28,75,29.9,20
09-04-2025,PHC005,MED004,400,32,86,24.2,24
10-04-2025,PHC005,MED004,365,35,81,31.2,20
11-04-2025,PHC005,MED004,332,33,73,26.3,17
12-04-2025,PHC005,MED004,292,40,88,20.2,19
13-04-2025,PHC005,MED004,237,55,107,20.2,31
14-04-2025,PHC005,MED004,200,37,82,30.4,31
15-04-2025,PHC005,MED004,174,26,81,30.8,22
16-04-2025,PHC005,MED004,135,39,80,23.7,27
17-04-2025,PHC005,MED004,572,34,79,31.7,18
18-04-2025,PHC005,MED004,539,33,85,25.9,25
19-04-2025,PHC005,MED004,476,63,135,20.9,34
20-04-2025,PHC005,MED004,443,33,72,26.9,22
21-04-2025,PHC005,MED004,415,28,64,29.2,19
22-04-2025,PHC005,MED004,378,37,105,34.9,23
23-04-2025,PHC005,MED004,334,44,99,32.2,28
24-04-2025,PHC005,MED004,292,42,79,20.6,16
25-04-2025,PHC005,MED004,247,45,99,34.3,22
26-04-2025,PHC005,MED004,760,64,127,34.5,35
27-04-2025,PHC005,MED004,709,51,94,25.8,21
28-04-2025,PHC005,MED004,671,38,96,21.8,25
29-04-2025,PHC005,MED004,647,24,62,25.5,15
30-04-2025,PHC005,MED004,621,26,75,33.6,23
01-05-2025,PHC005,MED004,602,19,56,33.4,16
02-05-2025,PHC005,MED004,565,37,96,27.7,25
03-05-2025,PHC005,MED004,530,35,81,24.5,23
04-05-2025,PHC005,MED004,466,64,117,26.6,29
05-05-2025,PHC005,MED004,450,16,42,30.3,16
06-05-2025,PHC005,MED004,417,33,74,20.1,19
07-05-2025,PHC005,MED004,387,30,71,26.8,13
08-05-2025,PHC005,MED004,345,42,87,21.8,28
09-05-2025,PHC005,MED004,315,30,78,23.2,22
10-05-2025,PHC005,MED004,274,41,96,29.8,26
11-05-2025,PHC005,MED004,237,37,88,22.3,18
12-05-2025,PHC005,MED004,220,17,54,28,5
13-05-2025,PHC005,MED004,208,12,36,34.3,9
14-05-2025,PHC005,MED004,183,25,63,23.6,18
15-05-2025,PHC005,MED004,158,25,70,21.3,26
16-05-2025,PHC005,MED004,128,30,66,25.1,16
17-05-2025,PHC005,MED004,868,58,93,34.5,25
18-05-2025,PHC005,MED004,827,41,90,30,32
19-05-2025,PHC005,MED004,788,39,73,23.7,21
20-05-2025,PHC005,MED004,758,30,68,21.2,24
21-05-2025,PHC005,MED004,727,31,76,30,14
22-05-2025,PHC005,MED004,693,34,80,33,23
23-05-2025,PHC005,MED004,660,33,83,30.3,15
24-05-2025,PHC005,MED004,627,33,76,30.7,20
25-05-2025,PHC005,MED004,575,52,84,30.8,6
26-05-2025,PHC005,MED004,544,31,68,34.5,15
27-05-2025,PHC005,MED004,518,26,62,34.9,18
28-05-2025,PHC005,MED004,485,33,95,25.7,22
29-05-2025,PHC005,MED004,446,39,86,33.6,16
30-05-2025,PHC005,MED004,407,39,87,30.5,21
31-05-2025,PHC005,MED004,369,38,105,32.6,26
01-06-2025,PHC005,MED004,338,31,68,22.8,7
02-06-2025,PHC005,MED004,311,27,73,31.8,19
03-06-2025,PHC005,MED004,270,41,91,21.7,21
04-06-2025,PHC005,MED004,238,32,82,33.1,20
05-06-2025,PHC005,MED004,207,31,91,21.8,23
06-06-2025,PHC005,MED004,168,39,83,32.2,23
07-06-2025,PHC005,MED004,820,53,99,22.9,24
08-06-2025,PHC005,MED004,765,55,121,32.2,23
09-06-2025,PHC005,MED004,721,44,92,20.8,20
10-06-2025,PHC005,MED004,691,30,70,31.6,16
11-06-2025,PHC005,MED004,643,48,118,28,29
12-06-2025,PHC005,MED004,607,36,77,34.1,16
13-06-2025,PHC005,MED004,586,21,50,25.5,14
14-06-2025,PHC005,MED004,545,41,86,34,20
15-06-2025,PHC005,MED004,485,60,101,24.2,16
16-06-2025,PHC005,MED004,445,40,93,33.6,20
17-06-2025,PHC005,MED004,420,25,69,30.2,21
18-06-2025,PHC005,MED004,375,45,97,29.6,26
19-06-2025,PHC005,MED004,334,41,99,27.9,25
20-06-2025,PHC005,MED004,295,39,89,32.3,12
21-06-2025,PHC005,MED004,240,55,108,26,20
22-06-2025,PHC005,MED004,188,52,88,27,24
23-06-2025,PHC005,MED004,146,42,101,31.4,24
24-06-2025,PHC005,MED004,114,32,71,32.2,9
25-06-2025,PHC005,MED004,719,32,78,29.7,23
26-06-2025,PHC005,MED004,689,30,84,33.8,20
27-06-2025,PHC005,MED004,655,34,82,22.8,20
28-06-2025,PHC005,MED004,628,27,64,22.9,18
29-06-2025,PHC005,MED004,569,59,101,31.9,26
01-01-2025,PHC005,MED005,1260,27,102,27.9,21
02-01-2025,PHC005,MED005,1240,20,75,23,29
03-01-2025,PHC005,MED005,1213,27,87,25.3,28
04-01-2025,PHC005,MED005,1170,43,113,29,31
05-01-2025,PHC005,MED005,1137,33,101,32.8,32
06-01-2025,PHC005,MED005,1124,13,66,25.3,13
07-01-2025,PHC005,MED005,1096,28,97,23.2,19
08-01-2025,PHC005,MED005,1075,21,89,26.6,16
09-01-2025,PHC005,MED005,1053,22,77,27.8,16
10-01-2025,PHC005,MED005,1028,25,79,30.4,16
11-01-2025,PHC005,MED005,990,38,114,31.7,22
12-01-2025,PHC005,MED005,954,36,103,34.6,20
13-01-2025,PHC005,MED005,932,22,73,20.7,18
14-01-2025,PHC005,MED005,906,26,79,31.8,22
15-01-2025,PHC005,MED005,877,29,93,22.4,27
16-01-2025,PHC005,MED005,856,21,68,22.3,21
17-01-2025,PHC005,MED005,825,31,97,34.3,28
18-01-2025,PHC005,MED005,796,29,91,29.5,30
19-01-2025,PHC005,MED005,768,28,95,32.9,25
20-01-2025,PHC005,MED005,751,17,55,23.9,6
21-01-2025,PHC005,MED005,725,26,97,27.2,17
22-01-2025,PHC005,MED005,693,32,102,34.5,27
23-01-2025,PHC005,MED005,661,32,85,22.3,28
24-01-2025,PHC005,MED005,640,21,70,31.3,10
25-01-2025,PHC005,MED005,606,34,79,25.2,36
26-01-2025,PHC005,MED005,577,29,90,30,15
27-01-2025,PHC005,MED005,554,23,68,22.7,7
28-01-2025,PHC005,MED005,528,26,76,29.3,12
29-01-2025,PHC005,MED005,499,29,90,29.8,22
30-01-2025,PHC005,MED005,480,19,73,27.2,25
31-01-2025,PHC005,MED005,460,20,82,29.7,18
01-02-2025,PHC005,MED005,435,25,90,21.6,20
02-02-2025,PHC005,MED005,399,36,94,24.7,29
03-02-2025,PHC005,MED005,388,11,51,24.9,13
04-02-2025,PHC005,MED005,362,26,102,23.3,26
05-02-2025,PHC005,MED005,335,27,90,30,30
06-02-2025,PHC005,MED005,312,23,84,27.1,30
07-02-2025,PHC005,MED005,293,19,84,20.7,19
08-02-2025,PHC005,MED005,261,32,84,32,26
09-02-2025,PHC005,MED005,231,30,83,30.8,17
10-02-2025,PHC005,MED005,205,26,97,33.8,27
11-02-2025,PHC005,MED005,178,27,93,21.4,34
12-02-2025,PHC005,MED005,158,20,76,23.2,12
13-02-2025,PHC005,MED005,128,30,97,27.2,22
14-02-2025,PHC005,MED005,104,24,88,23.8,22
15-02-2025,PHC005,MED005,420,33,96,29.8,30
16-02-2025,PHC005,MED005,381,39,107,22.2,32
17-02-2025,PHC005,MED005,352,29,84,33.6,21
18-02-2025,PHC005,MED005,333,19,68,28.5,13
19-02-2025,PHC005,MED005,310,23,81,21.1,25
20-02-2025,PHC005,MED005,293,17,52,23.5,17
21-02-2025,PHC005,MED005,281,12,38,25.8,11
22-02-2025,PHC005,MED005,253,28,94,25.1,17
23-02-2025,PHC005,MED005,228,25,83,26.3,15
24-02-2025,PHC005,MED005,206,22,82,23.1,27
25-02-2025,PHC005,MED005,188,18,66,23,23
26-02-2025,PHC005,MED005,169,19,63,25.7,11
27-02-2025,PHC005,MED005,144,25,83,28.7,12
28-02-2025,PHC005,MED005,120,24,74,22.2,21
01-03-2025,PHC005,MED005,794,39,109,25.2,26
02-03-2025,PHC005,MED005,781,13,58,28.4,25
03-03-2025,PHC005,MED005,756,25,89,20,14
04-03-2025,PHC005,MED005,740,16,63,25.9,18
05-03-2025,PHC005,MED005,710,30,101,28.6,20
06-03-2025,PHC005,MED005,693,17,52,33.3,6
07-03-2025,PHC005,MED005,664,29,95,30.4,20
08-03-2025,PHC005,MED005,628,36,121,20.5,32
09-03-2025,PHC005,MED005,600,28,100,20.6,23
10-03-2025,PHC005,MED005,583,17,77,28.5,5
11-03-2025,PHC005,MED005,568,15,54,29.5,11
12-03-2025,PHC005,MED005,546,22,75,30.4,16
13-03-2025,PHC005,MED005,524,22,90,30.8,20
14-03-2025,PHC005,MED005,498,26,86,22.4,25
15-03-2025,PHC005,MED005,460,38,105,34.8,27
16-03-2025,PHC005,MED005,429,31,105,33.7,20
17-03-2025,PHC005,MED005,411,18,67,25.9,12
18-03-2025,PHC005,MED005,385,26,94,26.5,21
19-03-2025,PHC005,MED005,351,34,93,33.9,22
20-03-2025,PHC005,MED005,322,29,80,23.9,15
21-03-2025,PHC005,MED005,297,25,94,33.9,19
22-03-2025,PHC005,MED005,275,22,71,23.6,13
23-03-2025,PHC005,MED005,250,25,64,23.4,15
24-03-2025,PHC005,MED005,225,25,102,24,18
25-03-2025,PHC005,MED005,205,20,76,22.2,15
26-03-2025,PHC005,MED005,180,25,93,26.3,24
27-03-2025,PHC005,MED005,162,18,69,30,30
28-03-2025,PHC005,MED005,145,17,55,27.8,11
29-03-2025,PHC005,MED005,115,30,83,20.1,20
30-03-2025,PHC005,MED005,623,37,107,21.9,22
31-03-2025,PHC005,MED005,604,19,73,24.5,18
01-04-2025,PHC005,MED005,580,24,88,24.3,18
02-04-2025,PHC005,MED005,559,21,65,22,11
03-04-2025,PHC005,MED005,538,21,81,20.2,18
04-04-2025,PHC005,MED005,513,25,98,21,27
05-04-2025,PHC005,MED005,477,36,90,20.8,18
06-04-2025,PHC005,MED005,447,30,97,31.7,25
07-04-2025,PHC005,MED005,424,23,88,25,31
08-04-2025,PHC005,MED005,402,22,89,25,20
09-04-2025,PHC005,MED005,377,25,68,27.1,23
10-04-2025,PHC005,MED005,355,22,80,28.6,21
11-04-2025,PHC005,MED005,334,21,81,30.6,22
12-04-2025,PHC005,MED005,308,26,89,23.3,20
13-04-2025,PHC005,MED005,264,44,123,28.3,35
14-04-2025,PHC005,MED005,241,23,83,26.1,23
15-04-2025,PHC005,MED005,211,30,102,20.5,22
16-04-2025,PHC005,MED005,182,29,93,23.1,22
17-04-2025,PHC005,MED005,157,25,90,29.9,25
18-04-2025,PHC005,MED005,142,15,65,29.9,15
19-04-2025,PHC005,MED005,118,24,96,20.4,17
20-04-2025,PHC005,MED005,91,27,82,30.6,24
21-04-2025,PHC005,MED005,816,28,99,25.7,32
22-04-2025,PHC005,MED005,794,22,78,29.9,20
23-04-2025,PHC005,MED005,780,14,49,21,13
24-04-2025,PHC005,MED005,734,46,127,20.9,28
25-04-2025,PHC005,MED005,707,27,84,32.5,29
26-04-2025,PHC005,MED005,681,26,89,24.2,24
27-04-2025,PHC005,MED005,652,29,85,31.3,23
28-04-2025,PHC005,MED005,637,15,55,22,13
29-04-2025,PHC005,MED005,605,32,101,23.5,24
30-04-2025,PHC005,MED005,573,32,86,23.2,8
01-05-2025,PHC005,MED005,549,24,88,23.3,19
02-05-2025,PHC005,MED005,520,29,97,30.1,31
03-05-2025,PHC005,MED005,489,31,77,34,21
04-05-2025,PHC005,MED005,455,34,94,29.1,27
05-05-2025,PHC005,MED005,431,24,80,33.5,15
06-05-2025,PHC005,MED005,407,24,84,34.1,19
07-05-2025,PHC005,MED005,382,25,85,28.7,24
08-05-2025,PHC005,MED005,367,15,53,24.1,13
09-05-2025,PHC005,MED005,342,25,103,20.7,21
10-05-2025,PHC005,MED005,315,27,88,32.1,30
11-05-2025,PHC005,MED005,284,31,102,20.2,14
12-05-2025,PHC005,MED005,256,28,82,24.4,25
13-05-2025,PHC005,MED005,233,23,84,32.2,19
14-05-2025,PHC005,MED005,216,17,47,26.9,11
15-05-2025,PHC005,MED005,195,21,81,33.8,17
16-05-2025,PHC005,MED005,176,19,62,21.6,13
17-05-2025,PHC005,MED005,142,34,97,32.9,17
18-05-2025,PHC005,MED005,108,34,90,28.1,18
19-05-2025,PHC005,MED005,84,24,88,30.2,20
20-05-2025,PHC005,MED005,64,20,70,22.3,18
21-05-2025,PHC005,MED005,48,16,58,28.8,9
22-05-2025,PHC005,MED005,590,17,66,23.8,16
23-05-2025,PHC005,MED005,567,23,79,23.7,16
24-05-2025,PHC005,MED005,536,31,102,31.9,14
25-05-2025,PHC005,MED005,499,37,97,34.7,25
26-05-2025,PHC005,MED005,472,27,91,25.2,19
27-05-2025,PHC005,MED005,453,19,74,33.8,13
28-05-2025,PHC005,MED005,437,16,65,26.8,24
29-05-2025,PHC005,MED005,399,38,107,24.4,29
30-05-2025,PHC005,MED005,371,28,85,21.6,21
31-05-2025,PHC005,MED005,334,37,112,30.4,26
01-06-2025,PHC005,MED005,305,29,104,27.4,32
02-06-2025,PHC005,MED005,283,22,84,27.4,23
03-06-2025,PHC005,MED005,256,27,87,22.5,22
04-06-2025,PHC005,MED005,238,18,72,22.2,21
05-06-2025,PHC005,MED005,208,30,90,28.9,18
06-06-2025,PHC005,MED005,190,18,62,22.9,7
07-06-2025,PHC005,MED005,160,30,115,23,25
08-06-2025,PHC005,MED005,129,31,89,33.2,26
09-06-2025,PHC005,MED005,112,17,69,29,20
10-06-2025,PHC005,MED005,89,23,82,27,20
11-06-2025,PHC005,MED005,714,25,78,31.5,14
12-06-2025,PHC005,MED005,693,21,68,33.1,22
13-06-2025,PHC005,MED005,664,29,101,33.6,18
14-06-2025,PHC005,MED005,635,29,75,23.1,23
15-06-2025,PHC005,MED005,604,31,85,22.8,19
16-06-2025,PHC005,MED005,575,29,95,31.9,21
17-06-2025,PHC005,MED005,545,30,92,33.3,25
18-06-2025,PHC005,MED005,520,25,76,32.1,20
19-06-2025,PHC005,MED005,495,25,96,22.3,13
20-06-2025,PHC005,MED005,467,28,79,33.9,21
21-06-2025,PHC005,MED005,436,31,85,24.8,21
22-06-2025,PHC005,MED005,408,28,93,26,15
23-06-2025,PHC005,MED005,384,24,87,26.1,21
24-06-2025,PHC005,MED005,356,28,91,30,15
25-06-2025,PHC005,MED005,331,25,79,23.9,16
26-06-2025,PHC005,MED005,313,18,58,28.3,13
27-06-2025,PHC005,MED005,284,29,86,31.4,27
28-06-2025,PHC005,MED005,244,40,104,28,27
29-06-2025,PHC005,MED005,214,30,73,21.3,23
01-01-2025,PHC006,MED001,454,142,138,21.1,33
02-01-2025,PHC006,MED001,343,111,111,25.6,29
03-01-2025,PHC006,MED001,974,126,138,26.3,38
04-01-2025,PHC006,MED001,793,181,149,21.6,45
05-01-2025,PHC006,MED001,631,162,140,20.9,40
06-01-2025,PHC006,MED001,1164,173,141,20,41
07-01-2025,PHC006,MED001,1030,134,114,27.5,32
08-01-2025,PHC006,MED001,903,127,122,24.7,26
09-01-2025,PHC006,MED001,808,95,118,25.8,36
10-01-2025,PHC006,MED001,639,169,150,31.2,34
11-01-2025,PHC006,MED001,486,153,129,23.3,27
12-01-2025,PHC006,MED001,664,213,142,32.1,42
13-01-2025,PHC006,MED001,502,162,138,24.6,35
14-01-2025,PHC006,MED001,728,131,134,31.9,28
15-01-2025,PHC006,MED001,571,157,126,27.7,37
16-01-2025,PHC006,MED001,457,114,111,27.1,26
17-01-2025,PHC006,MED001,955,115,123,31.4,28
18-01-2025,PHC006,MED001,750,205,138,21.4,33
19-01-2025,PHC006,MED001,1303,195,161,21.7,46
20-01-2025,PHC006,MED001,1156,147,127,31.1,27
21-01-2025,PHC006,MED001,1021,135,128,20.9,24
22-01-2025,PHC006,MED001,856,165,137,28.2,36
23-01-2025,PHC006,MED001,679,177,132,24.8,35
24-01-2025,PHC006,MED001,1070,190,137,33.5,32
25-01-2025,PHC006,MED001,878,192,140,28.3,23
26-01-2025,PHC006,MED001,684,194,162,31.7,41
27-01-2025,PHC006,MED001,556,128,130,26.8,30
28-01-2025,PHC006,MED001,440,116,126,34,35
29-01-2025,PHC006,MED001,814,182,135,28.3,31
30-01-2025,PHC006,MED001,700,114,109,31.8,23
31-01-2025,PHC006,MED001,551,149,139,27.3,33
01-02-2025,PHC006,MED001,946,182,145,29.5,34
02-02-2025,PHC006,MED001,731,215,170,31.5,38
03-02-2025,PHC006,MED001,558,173,144,34.5,36
04-02-2025,PHC006,MED001,811,149,160,22.8,48
05-02-2025,PHC006,MED001,712,99,106,22.3,32
06-02-2025,PHC006,MED001,586,126,115,31,20
07-02-2025,PHC006,MED001,979,177,161,32.8,33
08-02-2025,PHC006,MED001,823,156,125,31.5,32
09-02-2025,PHC006,MED001,650,173,147,25.8,42
10-02-2025,PHC006,MED001,536,114,120,29.4,25
11-02-2025,PHC006,MED001,732,155,143,28.1,46
12-02-2025,PHC006,MED001,566,166,146,23.7,29
13-02-2025,PHC006,MED001,450,116,133,21.8,23
14-02-2025,PHC006,MED001,883,140,149,25.3,33
15-02-2025,PHC006,MED001,731,152,138,24.5,30
16-02-2025,PHC006,MED001,889,219,143,30.1,33
17-02-2025,PHC006,MED001,766,123,127,30.4,30
18-02-2025,PHC006,MED001,629,137,137,31.5,28
19-02-2025,PHC006,MED001,505,124,120,26.7,31
20-02-2025,PHC006,MED001,769,150,123,28.5,36
21-02-2025,PHC006,MED001,646,123,125,29.4,25
22-02-2025,PHC006,MED001,713,244,165,24.5,41
23-02-2025,PHC006,MED001,1098,231,171,22.1,36
24-02-2025,PHC006,MED001,958,140,112,35,31
25-02-2025,PHC006,MED001,821,137,135,28.4,29
26-02-2025,PHC006,MED001,703,118,110,24.6,25
27-02-2025,PHC006,MED001,551,152,119,28.6,25
28-02-2025,PHC006,MED001,1134,150,124,27.6,32
01-03-2025,PHC006,MED001,955,179,123,23.6,29
02-03-2025,PHC006,MED001,757,198,158,29.4,34
03-03-2025,PHC006,MED001,605,152,152,35,31
04-03-2025,PHC006,MED001,477,128,124,20.4,37
05-03-2025,PHC006,MED001,856,122,131,27.7,26
06-03-2025,PHC006,MED001,684,172,139,22.6,31
07-03-2025,PHC006,MED001,583,101,91,26.9,24
08-03-2025,PHC006,MED001,770,204,139,29,37
09-03-2025,PHC006,MED001,886,237,159,25.4,38
10-03-2025,PHC006,MED001,759,127,129,33.2,32
11-03-2025,PHC006,MED001,630,129,125,27.2,30
12-03-2025,PHC006,MED001,516,114,120,23.6,24
13-03-2025,PHC006,MED001,411,105,119,21.6,33
14-03-2025,PHC006,MED001,982,132,104,23.5,37
15-03-2025,PHC006,MED001,757,225,179,20,44
16-03-2025,PHC006,MED001,1314,197,162,25.9,41
17-03-2025,PHC006,MED001,1196,118,123,29.7,35
18-03-2025,PHC006,MED001,1021,175,168,25.4,43
19-03-2025,PHC006,MED001,872,149,148,26.6,37
20-03-2025,PHC006,MED001,777,95,101,34.9,22
21-03-2025,PHC006,MED001,627,150,137,30.8,28
22-03-2025,PHC006,MED001,776,168,156,27.1,39
23-03-2025,PHC006,MED001,1057,209,159,23.1,46
24-03-2025,PHC006,MED001,894,163,135,23.5,32
25-03-2025,PHC006,MED001,759,135,123,28.9,33
26-03-2025,PHC006,MED001,572,187,146,30,38
27-03-2025,PHC006,MED001,447,125,124,25.6,39
28-03-2025,PHC006,MED001,1068,145,128,22.1,33
29-03-2025,PHC006,MED001,861,207,141,33.1,31
30-03-2025,PHC006,MED001,981,243,171,31.5,51
31-03-2025,PHC006,MED001,816,165,156,23.2,35
01-04-2025,PHC006,MED001,682,134,114,26.6,22
02-04-2025,PHC006,MED001,543,139,132,28.1,28
03-04-2025,PHC006,MED001,425,118,124,29,26
04-04-2025,PHC006,MED001,698,142,121,23.5,37
05-04-2025,PHC006,MED001,993,183,142,21.2,40
06-04-2025,PHC006,MED001,787,206,159,32.4,40
07-04-2025,PHC006,MED001,666,121,133,31.1,32
08-04-2025,PHC006,MED001,529,137,143,21,46
09-04-2025,PHC006,MED001,410,119,126,33.8,25
10-04-2025,PHC006,MED001,862,122,113,31.6,25
11-04-2025,PHC006,MED001,762,100,114,29.3,22
12-04-2025,PHC006,MED001,573,189,140,22.7,33
13-04-2025,PHC006,MED001,719,205,144,32.6,33
14-04-2025,PHC006,MED001,1013,194,152,24.9,26
15-04-2025,PHC006,MED001,870,143,117,20.8,25
16-04-2025,PHC006,MED001,751,119,120,29,26
17-04-2025,PHC006,MED001,610,141,128,24,37
18-04-2025,PHC006,MED001,1169,188,143,24.5,37
19-04-2025,PHC006,MED001,988,181,124,31,29
20-04-2025,PHC006,MED001,772,216,166,24.5,36
21-04-2025,PHC006,MED001,632,140,136,23,27
22-04-2025,PHC006,MED001,1010,195,160,27.3,41
23-04-2025,PHC006,MED001,889,121,139,27.9,35
24-04-2025,PHC006,MED001,723,166,144,32.4,39
25-04-2025,PHC006,MED001,585,138,109,22.7,26
26-04-2025,PHC006,MED001,990,180,141,32.2,24
27-04-2025,PHC006,MED001,770,220,173,27.2,46
28-04-2025,PHC006,MED001,641,129,129,24.7,34
29-04-2025,PHC006,MED001,491,150,138,26.7,35
30-04-2025,PHC006,MED001,915,123,142,30.9,29
01-05-2025,PHC006,MED001,806,109,139,20.8,26
02-05-2025,PHC006,MED001,656,150,127,22.8,27
03-05-2025,PHC006,MED001,516,140,146,21.3,41
04-05-2025,PHC006,MED001,1122,171,152,26,44
05-05-2025,PHC006,MED001,993,129,141,23.1,36
06-05-2025,PHC006,MED001,862,131,141,29.4,25
07-05-2025,PHC006,MED001,776,86,93,25.1,28
08-05-2025,PHC006,MED001,674,102,117,21.7,31
09-05-2025,PHC006,MED001,573,101,110,27.2,26
10-05-2025,PHC006,MED001,737,219,140,30.6,36
11-05-2025,PHC006,MED001,558,179,154,28.9,39
12-05-2025,PHC006,MED001,1086,148,118,25.8,27
13-05-2025,PHC006,MED001,921,165,153,24.5,34
14-05-2025,PHC006,MED001,834,87,97,28.7,20
15-05-2025,PHC006,MED001,701,133,111,33.2,30
16-05-2025,PHC006,MED001,573,128,101,25.2,21
17-05-2025,PHC006,MED001,802,144,113,31.1,26
18-05-2025,PHC006,MED001,606,196,144,26.9,43
19-05-2025,PHC006,MED001,492,114,108,29.9,25
20-05-2025,PHC006,MED001,950,153,125,22.8,35
21-05-2025,PHC006,MED001,776,174,143,21.2,32
22-05-2025,PHC006,MED001,639,137,130,34.5,28
23-05-2025,PHC006,MED001,1019,174,153,31.8,34
24-05-2025,PHC006,MED001,854,165,139,34.9,34
25-05-2025,PHC006,MED001,654,200,155,22.7,38
26-05-2025,PHC006,MED001,508,146,133,26.5,28
27-05-2025,PHC006,MED001,423,85,104,28.7,24
28-05-2025,PHC006,MED001,786,109,101,34.2,26
29-05-2025,PHC006,MED001,666,120,101,20.3,20
30-05-2025,PHC006,MED001,565,101,108,28.6,33
31-05-2025,PHC006,MED001,764,176,165,26.7,33
01-06-2025,PHC006,MED001,603,161,142,26.3,30
02-06-2025,PHC006,MED001,479,124,136,25.6,42
03-06-2025,PHC006,MED001,379,100,113,20.3,28
04-06-2025,PHC006,MED001,608,135,122,20.2,17
05-06-2025,PHC006,MED001,487,121,118,31.2,29
06-06-2025,PHC006,MED001,871,188,137,28.8,36
07-06-2025,PHC006,MED001,667,204,151,27.1,42
08-06-2025,PHC006,MED001,1054,206,168,25.2,49
09-06-2025,PHC006,MED001,891,163,145,32.4,41
10-06-2025,PHC006,MED001,728,163,138,30.8,25
11-06-2025,PHC006,MED001,596,132,133,30.7,36
12-06-2025,PHC006,MED001,465,131,131,25.1,34
13-06-2025,PHC006,MED001,353,112,104,26,21
14-06-2025,PHC006,MED001,783,160,154,30.4,37
15-06-2025,PHC006,MED001,909,204,147,32,36
16-06-2025,PHC006,MED001,732,177,123,28.2,24
17-06-2025,PHC006,MED001,612,120,123,25.5,33
18-06-2025,PHC006,MED001,475,137,145,23.7,34
19-06-2025,PHC006,MED001,369,106,105,27.3,27
20-06-2025,PHC006,MED001,711,159,134,33.2,37
21-06-2025,PHC006,MED001,1250,190,156,29.9,45
22-06-2025,PHC006,MED001,1115,135,137,27.3,34
23-06-2025,PHC006,MED001,968,147,137,31.5,29
24-06-2025,PHC006,MED001,831,137,128,33.7,32
25-06-2025,PHC006,MED001,656,175,147,21,33
26-06-2025,PHC006,MED001,1001,191,125,20.5,26
27-06-2025,PHC006,MED001,821,180,164,33.4,45
28-06-2025,PHC006,MED001,660,161,133,29.5,41
29-06-2025,PHC006,MED001,821,235,175,21.9,48
01-01-2025,PHC006,MED002,1084,101,128,27.4,31
02-01-2025,PHC006,MED002,975,109,140,22,31
03-01-2025,PHC006,MED002,860,115,148,23.9,29
04-01-2025,PHC006,MED002,697,163,160,23.4,46
05-01-2025,PHC006,MED002,591,106,144,20.3,39
06-01-2025,PHC006,MED002,472,119,143,30.4,31
07-01-2025,PHC006,MED002,920,143,143,29.1,30
08-01-2025,PHC006,MED002,811,109,122,31.5,33
09-01-2025,PHC006,MED002,713,98,125,26.8,38
10-01-2025,PHC006,MED002,601,112,142,30.6,37
11-01-2025,PHC006,MED002,996,156,161,28.1,32
12-01-2025,PHC006,MED002,855,141,143,22.9,38
13-01-2025,PHC006,MED002,765,90,119,28.3,25
14-01-2025,PHC006,MED002,656,109,126,32.5,35
15-01-2025,PHC006,MED002,545,111,126,32.4,39
16-01-2025,PHC006,MED002,426,119,164,33.5,33
17-01-2025,PHC006,MED002,335,91,119,27,29
18-01-2025,PHC006,MED002,653,127,137,23.2,26
19-01-2025,PHC006,MED002,1098,164,150,32.4,32
20-01-2025,PHC006,MED002,979,119,142,34.1,46
21-01-2025,PHC006,MED002,883,96,119,29.6,34
22-01-2025,PHC006,MED002,778,105,131,25.2,27
23-01-2025,PHC006,MED002,639,139,138,33.9,21
24-01-2025,PHC006,MED002,529,110,141,21.3,37
25-01-2025,PHC006,MED002,798,174,170,26.8,44
26-01-2025,PHC006,MED002,644,154,157,30.4,40
27-01-2025,PHC006,MED002,551,93,118,24.1,20
28-01-2025,PHC006,MED002,429,122,126,32.6,25
29-01-2025,PHC006,MED002,327,102,126,27.2,30
30-01-2025,PHC006,MED002,805,100,124,31.3,29
31-01-2025,PHC006,MED002,709,96,132,31,32
01-02-2025,PHC006,MED002,572,137,145,34,33
02-02-2025,PHC006,MED002,1122,156,141,25.6,37
03-02-2025,PHC006,MED002,1014,108,128,24,34
04-02-2025,PHC006,MED002,905,109,146,23.2,31
05-02-2025,PHC006,MED002,804,101,133,22.9,34
06-02-2025,PHC006,MED002,709,95,117,30.3,32
07-02-2025,PHC006,MED002,582,127,146,30.4,39
08-02-2025,PHC006,MED002,1106,175,165,22.3,51
09-02-2025,PHC006,MED002,982,124,153,32,39
10-02-2025,PHC006,MED002,893,89,128,25.4,30
11-02-2025,PHC006,MED002,779,114,139,27.1,39
12-02-2025,PHC006,MED002,657,122,127,27.4,33
13-02-2025,PHC006,MED002,531,126,157,32,38
14-02-2025,PHC006,MED002,420,111,133,22.8,38
15-02-2025,PHC006,MED002,1012,124,127,23.1,32
16-02-2025,PHC006,MED002,858,154,145,27.6,37
17-02-2025,PHC006,MED002,764,94,115,20.4,25
18-02-2025,PHC006,MED002,650,114,135,33.8,29
19-02-2025,PHC006,MED002,601,49,105,21.7,31
20-02-2025,PHC006,MED002,485,116,143,34.5,43
21-02-2025,PHC006,MED002,369,116,129,20.8,32
22-02-2025,PHC006,MED002,972,159,176,31.4,42
23-02-2025,PHC006,MED002,791,181,174,21.4,46
24-02-2025,PHC006,MED002,681,110,122,22.7,32
25-02-2025,PHC006,MED002,563,118,123,33.7,41
26-02-2025,PHC006,MED002,456,107,128,24.1,31
27-02-2025,PHC006,MED002,381,75,113,25.6,33
28-02-2025,PHC006,MED002,678,118,151,26.3,38
01-03-2025,PHC006,MED002,551,127,139,21.2,39
02-03-2025,PHC006,MED002,777,142,121,30.8,32
03-03-2025,PHC006,MED002,661,116,135,30.4,33
04-03-2025,PHC006,MED002,566,95,117,25.7,26
05-03-2025,PHC006,MED002,471,95,134,34,31
06-03-2025,PHC006,MED002,408,63,104,22.6,21
07-03-2025,PHC006,MED002,1007,111,142,31,43
08-03-2025,PHC006,MED002,913,94,133,27.2,32
09-03-2025,PHC006,MED002,769,144,162,21.9,47
10-03-2025,PHC006,MED002,716,53,74,33.6,22
11-03-2025,PHC006,MED002,612,104,129,31.2,31
12-03-2025,PHC006,MED002,520,92,109,34.6,30
13-03-2025,PHC006,MED002,415,105,128,32.7,36
14-03-2025,PHC006,MED002,321,94,140,20.7,38
15-03-2025,PHC006,MED002,994,109,162,31.5,41
16-03-2025,PHC006,MED002,866,128,163,34.4,39
17-03-2025,PHC006,MED002,807,59,109,24.2,30
18-03-2025,PHC006,MED002,689,118,127,26.7,37
19-03-2025,PHC006,MED002,577,112,124,27.9,35
20-03-2025,PHC006,MED002,472,105,122,22.2,35
21-03-2025,PHC006,MED002,372,100,122,30.9,33
22-03-2025,PHC006,MED002,998,123,139,33,27
23-03-2025,PHC006,MED002,834,164,159,20.9,40
24-03-2025,PHC006,MED002,718,116,147,23.7,37
25-03-2025,PHC006,MED002,585,133,152,21.7,34
26-03-2025,PHC006,MED002,452,133,147,28.6,36
27-03-2025,PHC006,MED002,388,64,73,32,20
28-03-2025,PHC006,MED002,890,119,166,32.8,43
29-03-2025,PHC006,MED002,718,172,165,30.3,43
30-03-2025,PHC006,MED002,589,129,153,32.5,43
31-03-2025,PHC006,MED002,512,77,97,30.7,19
01-04-2025,PHC006,MED002,419,93,131,31.9,32
02-04-2025,PHC006,MED002,1076,108,145,32.8,37
03-04-2025,PHC006,MED002,988,88,113,23.9,26
04-04-2025,PHC006,MED002,894,94,134,34.6,41
05-04-2025,PHC006,MED002,776,118,126,23.7,30
06-04-2025,PHC006,MED002,673,103,153,21.2,44
07-04-2025,PHC006,MED002,560,113,155,24.8,44
08-04-2025,PHC006,MED002,465,95,113,27.5,25
09-04-2025,PHC006,MED002,353,112,131,24.6,19
10-04-2025,PHC006,MED002,713,125,127,20.2,31
11-04-2025,PHC006,MED002,616,97,136,24.2,42
12-04-2025,PHC006,MED002,900,161,157,29,34
13-04-2025,PHC006,MED002,789,111,128,32.9,28
14-04-2025,PHC006,MED002,680,109,133,22.1,34
15-04-2025,PHC006,MED002,566,114,147,32.2,31
16-04-2025,PHC006,MED002,469,97,111,33.8,32
17-04-2025,PHC006,MED002,369,100,119,28.9,24
18-04-2025,PHC006,MED002,281,88,90,22.1,28
19-04-2025,PHC006,MED002,527,123,131,21.1,31
20-04-2025,PHC006,MED002,1164,160,162,25.4,31
21-04-2025,PHC006,MED002,1046,118,134,34.3,37
22-04-2025,PHC006,MED002,897,149,178,22.4,48
23-04-2025,PHC006,MED002,785,112,150,34.3,42
24-04-2025,PHC006,MED002,687,98,125,34.1,23
25-04-2025,PHC006,MED002,596,91,111,34.6,21
26-04-2025,PHC006,MED002,482,114,151,21.7,32
27-04-2025,PHC006,MED002,615,179,165,22.6,42
28-04-2025,PHC006,MED002,500,115,134,23.6,35
29-04-2025,PHC006,MED002,768,134,133,21.3,34
30-04-2025,PHC006,MED002,679,89,106,31,29
01-05-2025,PHC006,MED002,555,124,143,25.3,33
02-05-2025,PHC006,MED002,426,129,145,25.6,35
03-05-2025,PHC006,MED002,1059,123,133,31.3,33
04-05-2025,PHC006,MED002,952,107,176,23.9,42
05-05-2025,PHC006,MED002,867,85,126,33.1,32
06-05-2025,PHC006,MED002,787,80,103,23.3,30
07-05-2025,PHC006,MED002,689,98,119,34.5,26
08-05-2025,PHC006,MED002,572,117,133,30.8,33
09-05-2025,PHC006,MED002,469,103,142,34.5,21
10-05-2025,PHC006,MED002,632,179,175,34.4,43
11-05-2025,PHC006,MED002,487,145,133,22.5,33
12-05-2025,PHC006,MED002,397,90,120,26.9,29
13-05-2025,PHC006,MED002,309,88,143,34.8,34
14-05-2025,PHC006,MED002,875,91,127,25.3,30
15-05-2025,PHC006,MED002,765,110,137,32.8,22
16-05-2025,PHC006,MED002,667,98,135,33.3,42
17-05-2025,PHC006,MED002,527,140,133,27.7,36
18-05-2025,PHC006,MED002,774,134,126,21.2,29
19-05-2025,PHC006,MED002,655,119,110,25.4,24
20-05-2025,PHC006,MED002,531,124,138,27.5,39
21-05-2025,PHC006,MED002,433,98,116,22.2,29
22-05-2025,PHC006,MED002,828,119,159,24.6,41
23-05-2025,PHC006,MED002,698,130,147,28.2,30
24-05-2025,PHC006,MED002,537,161,146,32.7,32
25-05-2025,PHC006,MED002,414,123,129,22.5,27
26-05-2025,PHC006,MED002,992,132,155,30.4,43
27-05-2025,PHC006,MED002,873,119,123,31.5,39
28-05-2025,PHC006,MED002,752,121,143,28.3,32
29-05-2025,PHC006,MED002,661,91,113,20,27
30-05-2025,PHC006,MED002,542,119,119,31.8,30
31-05-2025,PHC006,MED002,439,103,119,32.1,29
01-06-2025,PHC006,MED002,805,141,130,28.1,30
02-06-2025,PHC006,MED002,714,91,104,20.3,31
03-06-2025,PHC006,MED002,632,82,106,22.4,29
04-06-2025,PHC006,MED002,528,104,138,29.8,31
05-06-2025,PHC006,MED002,883,150,156,21.8,42
06-06-2025,PHC006,MED002,789,94,149,34.3,39
07-06-2025,PHC006,MED002,632,157,161,30.7,40
08-06-2025,PHC006,MED002,498,134,137,20.8,29
09-06-2025,PHC006,MED002,393,105,132,28.9,36
10-06-2025,PHC006,MED002,301,92,110,29.1,25
11-06-2025,PHC006,MED002,654,99,127,20.2,32
12-06-2025,PHC006,MED002,521,133,144,21.8,33
13-06-2025,PHC006,MED002,424,97,143,27,35
14-06-2025,PHC006,MED002,774,148,140,31.7,30
15-06-2025,PHC006,MED002,630,144,161,34.8,42
16-06-2025,PHC006,MED002,519,111,114,34.7,34
17-06-2025,PHC006,MED002,398,121,128,24.3,31
18-06-2025,PHC006,MED002,877,142,146,27.9,35
19-06-2025,PHC006,MED002,787,90,104,26.6,28
20-06-2025,PHC006,MED002,649,138,132,30.6,39
21-06-2025,PHC006,MED002,513,136,153,32.6,31
22-06-2025,PHC006,MED002,401,112,147,22.1,36
23-06-2025,PHC006,MED002,304,97,134,34.2,32
24-06-2025,PHC006,MED002,979,124,132,30.4,33
25-06-2025,PHC006,MED002,866,113,142,23,36
26-06-2025,PHC006,MED002,785,81,108,29.5,22
27-06-2025,PHC006,MED002,684,101,140,27.3,35
28-06-2025,PHC006,MED002,545,139,151,33.2,36
29-06-2025,PHC006,MED002,409,136,146,24.3,39
01-01-2025,PHC006,MED003,457,58,118,25.5,22
02-01-2025,PHC006,MED003,368,89,153,29.8,37
03-01-2025,PHC006,MED003,285,83,123,32,27
04-01-2025,PHC006,MED003,672,113,171,32.4,45
05-01-2025,PHC006,MED003,592,80,126,25.8,27
06-01-2025,PHC006,MED003,516,76,116,26,25
07-01-2025,PHC006,MED003,450,66,114,26.6,29
08-01-2025,PHC006,MED003,380,70,124,28.7,29
09-01-2025,PHC006,MED003,601,124,164,30.5,39
10-01-2025,PHC006,MED003,520,81,116,32.6,25
11-01-2025,PHC006,MED003,780,151,171,25.8,37
12-01-2025,PHC006,MED003,673,107,149,34.1,37
13-01-2025,PHC006,MED003,589,84,136,23.9,28
14-01-2025,PHC006,MED003,505,84,117,21.7,31
15-01-2025,PHC006,MED003,440,65,119,22.1,28
16-01-2025,PHC006,MED003,363,77,126,24.5,32
17-01-2025,PHC006,MED003,275,88,141,32.1,38
18-01-2025,PHC006,MED003,938,103,150,21.5,38
19-01-2025,PHC006,MED003,816,122,164,25.5,43
20-01-2025,PHC006,MED003,743,73,111,30.7,24
21-01-2025,PHC006,MED003,658,85,130,34,39
22-01-2025,PHC006,MED003,584,74,121,24.9,28
23-01-2025,PHC006,MED003,504,80,142,24.1,26
24-01-2025,PHC006,MED003,424,80,129,32.3,38
25-01-2025,PHC006,MED003,331,93,135,34.4,31
26-01-2025,PHC006,MED003,552,135,159,33.7,35
27-01-2025,PHC006,MED003,452,100,146,33.6,42
28-01-2025,PHC006,MED003,371,81,122,25.6,33
29-01-2025,PHC006,MED003,300,71,113,25.1,25
30-01-2025,PHC006,MED003,816,90,144,30.1,37
31-01-2025,PHC006,MED003,739,77,119,25.8,30
01-02-2025,PHC006,MED003,616,123,170,34.9,34
02-02-2025,PHC006,MED003,507,109,151,26.9,32
03-02-2025,PHC006,MED003,424,83,140,23.1,33
04-02-2025,PHC006,MED003,338,86,137,25.4,29
05-02-2025,PHC006,MED003,273,65,105,31.3,10
06-02-2025,PHC006,MED003,217,56,105,23.2,27
07-02-2025,PHC006,MED003,664,79,130,22.8,32
08-02-2025,PHC006,MED003,552,112,147,24.5,38
09-02-2025,PHC006,MED003,473,79,129,22.4,29
10-02-2025,PHC006,MED003,397,76,134,31.3,36
11-02-2025,PHC006,MED003,321,76,115,28.3,32
12-02-2025,PHC006,MED003,761,88,155,26.7,24
13-02-2025,PHC006,MED003,688,73,133,23.1,30
14-02-2025,PHC006,MED003,611,77,123,32.5,31
15-02-2025,PHC006,MED003,533,78,162,26,38
16-02-2025,PHC006,MED003,431,102,141,29.1,36
17-02-2025,PHC006,MED003,361,70,147,29.1,35
18-02-2025,PHC006,MED003,295,66,110,20.5,31
19-02-2025,PHC006,MED003,586,99,163,30.2,35
20-02-2025,PHC006,MED003,498,88,142,25.6,37
21-02-2025,PHC006,MED003,431,67,131,34.2,34
22-02-2025,PHC006,MED003,334,97,142,23,33
23-02-2025,PHC006,MED003,1022,99,152,26.7,43
24-02-2025,PHC006,MED003,946,76,129,22.9,32
25-02-2025,PHC006,MED003,867,79,118,27.5,21
26-02-2025,PHC006,MED003,778,89,142,25.1,31
27-02-2025,PHC006,MED003,678,100,145,20.4,43
28-02-2025,PHC006,MED003,588,90,138,22.2,29
01-03-2025,PHC006,MED003,457,131,158,26.8,31
02-03-2025,PHC006,MED003,351,106,150,22.6,39
03-03-2025,PHC006,MED003,269,82,126,32.5,38
04-03-2025,PHC006,MED003,208,61,140,27.4,28
05-03-2025,PHC006,MED003,525,63,104,31.7,28
06-03-2025,PHC006,MED003,459,66,115,21.7,24
07-03-2025,PHC006,MED003,375,84,148,25.6,33
08-03-2025,PHC006,MED003,949,138,175,34.3,40
09-03-2025,PHC006,MED003,845,104,149,22.7,37
10-03-2025,PHC006,MED003,791,54,96,28.5,30
11-03-2025,PHC006,MED003,716,75,127,30.2,35
12-03-2025,PHC006,MED003,658,58,126,20.9,40
13-03-2025,PHC006,MED003,580,78,120,31.4,20
14-03-2025,PHC006,MED003,477,103,153,21.2,33
15-03-2025,PHC006,MED003,403,74,141,30.3,37
16-03-2025,PHC006,MED003,674,122,160,23,38
17-03-2025,PHC006,MED003,570,104,155,28.7,38
18-03-2025,PHC006,MED003,498,72,147,26.6,28
19-03-2025,PHC006,MED003,423,75,119,28.3,26
20-03-2025,PHC006,MED003,379,44,92,20.5,19
21-03-2025,PHC006,MED003,953,99,150,25.2,37
22-03-2025,PHC006,MED003,873,80,115,24.9,19
23-03-2025,PHC006,MED003,778,95,138,30.5,32
24-03-2025,PHC006,MED003,667,111,146,28.1,36
25-03-2025,PHC006,MED003,569,98,146,25.2,40
26-03-2025,PHC006,MED003,470,99,168,28.4,46
27-03-2025,PHC006,MED003,383,87,132,25.9,28
28-03-2025,PHC006,MED003,312,71,125,32.9,33
29-03-2025,PHC006,MED003,893,102,144,24,42
30-03-2025,PHC006,MED003,768,125,138,26.8,31
31-03-2025,PHC006,MED003,679,89,129,26.3,23
01-04-2025,PHC006,MED003,609,70,115,26.2,28
02-04-2025,PHC006,MED003,542,67,122,33.8,23
03-04-2025,PHC006,MED003,478,64,103,22.6,21
04-04-2025,PHC006,MED003,397,81,132,32.4,37
05-04-2025,PHC006,MED003,305,92,140,29.3,43
06-04-2025,PHC006,MED003,581,104,167,22.6,47
07-04-2025,PHC006,MED003,503,78,123,23.1,33
08-04-2025,PHC006,MED003,424,79,129,32.1,31
09-04-2025,PHC006,MED003,328,96,152,25.2,32
10-04-2025,PHC006,MED003,256,72,128,25.1,34
11-04-2025,PHC006,MED003,742,72,118,33.5,36
12-04-2025,PHC006,MED003,651,91,164,24.3,44
13-04-2025,PHC006,MED003,544,107,153,31.3,31
14-04-2025,PHC006,MED003,439,105,160,33.8,38
15-04-2025,PHC006,MED003,354,85,122,32.2,29
16-04-2025,PHC006,MED003,314,40,132,23.5,31
17-04-2025,PHC006,MED003,816,94,156,24,48
18-04-2025,PHC006,MED003,725,91,138,31.3,42
19-04-2025,PHC006,MED003,657,68,123,29.2,37
20-04-2025,PHC006,MED003,564,93,124,27.4,33
21-04-2025,PHC006,MED003,485,79,135,24.6,39
22-04-2025,PHC006,MED003,407,78,135,28.9,37
23-04-2025,PHC006,MED003,310,97,143,28.5,30
24-04-2025,PHC006,MED003,235,75,121,22,32
25-04-2025,PHC006,MED003,669,71,124,23.4,32
26-04-2025,PHC006,MED003,551,118,150,34.3,41
27-04-2025,PHC006,MED003,458,93,140,32.8,35
28-04-2025,PHC006,MED003,371,87,118,22.1,21
29-04-2025,PHC006,MED003,575,98,150,21.8,38
30-04-2025,PHC006,MED003,502,73,119,31.1,27
01-05-2025,PHC006,MED003,435,67,117,33.1,28
02-05-2025,PHC006,MED003,358,77,139,30.4,34
03-05-2025,PHC006,MED003,626,103,157,24.8,35
04-05-2025,PHC006,MED003,498,128,172,24.5,48
05-05-2025,PHC006,MED003,435,63,127,32.8,30
06-05-2025,PHC006,MED003,363,72,131,29.1,30
07-05-2025,PHC006,MED003,815,104,145,23.8,41
08-05-2025,PHC006,MED003,726,89,158,23.8,31
09-05-2025,PHC006,MED003,644,82,133,34,29
10-05-2025,PHC006,MED003,584,60,129,24.5,31
11-05-2025,PHC006,MED003,507,77,132,26.5,31
12-05-2025,PHC006,MED003,437,70,108,23.5,28
13-05-2025,PHC006,MED003,359,78,139,28.4,40
14-05-2025,PHC006,MED003,277,82,140,25.1,33
15-05-2025,PHC006,MED003,675,72,124,34.4,23
16-05-2025,PHC006,MED003,593,82,160,25.4,34
17-05-2025,PHC006,MED003,486,107,139,31.1,34
18-05-2025,PHC006,MED003,387,99,171,27.2,40
19-05-2025,PHC006,MED003,314,73,121,31.1,31
20-05-2025,PHC006,MED003,240,74,146,25.4,31
21-05-2025,PHC006,MED003,850,92,156,29.6,34
22-05-2025,PHC006,MED003,765,85,142,22.4,32
23-05-2025,PHC006,MED003,690,75,135,31.3,37
24-05-2025,PHC006,MED003,613,77,146,26.1,39
25-05-2025,PHC006,MED003,513,100,150,26.7,22
26-05-2025,PHC006,MED003,454,59,126,29.7,32
27-05-2025,PHC006,MED003,353,101,160,31.9,46
28-05-2025,PHC006,MED003,953,103,141,28.9,33
29-05-2025,PHC006,MED003,848,105,152,26.3,38
30-05-2025,PHC006,MED003,750,98,149,20,42
31-05-2025,PHC006,MED003,615,135,176,32.4,38
01-06-2025,PHC006,MED003,508,107,155,27.2,35
02-06-2025,PHC006,MED003,436,72,128,30.8,33
03-06-2025,PHC006,MED003,374,62,126,23.7,31
04-06-2025,PHC006,MED003,288,86,131,22.7,26
05-06-2025,PHC006,MED003,919,105,153,23.3,48
06-06-2025,PHC006,MED003,835,84,134,34.5,33
07-06-2025,PHC006,MED003,736,99,145,26,34
08-06-2025,PHC006,MED003,652,84,121,31.2,36
09-06-2025,PHC006,MED003,580,72,125,25.9,41
10-06-2025,PHC006,MED003,488,92,133,34.1,39
11-06-2025,PHC006,MED003,404,84,130,24.1,32
12-06-2025,PHC006,MED003,706,103,153,29.9,43
13-06-2025,PHC006,MED003,640,66,112,31.8,38
14-06-2025,PHC006,MED003,526,114,165,31.9,45
15-06-2025,PHC006,MED003,408,118,172,34.1,47
16-06-2025,PHC006,MED003,329,79,126,24.1,26
17-06-2025,PHC006,MED003,264,65,122,27,30
18-06-2025,PHC006,MED003,857,92,121,25.4,26
19-06-2025,PHC006,MED003,780,77,119,23.1,39
20-06-2025,PHC006,MED003,693,87,129,29.4,36
21-06-2025,PHC006,MED003,582,111,152,24.9,36
22-06-2025,PHC006,MED003,460,122,139,26.6,39
23-06-2025,PHC006,MED003,379,81,129,22.8,25
24-06-2025,PHC006,MED003,302,77,126,33.2,34
25-06-2025,PHC006,MED003,752,104,139,21.2,31
26-06-2025,PHC006,MED003,670,82,135,26.4,37
27-06-2025,PHC006,MED003,595,75,138,26.7,37
28-06-2025,PHC006,MED003,491,104,149,25.4,36
29-06-2025,PHC006,MED003,384,107,166,31.4,41
01-01-2025,PHC006,MED004,842,86,125,30.3,30
02-01-2025,PHC006,MED004,757,85,145,29.8,35
03-01-2025,PHC006,MED004,682,75,130,25.1,32
04-01-2025,PHC006,MED004,581,101,148,34.2,41
05-01-2025,PHC006,MED004,473,108,155,24.2,43
06-01-2025,PHC006,MED004,375,98,147,28.7,45
07-01-2025,PHC006,MED004,296,79,132,23.9,39
08-01-2025,PHC006,MED004,670,76,135,31.1,37
09-01-2025,PHC006,MED004,583,87,132,33.6,38
10-01-2025,PHC006,MED004,485,98,139,21.2,42
11-01-2025,PHC006,MED004,379,106,149,34.4,27
12-01-2025,PHC006,MED004,1021,106,161,22,47
13-01-2025,PHC006,MED004,931,90,121,28.3,32
14-01-2025,PHC006,MED004,864,67,93,33.2,29
15-01-2025,PHC006,MED004,771,93,141,27.8,37
16-01-2025,PHC006,MED004,681,90,127,33.9,36
17-01-2025,PHC006,MED004,594,87,143,20.2,44
18-01-2025,PHC006,MED004,498,96,147,32.6,34
19-01-2025,PHC006,MED004,412,86,139,23.5,37
20-01-2025,PHC006,MED004,733,105,145,23.4,46
21-01-2025,PHC006,MED004,666,67,98,28.9,28
22-01-2025,PHC006,MED004,573,93,133,23.2,27
23-01-2025,PHC006,MED004,467,106,136,31.9,28
24-01-2025,PHC006,MED004,373,94,118,26.3,34
25-01-2025,PHC006,MED004,553,128,161,28.6,36
26-01-2025,PHC006,MED004,445,108,155,29.7,39
27-01-2025,PHC006,MED004,370,75,119,31.4,31
28-01-2025,PHC006,MED004,293,77,105,23.1,31
29-01-2025,PHC006,MED004,959,78,118,32.2,31
30-01-2025,PHC006,MED004,896,63,107,34.8,31
31-01-2025,PHC006,MED004,810,86,158,32,40
01-02-2025,PHC006,MED004,730,80,126,28.6,35
02-02-2025,PHC006,MED004,618,112,153,26.8,40
03-02-2025,PHC006,MED004,505,113,159,21.2,32
04-02-2025,PHC006,MED004,417,88,144,26.6,30
05-02-2025,PHC006,MED004,344,73,135,26,38
06-02-2025,PHC006,MED004,1021,106,147,30.1,46
07-02-2025,PHC006,MED004,955,66,117,31.5,31
08-02-2025,PHC006,MED004,871,84,128,30.1,31
09-02-2025,PHC006,MED004,758,113,141,22.3,36
10-02-2025,PHC006,MED004,679,79,118,31.5,17
11-02-2025,PHC006,MED004,592,87,118,33.8,36
12-02-2025,PHC006,MED004,524,68,102,24.6,23
13-02-2025,PHC006,MED004,424,100,144,30.8,35
14-02-2025,PHC006,MED004,346,78,110,30,23
15-02-2025,PHC006,MED004,266,80,147,24.5,38
16-02-2025,PHC006,MED004,751,127,169,20.3,41
17-02-2025,PHC006,MED004,648,103,154,34.9,43
18-02-2025,PHC006,MED004,569,79,125,25.1,30
19-02-2025,PHC006,MED004,456,113,127,28,20
20-02-2025,PHC006,MED004,379,77,141,28.4,34
21-02-2025,PHC006,MED004,298,81,127,20.8,29
22-02-2025,PHC006,MED004,741,132,167,30.2,49
23-02-2025,PHC006,MED004,626,115,132,32.9,37
24-02-2025,PHC006,MED004,523,103,150,34.3,37
25-02-2025,PHC006,MED004,409,114,140,27.9,42
26-02-2025,PHC006,MED004,721,117,146,33.8,30
27-02-2025,PHC006,MED004,632,89,142,30.8,40
28-02-2025,PHC006,MED004,532,100,147,27.7,44
01-03-2025,PHC006,MED004,403,129,157,27.1,37
02-03-2025,PHC006,MED004,594,133,187,26.2,41
03-03-2025,PHC006,MED004,487,107,145,28.1,37
04-03-2025,PHC006,MED004,420,67,97,34.4,23
05-03-2025,PHC006,MED004,328,92,133,34.2,35
06-03-2025,PHC006,MED004,249,79,108,31.6,24
07-03-2025,PHC006,MED004,472,86,104,29.9,20
08-03-2025,PHC006,MED004,738,128,131,29.9,34
09-03-2025,PHC006,MED004,642,96,141,24.1,31
10-03-2025,PHC006,MED004,550,92,146,26.3,39
11-03-2025,PHC006,MED004,480,70,125,32.9,22
12-03-2025,PHC006,MED004,386,94,137,25.9,39
13-03-2025,PHC006,MED004,298,88,129,29.4,32
14-03-2025,PHC006,MED004,860,82,109,32.1,29
15-03-2025,PHC006,MED004,752,108,148,24,40
16-03-2025,PHC006,MED004,640,112,139,29.5,40
17-03-2025,PHC006,MED004,545,95,140,33.1,42
18-03-2025,PHC006,MED004,455,90,134,20.2,32
19-03-2025,PHC006,MED004,388,67,102,22.4,28
20-03-2025,PHC006,MED004,317,71,137,29,31
21-03-2025,PHC006,MED004,540,81,111,25.5,29
22-03-2025,PHC006,MED004,435,105,162,28.5,50
23-03-2025,PHC006,MED004,1005,119,164,25.7,39
24-03-2025,PHC006,MED004,921,84,121,31.3,31
25-03-2025,PHC006,MED004,843,78,142,24.6,41
26-03-2025,PHC006,MED004,758,85,123,31.5,33
27-03-2025,PHC006,MED004,673,85,154,31.8,35
28-03-2025,PHC006,MED004,581,92,131,20.2,28
29-03-2025,PHC006,MED004,478,103,164,33.5,38
30-03-2025,PHC006,MED004,408,70,141,33.1,34
31-03-2025,PHC006,MED004,325,83,106,34.1,26
01-04-2025,PHC006,MED004,734,86,122,23,32
02-04-2025,PHC006,MED004,637,97,140,31.6,30
03-04-2025,PHC006,MED004,533,104,144,28.8,35
04-04-2025,PHC006,MED004,445,88,143,33.7,30
05-04-2025,PHC006,MED004,912,142,173,22,36
06-04-2025,PHC006,MED004,799,113,152,34.4,34
07-04-2025,PHC006,MED004,739,60,122,25.8,29
08-04-2025,PHC006,MED004,644,95,152,26.1,44
09-04-2025,PHC006,MED004,574,70,134,29.2,37
10-04-2025,PHC006,MED004,510,64,112,28.8,20
11-04-2025,PHC006,MED004,425,85,127,31,22
12-04-2025,PHC006,MED004,890,119,162,34.6,35
13-04-2025,PHC006,MED004,784,106,125,26.8,30
14-04-2025,PHC006,MED004,672,112,160,23.7,36
15-04-2025,PHC006,MED004,581,91,124,34.2,30
16-04-2025,PHC006,MED004,518,63,99,23,25
17-04-2025,PHC006,MED004,412,106,119,31.5,29
18-04-2025,PHC006,MED004,755,105,152,33.5,37
19-04-2025,PHC006,MED004,657,98,142,29.9,42
20-04-2025,PHC006,MED004,557,100,152,34.2,42
21-04-2025,PHC006,MED004,460,97,141,29.8,34
22-04-2025,PHC006,MED004,796,117,133,21.1,30
23-04-2025,PHC006,MED004,708,88,137,32.2,36
24-04-2025,PHC006,MED004,629,79,129,22,28
25-04-2025,PHC006,MED004,546,83,113,29.7,24
26-04-2025,PHC006,MED004,417,129,136,34.1,38
27-04-2025,PHC006,MED004,584,161,170,24.9,50
28-04-2025,PHC006,MED004,497,87,125,32.5,27
29-04-2025,PHC006,MED004,412,85,163,34.9,42
30-04-2025,PHC006,MED004,909,120,145,28.4,45
01-05-2025,PHC006,MED004,830,79,102,28.5,31
02-05-2025,PHC006,MED004,762,68,125,20.5,43
03-05-2025,PHC006,MED004,636,126,163,28,40
04-05-2025,PHC006,MED004,536,100,144,34,33
05-05-2025,PHC006,MED004,473,63,114,21.5,30
06-05-2025,PHC006,MED004,391,82,126,31.5,34
07-05-2025,PHC006,MED004,719,98,148,31.6,33
08-05-2025,PHC006,MED004,643,76,128,23.9,33
09-05-2025,PHC006,MED004,566,77,126,34.5,27
10-05-2025,PHC006,MED004,480,86,134,21.5,26
11-05-2025,PHC006,MED004,1141,135,165,22.9,43
12-05-2025,PHC006,MED004,1038,103,144,21.3,33
13-05-2025,PHC006,MED004,960,78,109,34.5,23
14-05-2025,PHC006,MED004,881,79,140,29,28
15-05-2025,PHC006,MED004,787,94,138,27.3,35
16-05-2025,PHC006,MED004,690,97,133,24.4,32
17-05-2025,PHC006,MED004,565,125,160,26.7,39
18-05-2025,PHC006,MED004,434,131,148,26.7,36
19-05-2025,PHC006,MED004,330,104,144,21.9,34
20-05-2025,PHC006,MED004,765,105,173,30.4,52
21-05-2025,PHC006,MED004,669,96,124,31.4,32
22-05-2025,PHC006,MED004,570,99,136,28.4,44
23-05-2025,PHC006,MED004,478,92,132,27.2,28
24-05-2025,PHC006,MED004,359,119,170,21.2,46
25-05-2025,PHC006,MED004,955,110,143,23.8,38
26-05-2025,PHC006,MED004,867,88,125,25.2,31
27-05-2025,PHC006,MED004,786,81,128,32.1,23
28-05-2025,PHC006,MED004,656,130,155,29.3,38
29-05-2025,PHC006,MED004,566,90,124,30,27
30-05-2025,PHC006,MED004,476,90,127,20.8,26
31-05-2025,PHC006,MED004,1102,131,160,32.4,40
01-06-2025,PHC006,MED004,976,126,149,34.8,34
02-06-2025,PHC006,MED004,887,89,140,33.8,34
03-06-2025,PHC006,MED004,803,84,121,30.2,35
04-06-2025,PHC006,MED004,714,89,116,22.4,26
05-06-2025,PHC006,MED004,626,88,120,32.3,30
06-06-2025,PHC006,MED004,541,85,108,24.2,24
07-06-2025,PHC006,MED004,445,96,144,20.2,32
08-06-2025,PHC006,MED004,757,132,142,30.5,37
09-06-2025,PHC006,MED004,677,80,146,23.1,33
10-06-2025,PHC006,MED004,587,90,132,30.8,36
11-06-2025,PHC006,MED004,469,118,133,24.5,38
12-06-2025,PHC006,MED004,358,111,139,27.6,29
13-06-2025,PHC006,MED004,874,93,137,30.8,32
14-06-2025,PHC006,MED004,779,95,105,20.6,20
15-06-2025,PHC006,MED004,658,121,185,29.2,44
16-06-2025,PHC006,MED004,581,77,106,30.4,24
17-06-2025,PHC006,MED004,494,87,121,30.2,30
18-06-2025,PHC006,MED004,377,117,152,25.7,33
19-06-2025,PHC006,MED004,286,91,140,25.1,28
20-06-2025,PHC006,MED004,498,104,133,29.9,29
21-06-2025,PHC006,MED004,733,146,163,30.3,39
22-06-2025,PHC006,MED004,611,122,156,29,42
23-06-2025,PHC006,MED004,520,91,129,30.7,28
24-06-2025,PHC006,MED004,423,97,122,34.4,38
25-06-2025,PHC006,MED004,341,82,135,33.8,40
26-06-2025,PHC006,MED004,973,89,134,31.3,32
27-06-2025,PHC006,MED004,873,100,153,23.7,34
28-06-2025,PHC006,MED004,767,106,144,27.3,46
29-06-2025,PHC006,MED004,645,122,158,24.9,41
01-01-2025,PHC006,MED005,1230,47,99,25.4,19
02-01-2025,PHC006,MED005,1165,65,128,24.5,25
03-01-2025,PHC006,MED005,1106,59,141,28.3,39
04-01-2025,PHC006,MED005,1020,86,152,25,34
05-01-2025,PHC006,MED005,947,73,154,20.6,33
06-01-2025,PHC006,MED005,883,64,139,31,36
07-01-2025,PHC006,MED005,822,61,134,29.5,32
08-01-2025,PHC006,MED005,763,59,131,32.9,30
09-01-2025,PHC006,MED005,702,61,112,34.8,24
10-01-2025,PHC006,MED005,641,61,138,22,32
11-01-2025,PHC006,MED005,566,75,138,30.3,31
12-01-2025,PHC006,MED005,488,78,132,29,29
13-01-2025,PHC006,MED005,424,64,130,29.7,34
14-01-2025,PHC006,MED005,353,71,143,26.5,43
15-01-2025,PHC006,MED005,276,77,155,25.2,48
16-01-2025,PHC006,MED005,217,59,113,32.2,27
17-01-2025,PHC006,MED005,944,65,149,22.1,36
18-01-2025,PHC006,MED005,861,83,171,33.9,36
19-01-2025,PHC006,MED005,783,78,149,28.4,39
20-01-2025,PHC006,MED005,726,57,123,29.4,26
21-01-2025,PHC006,MED005,671,55,117,32.6,28
22-01-2025,PHC006,MED005,603,68,142,22.5,38
23-01-2025,PHC006,MED005,541,62,133,21.9,28
24-01-2025,PHC006,MED005,487,54,126,23.5,29
25-01-2025,PHC006,MED005,394,93,151,26.3,35
26-01-2025,PHC006,MED005,302,92,163,26.7,41
27-01-2025,PHC006,MED005,250,52,113,33.5,21
28-01-2025,PHC006,MED005,651,85,133,25.5,23
29-01-2025,PHC006,MED005,571,80,143,23,36
30-01-2025,PHC006,MED005,517,54,129,21.4,29
31-01-2025,PHC006,MED005,466,51,122,26.3,30
01-02-2025,PHC006,MED005,380,86,162,23.8,42
02-02-2025,PHC006,MED005,305,75,158,24.9,41
03-02-2025,PHC006,MED005,263,42,133,31,29
04-02-2025,PHC006,MED005,213,50,125,32.2,32
05-02-2025,PHC006,MED005,173,40,87,30.8,20
06-02-2025,PHC006,MED005,703,64,154,21.2,46
07-02-2025,PHC006,MED005,651,52,115,31.2,23
08-02-2025,PHC006,MED005,584,67,141,28.7,42
09-02-2025,PHC006,MED005,496,88,155,33.2,41
10-02-2025,PHC006,MED005,445,51,125,29.4,25
11-02-2025,PHC006,MED005,389,56,124,27,35
12-02-2025,PHC006,MED005,331,58,135,34.9,20
13-02-2025,PHC006,MED005,286,45,102,24,26
14-02-2025,PHC006,MED005,216,70,146,21.5,29
15-02-2025,PHC006,MED005,859,92,152,23.3,34
16-02-2025,PHC006,MED005,791,68,158,29.1,32
17-02-2025,PHC006,MED005,721,70,132,32.9,37
18-02-2025,PHC006,MED005,654,67,128,33,33
19-02-2025,PHC006,MED005,608,46,123,34,31
20-02-2025,PHC006,MED005,544,64,142,29.3,32
21-02-2025,PHC006,MED005,477,67,124,23.6,33
22-02-2025,PHC006,MED005,379,98,157,30.8,38
23-02-2025,PHC006,MED005,304,75,132,22.7,36
24-02-2025,PHC006,MED005,237,67,119,34.9,28
25-02-2025,PHC006,MED005,606,81,137,27.7,35
26-02-2025,PHC006,MED005,520,86,154,27.4,48
27-02-2025,PHC006,MED005,443,77,138,32,38
28-02-2025,PHC006,MED005,396,47,101,32.9,26
01-03-2025,PHC006,MED005,1060,110,159,20.9,33
02-03-2025,PHC006,MED005,995,65,133,30.3,35
03-03-2025,PHC006,MED005,941,54,122,20.1,32
04-03-2025,PHC006,MED005,876,65,142,34.8,27
05-03-2025,PHC006,MED005,821,55,138,29.4,35
06-03-2025,PHC006,MED005,765,56,135,27.4,22
07-03-2025,PHC006,MED005,708,57,131,30.9,37
08-03-2025,PHC006,MED005,617,91,147,26,35
09-03-2025,PHC006,MED005,541,76,138,20.1,43
10-03-2025,PHC006,MED005,474,67,124,25.7,30
11-03-2025,PHC006,MED005,405,69,133,24.6,36
12-03-2025,PHC006,MED005,355,50,125,32.4,29
13-03-2025,PHC006,MED005,302,53,109,33.5,26
14-03-2025,PHC006,MED005,255,47,126,33,38
15-03-2025,PHC006,MED005,663,82,153,26.3,32
16-03-2025,PHC006,MED005,582,81,148,33.9,36
17-03-2025,PHC006,MED005,519,63,127,22.9,39
18-03-2025,PHC006,MED005,475,44,87,29.5,21
19-03-2025,PHC006,MED005,437,38,94,34.2,30
20-03-2025,PHC006,MED005,380,57,127,26.7,27
21-03-2025,PHC006,MED005,313,67,145,33.9,34
22-03-2025,PHC006,MED005,810,80,172,28.6,42
23-03-2025,PHC006,MED005,745,65,150,29,34
24-03-2025,PHC006,MED005,684,61,147,30.6,39
25-03-2025,PHC006,MED005,622,62,138,24.7,31
26-03-2025,PHC006,MED005,548,74,143,32,30
27-03-2025,PHC006,MED005,482,66,156,23.2,39
28-03-2025,PHC006,MED005,413,69,136,28.9,36
29-03-2025,PHC006,MED005,322,91,144,28.8,42
30-03-2025,PHC006,MED005,242,80,165,29.8,38
31-03-2025,PHC006,MED005,188,54,101,34,23
01-04-2025,PHC006,MED005,806,61,129,30.5,33
02-04-2025,PHC006,MED005,758,48,144,22.5,32
03-04-2025,PHC006,MED005,691,67,152,34.6,33
04-04-2025,PHC006,MED005,638,53,117,33.3,26
05-04-2025,PHC006,MED005,565,73,140,30.7,31
06-04-2025,PHC006,MED005,495,70,125,27.5,36
07-04-2025,PHC006,MED005,435,60,154,23.1,48
08-04-2025,PHC006,MED005,376,59,126,28.2,27
09-04-2025,PHC006,MED005,317,59,132,27.8,31
10-04-2025,PHC006,MED005,267,50,133,23.8,32
11-04-2025,PHC006,MED005,202,65,120,27,26
12-04-2025,PHC006,MED005,813,74,146,25.9,49
13-04-2025,PHC006,MED005,746,67,141,30.3,29
14-04-2025,PHC006,MED005,696,50,115,30.2,29
15-04-2025,PHC006,MED005,632,64,129,29.3,32
16-04-2025,PHC006,MED005,571,61,125,32.6,29
17-04-2025,PHC006,MED005,500,71,158,26.3,43
18-04-2025,PHC006,MED005,432,68,134,33.5,37
19-04-2025,PHC006,MED005,354,78,146,26.1,28
20-04-2025,PHC006,MED005,274,80,166,24.8,52
21-04-2025,PHC006,MED005,626,78,129,27.4,27
22-04-2025,PHC006,MED005,551,75,152,20.1,34
23-04-2025,PHC006,MED005,490,61,117,27.8,32
24-04-2025,PHC006,MED005,444,46,104,20.9,28
25-04-2025,PHC006,MED005,371,73,142,23.8,37
26-04-2025,PHC006,MED005,838,95,154,21,38
27-04-2025,PHC006,MED005,752,86,134,24.4,30
28-04-2025,PHC006,MED005,667,85,152,33.7,39
29-04-2025,PHC006,MED005,595,72,132,31.6,32
30-04-2025,PHC006,MED005,551,44,105,26.8,31
01-05-2025,PHC006,MED005,496,55,144,20.7,34
02-05-2025,PHC006,MED005,433,63,110,27.7,26
03-05-2025,PHC006,MED005,361,72,141,32,36
04-05-2025,PHC006,MED005,289,72,153,20.5,33
05-05-2025,PHC006,MED005,239,50,105,31.2,19
06-05-2025,PHC006,MED005,890,70,151,29.6,46
07-05-2025,PHC006,MED005,827,63,113,33,24
08-05-2025,PHC006,MED005,777,50,114,24.1,30
09-05-2025,PHC006,MED005,716,61,148,21.6,36
10-05-2025,PHC006,MED005,630,86,164,33.7,36
11-05-2025,PHC006,MED005,558,72,135,31.6,34
12-05-2025,PHC006,MED005,507,51,112,20.2,41
13-05-2025,PHC006,MED005,460,47,120,34.3,36
14-05-2025,PHC006,MED005,410,50,119,29.4,34
15-05-2025,PHC006,MED005,342,68,121,34.7,29
16-05-2025,PHC006,MED005,277,65,129,33.1,32
17-05-2025,PHC006,MED005,994,82,165,34.5,34
18-05-2025,PHC006,MED005,914,80,163,24.2,41
19-05-2025,PHC006,MED005,852,62,131,22.9,31
20-05-2025,PHC006,MED005,781,71,133,30,40
21-05-2025,PHC006,MED005,740,41,111,26.9,28
22-05-2025,PHC006,MED005,686,54,105,27.7,29
23-05-2025,PHC006,MED005,633,53,118,33.6,31
24-05-2025,PHC006,MED005,551,82,147,30.9,42
25-05-2025,PHC006,MED005,453,98,155,29.6,35
26-05-2025,PHC006,MED005,403,50,113,28.6,29
27-05-2025,PHC006,MED005,325,78,141,23.3,41
28-05-2025,PHC006,MED005,270,55,126,28.2,31
29-05-2025,PHC006,MED005,216,54,124,22.5,22
30-05-2025,PHC006,MED005,678,65,137,32.7,37
31-05-2025,PHC006,MED005,597,81,149,26,37
01-06-2025,PHC006,MED005,528,69,140,21.3,45
02-06-2025,PHC006,MED005,458,70,152,33.8,43
03-06-2025,PHC006,MED005,403,55,123,31.7,27
04-06-2025,PHC006,MED005,342,61,150,32.3,31
05-06-2025,PHC006,MED005,290,52,123,34,21
06-06-2025,PHC006,MED005,219,71,139,26.9,33
07-06-2025,PHC006,MED005,434,98,166,34.2,46
08-06-2025,PHC006,MED005,345,89,179,23.4,43
09-06-2025,PHC006,MED005,291,54,111,31.4,36
10-06-2025,PHC006,MED005,245,46,104,33.1,30
11-06-2025,PHC006,MED005,192,53,108,28.3,19
12-06-2025,PHC006,MED005,830,67,145,28.7,22
13-06-2025,PHC006,MED005,769,61,124,24.7,25
14-06-2025,PHC006,MED005,684,85,143,32.3,34
15-06-2025,PHC006,MED005,627,57,134,31.2,29
16-06-2025,PHC006,MED005,572,55,124,28.7,31
17-06-2025,PHC006,MED005,505,67,147,27.6,32
18-06-2025,PHC006,MED005,459,46,111,25.9,22
19-06-2025,PHC006,MED005,392,67,140,26.6,28
20-06-2025,PHC006,MED005,321,71,130,22.3,33
21-06-2025,PHC006,MED005,589,87,150,26,40
22-06-2025,PHC006,MED005,511,78,163,31.8,51
23-06-2025,PHC006,MED005,452,59,116,33.2,27
24-06-2025,PHC006,MED005,391,61,121,28.5,29
25-06-2025,PHC006,MED005,331,60,111,31.4,22
26-06-2025,PHC006,MED005,277,54,121,32.1,30
27-06-2025,PHC006,MED005,224,53,115,31.4,33
28-06-2025,PHC006,MED005,689,81,152,21.8,37
29-06-2025,PHC006,MED005,617,72,151,22.2,38
01-01-2025,PHC007,MED001,1330,84,110,30.6,31
02-01-2025,PHC007,MED001,1268,62,83,26.8,17
03-01-2025,PHC007,MED001,1169,99,131,20.7,35
04-01-2025,PHC007,MED001,1063,106,125,31.7,23
05-01-2025,PHC007,MED001,916,147,158,22.9,26
06-01-2025,PHC007,MED001,823,93,121,31.1,31
07-01-2025,PHC007,MED001,721,102,111,29.9,18
08-01-2025,PHC007,MED001,615,106,104,30.2,22
09-01-2025,PHC007,MED001,528,87,110,33.6,22
10-01-2025,PHC007,MED001,419,109,125,30.1,24
11-01-2025,PHC007,MED001,781,126,123,30.7,24
12-01-2025,PHC007,MED001,650,131,129,21.6,38
13-01-2025,PHC007,MED001,531,119,113,33.3,29
14-01-2025,PHC007,MED001,457,74,102,34,22
15-01-2025,PHC007,MED001,856,128,135,32.8,32
16-01-2025,PHC007,MED001,729,127,126,25.9,36
17-01-2025,PHC007,MED001,596,133,125,21.1,28
18-01-2025,PHC007,MED001,472,124,130,26.7,36
19-01-2025,PHC007,MED001,895,198,154,23.5,41
20-01-2025,PHC007,MED001,787,108,104,24.4,25
21-01-2025,PHC007,MED001,683,104,94,32.2,26
22-01-2025,PHC007,MED001,558,125,112,30.9,28
23-01-2025,PHC007,MED001,491,67,97,20.3,26
24-01-2025,PHC007,MED001,387,104,123,31.4,26
25-01-2025,PHC007,MED001,810,108,114,21.8,28
26-01-2025,PHC007,MED001,693,117,116,33.7,28
27-01-2025,PHC007,MED001,629,64,98,23.5,18
28-01-2025,PHC007,MED001,537,92,106,20.6,27
29-01-2025,PHC007,MED001,425,112,102,28.4,24
30-01-2025,PHC007,MED001,361,64,98,23.4,14
31-01-2025,PHC007,MED001,742,96,111,32.8,29
01-02-2025,PHC007,MED001,631,111,119,23.7,27
02-02-2025,PHC007,MED001,510,121,111,34.2,29
03-02-2025,PHC007,MED001,442,68,101,30.6,27
04-02-2025,PHC007,MED001,369,73,90,25.2,27
05-02-2025,PHC007,MED001,279,90,98,29.4,24
06-02-2025,PHC007,MED001,485,95,104,33.9,37
07-02-2025,PHC007,MED001,700,124,112,33.5,21
08-02-2025,PHC007,MED001,555,145,118,28.5,29
09-02-2025,PHC007,MED001,1045,200,137,23.4,30
10-02-2025,PHC007,MED001,952,93,105,27.2,30
11-02-2025,PHC007,MED001,871,81,103,23.1,17
12-02-2025,PHC007,MED001,775,96,92,20.4,23
13-02-2025,PHC007,MED001,683,92,108,26.1,26
14-02-2025,PHC007,MED001,609,74,82,34.6,5
15-02-2025,PHC007,MED001,1247,158,121,29.5,37
16-02-2025,PHC007,MED001,1134,113,128,30.9,31
17-02-2025,PHC007,MED001,1034,100,96,22.8,26
18-02-2025,PHC007,MED001,954,80,96,29,27
19-02-2025,PHC007,MED001,842,112,119,22.1,27
20-02-2025,PHC007,MED001,735,107,102,23.6,30
21-02-2025,PHC007,MED001,599,136,141,32.6,43
22-02-2025,PHC007,MED001,466,133,140,23.3,40
23-02-2025,PHC007,MED001,1124,139,112,30.9,41
24-02-2025,PHC007,MED001,1043,81,99,26.3,26
25-02-2025,PHC007,MED001,908,135,127,29.2,40
26-02-2025,PHC007,MED001,823,85,98,24.1,30
27-02-2025,PHC007,MED001,713,110,115,23.7,31
28-02-2025,PHC007,MED001,617,96,112,24.6,26
01-03-2025,PHC007,MED001,478,139,133,32.1,35
02-03-2025,PHC007,MED001,359,119,127,25.8,29
03-03-2025,PHC007,MED001,732,109,109,31.7,28
04-03-2025,PHC007,MED001,647,85,106,33.4,19
05-03-2025,PHC007,MED001,576,71,98,27.3,24
06-03-2025,PHC007,MED001,495,81,81,23.9,23
07-03-2025,PHC007,MED001,385,110,120,34.5,41
08-03-2025,PHC007,MED001,703,157,141,20,32
09-03-2025,PHC007,MED001,540,163,149,23.1,44
10-03-2025,PHC007,MED001,981,140,145,31.7,31
11-03-2025,PHC007,MED001,886,95,103,28,23
12-03-2025,PHC007,MED001,806,80,89,24.5,20
13-03-2025,PHC007,MED001,735,71,71,24.1,28
14-03-2025,PHC007,MED001,655,80,106,25.6,18
15-03-2025,PHC007,MED001,509,146,127,21.7,33
16-03-2025,PHC007,MED001,413,96,118,27.9,23
17-03-2025,PHC007,MED001,751,110,114,30.3,29
18-03-2025,PHC007,MED001,655,96,121,23.7,30
19-03-2025,PHC007,MED001,551,104,109,30.5,29
20-03-2025,PHC007,MED001,449,102,114,20.9,22
21-03-2025,PHC007,MED001,367,82,90,23.1,24
22-03-2025,PHC007,MED001,737,141,130,21,33
23-03-2025,PHC007,MED001,578,159,142,32,36
24-03-2025,PHC007,MED001,484,94,89,28.2,22
25-03-2025,PHC007,MED001,363,121,120,26.3,24
26-03-2025,PHC007,MED001,988,103,126,32.6,37
27-03-2025,PHC007,MED001,876,112,119,32.3,39
28-03-2025,PHC007,MED001,755,121,102,32.1,22
29-03-2025,PHC007,MED001,576,179,140,20.2,38
30-03-2025,PHC007,MED001,883,164,134,20.8,34
31-03-2025,PHC007,MED001,787,96,104,25,33
01-04-2025,PHC007,MED001,694,93,101,33.7,18
02-04-2025,PHC007,MED001,586,108,118,22.3,32
03-04-2025,PHC007,MED001,496,90,94,21.5,26
04-04-2025,PHC007,MED001,400,96,114,21.4,26
05-04-2025,PHC007,MED001,617,148,135,23.7,29
06-04-2025,PHC007,MED001,500,117,110,20.6,29
07-04-2025,PHC007,MED001,382,118,119,34.7,29
08-04-2025,PHC007,MED001,616,114,124,29.8,35
09-04-2025,PHC007,MED001,495,121,132,31.4,31
10-04-2025,PHC007,MED001,391,104,102,23.1,27
11-04-2025,PHC007,MED001,310,81,100,29.6,23
12-04-2025,PHC007,MED001,594,140,138,23.2,36
13-04-2025,PHC007,MED001,477,117,123,32.5,26
14-04-2025,PHC007,MED001,366,111,115,27.5,31
15-04-2025,PHC007,MED001,276,90,100,29.1,33
16-04-2025,PHC007,MED001,600,113,109,26.4,26
17-04-2025,PHC007,MED001,490,110,111,32.2,29
18-04-2025,PHC007,MED001,410,80,105,27.1,26
19-04-2025,PHC007,MED001,762,132,148,24.2,31
20-04-2025,PHC007,MED001,625,137,115,23.5,31
21-04-2025,PHC007,MED001,541,84,87,25,26
22-04-2025,PHC007,MED001,432,109,121,25,34
23-04-2025,PHC007,MED001,331,101,115,31.5,25
24-04-2025,PHC007,MED001,250,81,114,27.7,30
25-04-2025,PHC007,MED001,650,89,97,24.5,20
26-04-2025,PHC007,MED001,956,183,151,28.7,38
27-04-2025,PHC007,MED001,764,192,141,31.7,43
28-04-2025,PHC007,MED001,661,103,98,30,18
29-04-2025,PHC007,MED001,572,89,98,30.5,29
30-04-2025,PHC007,MED001,505,67,94,28.6,24
01-05-2025,PHC007,MED001,386,119,127,22.3,26
02-05-2025,PHC007,MED001,656,107,140,33.9,35
03-05-2025,PHC007,MED001,553,103,121,21.2,34
04-05-2025,PHC007,MED001,464,89,101,22.9,23
05-05-2025,PHC007,MED001,387,77,84,24.9,12
06-05-2025,PHC007,MED001,692,121,130,31.2,28
07-05-2025,PHC007,MED001,609,83,107,31.8,25
08-05-2025,PHC007,MED001,489,120,120,29.6,28
09-05-2025,PHC007,MED001,408,81,90,31.4,16
10-05-2025,PHC007,MED001,825,139,119,30.1,37
11-05-2025,PHC007,MED001,698,127,138,31.7,36
12-05-2025,PHC007,MED001,614,84,89,27.5,25
13-05-2025,PHC007,MED001,522,92,110,20.9,30
14-05-2025,PHC007,MED001,468,54,84,24.1,22
15-05-2025,PHC007,MED001,388,80,87,34.4,15
16-05-2025,PHC007,MED001,298,90,107,24.1,30
17-05-2025,PHC007,MED001,774,127,127,21.8,34
18-05-2025,PHC007,MED001,649,125,150,26.6,38
19-05-2025,PHC007,MED001,542,107,117,32.6,35
20-05-2025,PHC007,MED001,490,52,62,30.5,12
21-05-2025,PHC007,MED001,396,94,100,33.8,29
22-05-2025,PHC007,MED001,868,129,115,32.9,36
23-05-2025,PHC007,MED001,771,97,100,23.2,21
24-05-2025,PHC007,MED001,654,117,114,30,29
25-05-2025,PHC007,MED001,517,137,131,33.7,37
26-05-2025,PHC007,MED001,428,89,89,34.8,26
27-05-2025,PHC007,MED001,659,125,131,28.3,33
28-05-2025,PHC007,MED001,540,119,119,21.6,41
29-05-2025,PHC007,MED001,466,74,93,20.4,30
30-05-2025,PHC007,MED001,355,111,122,28.8,26
31-05-2025,PHC007,MED001,775,123,125,23.4,29
01-06-2025,PHC007,MED001,647,128,136,27.2,38
02-06-2025,PHC007,MED001,540,107,120,24.1,18
03-06-2025,PHC007,MED001,467,73,97,30.4,27
04-06-2025,PHC007,MED001,383,84,113,21.1,29
05-06-2025,PHC007,MED001,618,111,116,33.6,44
06-06-2025,PHC007,MED001,530,88,110,24.2,27
07-06-2025,PHC007,MED001,439,91,108,20.7,22
08-06-2025,PHC007,MED001,905,121,112,22.4,37
09-06-2025,PHC007,MED001,822,83,104,26.3,28
10-06-2025,PHC007,MED001,703,119,133,35,40
11-06-2025,PHC007,MED001,614,89,102,24.4,24
12-06-2025,PHC007,MED001,521,93,129,23,38
13-06-2025,PHC007,MED001,410,111,108,33.3,23
14-06-2025,PHC007,MED001,881,118,135,23,33
15-06-2025,PHC007,MED001,740,141,135,32.6,35
16-06-2025,PHC007,MED001,640,100,114,33.8,27
17-06-2025,PHC007,MED001,543,97,112,30.5,28
18-06-2025,PHC007,MED001,416,127,123,23,33
19-06-2025,PHC007,MED001,614,110,126,32.7,27
20-06-2025,PHC007,MED001,497,117,121,27,30
21-06-2025,PHC007,MED001,379,118,118,29.8,35
22-06-2025,PHC007,MED001,731,110,123,32.6,33
23-06-2025,PHC007,MED001,614,117,114,30.5,32
24-06-2025,PHC007,MED001,525,89,111,34.5,20
25-06-2025,PHC007,MED001,420,105,111,26.4,23
26-06-2025,PHC007,MED001,860,115,99,31.8,22
27-06-2025,PHC007,MED001,707,153,124,29.9,26
28-06-2025,PHC007,MED001,582,125,106,35,32
29-06-2025,PHC007,MED001,1078,167,143,20.7,38
01-01-2025,PHC007,MED002,677,66,120,25,32
02-01-2025,PHC007,MED002,600,77,120,21,33
03-01-2025,PHC007,MED002,543,57,82,25.1,17
04-01-2025,PHC007,MED002,465,78,124,33.4,26
05-01-2025,PHC007,MED002,355,110,146,24.2,36
06-01-2025,PHC007,MED002,298,57,103,29,24
07-01-2025,PHC007,MED002,241,57,94,33.7,19
08-01-2025,PHC007,MED002,562,92,120,34.2,28
09-01-2025,PHC007,MED002,474,88,112,21.6,27
10-01-2025,PHC007,MED002,395,79,107,34.1,23
11-01-2025,PHC007,MED002,318,77,133,25.5,31
12-01-2025,PHC007,MED002,572,90,124,29.6,32
13-01-2025,PHC007,MED002,513,59,94,22,24
14-01-2025,PHC007,MED002,447,66,96,20.1,28
15-01-2025,PHC007,MED002,349,98,113,24.4,28
16-01-2025,PHC007,MED002,271,78,108,34.8,29
17-01-2025,PHC007,MED002,204,67,93,34.4,28
18-01-2025,PHC007,MED002,477,79,116,31.7,30
19-01-2025,PHC007,MED002,373,104,125,29.6,30
20-01-2025,PHC007,MED002,315,58,94,34.8,17
21-01-2025,PHC007,MED002,618,83,111,22,25
22-01-2025,PHC007,MED002,519,99,121,21.8,33
23-01-2025,PHC007,MED002,430,89,123,22.1,25
24-01-2025,PHC007,MED002,345,85,115,20.2,30
25-01-2025,PHC007,MED002,830,117,122,22.3,34
26-01-2025,PHC007,MED002,682,148,186,24.1,45
27-01-2025,PHC007,MED002,593,89,133,24,35
28-01-2025,PHC007,MED002,508,85,104,30.6,19
29-01-2025,PHC007,MED002,411,97,121,20.4,28
30-01-2025,PHC007,MED002,330,81,88,34.2,26
31-01-2025,PHC007,MED002,272,58,116,29.6,27
01-02-2025,PHC007,MED002,819,80,106,24.3,38
02-02-2025,PHC007,MED002,733,86,118,34.3,22
03-02-2025,PHC007,MED002,673,60,107,20.4,27
04-02-2025,PHC007,MED002,597,76,111,21.1,27
05-02-2025,PHC007,MED002,512,85,104,34.1,23
06-02-2025,PHC007,MED002,439,73,109,25,29
07-02-2025,PHC007,MED002,386,53,82,33.9,9
08-02-2025,PHC007,MED002,309,77,123,26.1,36
09-02-2025,PHC007,MED002,847,90,131,22.6,28
10-02-2025,PHC007,MED002,782,65,89,29.2,21
11-02-2025,PHC007,MED002,687,95,110,28.4,19
12-02-2025,PHC007,MED002,626,61,107,34.9,25
13-02-2025,PHC007,MED002,546,80,113,23.3,30
14-02-2025,PHC007,MED002,482,64,95,30.8,16
15-02-2025,PHC007,MED002,641,148,158,28.9,40
16-02-2025,PHC007,MED002,555,86,119,24.8,33
17-02-2025,PHC007,MED002,461,94,123,30.5,26
18-02-2025,PHC007,MED002,369,92,133,22.8,34
19-02-2025,PHC007,MED002,283,86,108,28.5,15
20-02-2025,PHC007,MED002,218,65,120,33.4,31
21-02-2025,PHC007,MED002,640,76,105,30.9,21
22-02-2025,PHC007,MED002,547,93,116,23.5,33
23-02-2025,PHC007,MED002,461,86,110,24.8,29
24-02-2025,PHC007,MED002,391,70,102,23.3,26
25-02-2025,PHC007,MED002,325,66,103,22.1,20
26-02-2025,PHC007,MED002,257,68,109,24.2,28
27-02-2025,PHC007,MED002,639,69,110,32.7,22
28-02-2025,PHC007,MED002,560,79,106,32.6,32
01-03-2025,PHC007,MED002,484,76,117,28,32
02-03-2025,PHC007,MED002,394,90,120,22.1,26
03-03-2025,PHC007,MED002,318,76,119,24.1,21
04-03-2025,PHC007,MED002,255,63,101,21.7,25
05-03-2025,PHC007,MED002,660,68,118,24.9,34
06-03-2025,PHC007,MED002,585,75,103,34.4,29
07-03-2025,PHC007,MED002,527,58,102,25.7,28
08-03-2025,PHC007,MED002,427,100,129,26.8,34
09-03-2025,PHC007,MED002,950,122,150,31.9,37
10-03-2025,PHC007,MED002,882,68,97,34,21
11-03-2025,PHC007,MED002,821,61,97,27.9,15
12-03-2025,PHC007,MED002,741,80,110,33.7,31
13-03-2025,PHC007,MED002,641,100,121,29.3,34
14-03-2025,PHC007,MED002,551,90,116,27.3,30
15-03-2025,PHC007,MED002,461,90,118,21.3,30
16-03-2025,PHC007,MED002,381,80,91,22.7,25
17-03-2025,PHC007,MED002,308,73,124,25.7,21
18-03-2025,PHC007,MED002,251,57,116,32.5,38
19-03-2025,PHC007,MED002,537,76,135,34.6,37
20-03-2025,PHC007,MED002,461,76,119,27.5,24
21-03-2025,PHC007,MED002,370,91,133,22.3,33
22-03-2025,PHC007,MED002,299,71,105,20.7,29
23-03-2025,PHC007,MED002,741,107,115,27.3,30
24-03-2025,PHC007,MED002,648,93,113,20.9,29
25-03-2025,PHC007,MED002,578,70,111,25.7,24
26-03-2025,PHC007,MED002,505,73,114,30.7,32
27-03-2025,PHC007,MED002,439,66,87,25.3,29
28-03-2025,PHC007,MED002,347,92,107,26.7,26
29-03-2025,PHC007,MED002,722,101,124,31.9,31
30-03-2025,PHC007,MED002,622,100,119,22.1,16
31-03-2025,PHC007,MED002,529,93,146,33.7,33
01-04-2025,PHC007,MED002,466,63,102,25,25
02-04-2025,PHC007,MED002,390,76,132,31.7,35
03-04-2025,PHC007,MED002,309,81,117,31.4,32
04-04-2025,PHC007,MED002,237,72,128,30.1,41
05-04-2025,PHC007,MED002,525,102,140,26.3,34
06-04-2025,PHC007,MED002,443,82,127,31.4,27
07-04-2025,PHC007,MED002,385,58,111,28.6,28
08-04-2025,PHC007,MED002,327,58,99,20.8,21
09-04-2025,PHC007,MED002,261,66,94,29.4,15
10-04-2025,PHC007,MED002,839,70,118,29.4,27
11-04-2025,PHC007,MED002,774,65,111,29.4,27
12-04-2025,PHC007,MED002,670,104,127,23,30
13-04-2025,PHC007,MED002,583,87,106,28.8,27
14-04-2025,PHC007,MED002,517,66,112,24.3,30
15-04-2025,PHC007,MED002,449,68,93,33.7,22
16-04-2025,PHC007,MED002,365,84,114,20.3,30
17-04-2025,PHC007,MED002,287,78,133,26.8,34
18-04-2025,PHC007,MED002,576,87,136,33.6,28
19-04-2025,PHC007,MED002,455,121,141,21.1,29
20-04-2025,PHC007,MED002,357,98,137,32.8,28
21-04-2025,PHC007,MED002,287,70,101,34.6,27
22-04-2025,PHC007,MED002,216,71,90,28.3,22
23-04-2025,PHC007,MED002,870,104,114,25.1,22
24-04-2025,PHC007,MED002,769,101,127,20.6,33
25-04-2025,PHC007,MED002,679,90,118,33.1,31
26-04-2025,PHC007,MED002,589,90,100,24.4,27
27-04-2025,PHC007,MED002,504,85,97,33.2,28
28-04-2025,PHC007,MED002,444,60,98,34.9,26
29-04-2025,PHC007,MED002,362,82,103,34.4,29
30-04-2025,PHC007,MED002,303,59,99,24.7,28
01-05-2025,PHC007,MED002,234,69,108,34.7,20
02-05-2025,PHC007,MED002,859,91,124,22.5,29
03-05-2025,PHC007,MED002,755,104,129,25.5,28
04-05-2025,PHC007,MED002,662,93,133,34.4,30
05-05-2025,PHC007,MED002,624,38,73,26.3,11
06-05-2025,PHC007,MED002,542,82,131,30.1,34
07-05-2025,PHC007,MED002,448,94,125,31.3,24
08-05-2025,PHC007,MED002,371,77,92,31.1,28
09-05-2025,PHC007,MED002,301,70,102,28.8,18
10-05-2025,PHC007,MED002,537,120,147,22,36
11-05-2025,PHC007,MED002,443,94,115,29.9,38
12-05-2025,PHC007,MED002,381,62,103,27.4,26
13-05-2025,PHC007,MED002,331,50,80,34,16
14-05-2025,PHC007,MED002,273,58,85,34.6,32
15-05-2025,PHC007,MED002,214,59,105,33.2,20
16-05-2025,PHC007,MED002,514,104,130,26.9,30
17-05-2025,PHC007,MED002,418,96,127,22,38
18-05-2025,PHC007,MED002,333,85,143,34.2,42
19-05-2025,PHC007,MED002,1021,86,110,29.7,24
20-05-2025,PHC007,MED002,962,59,93,24.7,16
21-05-2025,PHC007,MED002,890,72,105,26,21
22-05-2025,PHC007,MED002,805,85,106,30.1,28
23-05-2025,PHC007,MED002,720,85,123,32.1,23
24-05-2025,PHC007,MED002,617,103,125,31.9,33
25-05-2025,PHC007,MED002,486,131,141,32.6,42
26-05-2025,PHC007,MED002,422,64,93,24,17
27-05-2025,PHC007,MED002,357,65,100,34.5,27
28-05-2025,PHC007,MED002,292,65,106,26.8,26
29-05-2025,PHC007,MED002,781,87,105,31.8,25
30-05-2025,PHC007,MED002,687,94,144,31.1,31
31-05-2025,PHC007,MED002,597,90,133,20.1,34
01-06-2025,PHC007,MED002,496,101,144,26.5,32
02-06-2025,PHC007,MED002,427,69,115,28.4,27
03-06-2025,PHC007,MED002,356,71,120,21.7,21
04-06-2025,PHC007,MED002,269,87,113,25.5,31
05-06-2025,PHC007,MED002,217,52,84,32.4,25
06-06-2025,PHC007,MED002,474,99,138,21.2,32
07-06-2025,PHC007,MED002,382,92,117,28,20
08-06-2025,PHC007,MED002,288,94,116,20.9,21
09-06-2025,PHC007,MED002,222,66,101,29.6,19
10-06-2025,PHC007,MED002,582,79,108,23.8,25
11-06-2025,PHC007,MED002,498,84,113,25.8,28
12-06-2025,PHC007,MED002,434,64,102,23.2,25
13-06-2025,PHC007,MED002,357,77,124,29.7,28
14-06-2025,PHC007,MED002,270,87,108,25.3,27
15-06-2025,PHC007,MED002,952,94,126,26,30
16-06-2025,PHC007,MED002,877,75,103,21.6,29
17-06-2025,PHC007,MED002,809,68,94,33.9,23
18-06-2025,PHC007,MED002,720,89,139,31.9,37
19-06-2025,PHC007,MED002,662,58,95,29.7,17
20-06-2025,PHC007,MED002,573,89,115,26.5,36
21-06-2025,PHC007,MED002,441,132,136,27.8,23
22-06-2025,PHC007,MED002,340,101,119,28.6,30
23-06-2025,PHC007,MED002,264,76,95,27.8,18
24-06-2025,PHC007,MED002,924,82,104,21,23
25-06-2025,PHC007,MED002,857,67,91,28,35
26-06-2025,PHC007,MED002,779,78,100,29.7,27
27-06-2025,PHC007,MED002,685,94,114,28.2,24
28-06-2025,PHC007,MED002,598,87,125,34.8,43
29-06-2025,PHC007,MED002,511,87,115,22.4,28
01-01-2025,PHC007,MED003,860,49,105,33.6,24
02-01-2025,PHC007,MED003,812,48,95,28.1,31
03-01-2025,PHC007,MED003,764,48,106,28.2,31
04-01-2025,PHC007,MED003,710,54,118,20.1,32
05-01-2025,PHC007,MED003,635,75,128,22.4,27
06-01-2025,PHC007,MED003,592,43,100,28.4,25
07-01-2025,PHC007,MED003,549,43,101,21,22
08-01-2025,PHC007,MED003,484,65,126,33.1,35
09-01-2025,PHC007,MED003,433,51,100,21.6,28
10-01-2025,PHC007,MED003,364,69,135,33.7,30
11-01-2025,PHC007,MED003,292,72,106,27.1,25
12-01-2025,PHC007,MED003,240,52,106,23.4,21
13-01-2025,PHC007,MED003,944,66,127,34.3,24
14-01-2025,PHC007,MED003,907,37,92,21.8,22
15-01-2025,PHC007,MED003,854,53,109,24.8,23
16-01-2025,PHC007,MED003,807,47,92,20,18
17-01-2025,PHC007,MED003,751,56,107,33.6,26
18-01-2025,PHC007,MED003,661,90,128,22.1,38
19-01-2025,PHC007,MED003,591,70,121,23.2,34
20-01-2025,PHC007,MED003,545,46,104,32.3,25
21-01-2025,PHC007,MED003,510,35,85,21.4,8
22-01-2025,PHC007,MED003,471,39,85,21.8,19
23-01-2025,PHC007,MED003,429,42,90,21.6,19
24-01-2025,PHC007,MED003,358,71,124,31.5,28
25-01-2025,PHC007,MED003,289,69,121,29.1,31
26-01-2025,PHC007,MED003,217,72,108,24,27
27-01-2025,PHC007,MED003,915,85,132,22.3,33
28-01-2025,PHC007,MED003,857,58,97,30.2,29
29-01-2025,PHC007,MED003,805,52,91,29.4,29
30-01-2025,PHC007,MED003,756,49,106,31.4,29
31-01-2025,PHC007,MED003,693,63,109,20.2,34
01-02-2025,PHC007,MED003,620,73,128,20.8,28
02-02-2025,PHC007,MED003,527,93,138,29.6,38
03-02-2025,PHC007,MED003,452,75,130,21.4,28
04-02-2025,PHC007,MED003,390,62,130,33.6,35
05-02-2025,PHC007,MED003,334,56,110,28.4,32
06-02-2025,PHC007,MED003,276,58,104,32.7,18
07-02-2025,PHC007,MED003,238,38,97,23,31
08-02-2025,PHC007,MED003,182,56,117,30.7,34
09-02-2025,PHC007,MED003,640,83,149,28.6,35
10-02-2025,PHC007,MED003,591,49,83,25.8,16
11-02-2025,PHC007,MED003,547,44,104,25.8,38
12-02-2025,PHC007,MED003,491,56,102,32.2,34
13-02-2025,PHC007,MED003,441,50,110,30.4,38
14-02-2025,PHC007,MED003,382,59,115,25.5,24
15-02-2025,PHC007,MED003,309,73,116,32.9,25
16-02-2025,PHC007,MED003,243,66,117,30.8,27
17-02-2025,PHC007,MED003,193,50,97,33.2,25
18-02-2025,PHC007,MED003,782,52,104,28.2,23
19-02-2025,PHC007,MED003,740,42,103,24.8,25
20-02-2025,PHC007,MED003,692,48,92,25.1,19
21-02-2025,PHC007,MED003,637,55,116,29.8,32
22-02-2025,PHC007,MED003,562,75,121,30.4,20
23-02-2025,PHC007,MED003,492,70,135,33.6,41
24-02-2025,PHC007,MED003,444,48,91,32.5,28
25-02-2025,PHC007,MED003,387,57,111,20.6,29
26-02-2025,PHC007,MED003,307,80,135,28.8,36
27-02-2025,PHC007,MED003,246,61,115,34.1,29
28-02-2025,PHC007,MED003,204,42,119,20.7,24
01-03-2025,PHC007,MED003,590,85,117,24.2,30
02-03-2025,PHC007,MED003,541,49,90,31.3,19
03-03-2025,PHC007,MED003,492,49,105,23.9,26
04-03-2025,PHC007,MED003,438,54,111,26.4,33
05-03-2025,PHC007,MED003,363,75,124,20.4,36
06-03-2025,PHC007,MED003,312,51,110,34.8,25
07-03-2025,PHC007,MED003,261,51,94,33,32
08-03-2025,PHC007,MED003,925,69,101,33.4,21
09-03-2025,PHC007,MED003,855,70,122,30.8,35
10-03-2025,PHC007,MED003,781,74,133,35,37
11-03-2025,PHC007,MED003,727,54,111,31.7,24
12-03-2025,PHC007,MED003,664,63,109,26.5,37
13-03-2025,PHC007,MED003,617,47,100,22.1,21
14-03-2025,PHC007,MED003,581,36,67,31.2,11
15-03-2025,PHC007,MED003,466,115,137,31,36
16-03-2025,PHC007,MED003,403,63,122,30.9,31
17-03-2025,PHC007,MED003,341,62,118,27.6,19
18-03-2025,PHC007,MED003,310,31,78,21.9,20
19-03-2025,PHC007,MED003,243,67,103,26.5,28
20-03-2025,PHC007,MED003,192,51,86,25.4,20
21-03-2025,PHC007,MED003,912,53,120,22.4,36
22-03-2025,PHC007,MED003,855,57,108,22.8,30
23-03-2025,PHC007,MED003,787,68,131,28.5,35
24-03-2025,PHC007,MED003,715,72,102,26,20
25-03-2025,PHC007,MED003,663,52,94,33.8,22
26-03-2025,PHC007,MED003,624,39,83,28.1,14
27-03-2025,PHC007,MED003,575,49,98,24.8,21
28-03-2025,PHC007,MED003,529,46,100,25.1,24
29-03-2025,PHC007,MED003,441,88,127,32.5,19
30-03-2025,PHC007,MED003,359,82,122,32.6,31
31-03-2025,PHC007,MED003,307,52,101,20.4,25
01-04-2025,PHC007,MED003,239,68,129,34,35
02-04-2025,PHC007,MED003,188,51,120,24.9,36
03-04-2025,PHC007,MED003,921,52,99,21,23
04-04-2025,PHC007,MED003,885,36,90,25.3,29
05-04-2025,PHC007,MED003,786,99,140,21.2,38
06-04-2025,PHC007,MED003,700,86,152,33.1,36
07-04-2025,PHC007,MED003,646,54,105,30.8,27
08-04-2025,PHC007,MED003,591,55,119,34.2,28
09-04-2025,PHC007,MED003,553,38,79,25.2,15
10-04-2025,PHC007,MED003,497,56,109,22.1,27
11-04-2025,PHC007,MED003,436,61,111,31,30
12-04-2025,PHC007,MED003,349,87,142,32.5,40
13-04-2025,PHC007,MED003,889,89,136,28.6,34
14-04-2025,PHC007,MED003,838,51,105,22.7,23
15-04-2025,PHC007,MED003,778,60,110,29.1,30
16-04-2025,PHC007,MED003,732,46,89,20.6,25
17-04-2025,PHC007,MED003,663,69,112,22.9,22
18-04-2025,PHC007,MED003,626,37,98,29.8,26
19-04-2025,PHC007,MED003,564,62,114,32.1,30
20-04-2025,PHC007,MED003,493,71,128,24.3,39
21-04-2025,PHC007,MED003,422,71,135,27.4,35
22-04-2025,PHC007,MED003,373,49,102,25.9,22
23-04-2025,PHC007,MED003,328,45,98,33.5,18
24-04-2025,PHC007,MED003,279,49,79,28.1,19
25-04-2025,PHC007,MED003,228,51,98,29.7,24
26-04-2025,PHC007,MED003,762,101,139,24.2,34
27-04-2025,PHC007,MED003,694,68,107,28,29
28-04-2025,PHC007,MED003,646,48,96,31.2,26
29-04-2025,PHC007,MED003,590,56,107,24.5,30
30-04-2025,PHC007,MED003,541,49,97,28.2,28
01-05-2025,PHC007,MED003,499,42,100,26.2,26
02-05-2025,PHC007,MED003,443,56,109,24.7,23
03-05-2025,PHC007,MED003,375,68,141,32.2,43
04-05-2025,PHC007,MED003,302,73,128,29.1,37
05-05-2025,PHC007,MED003,247,55,109,29.8,35
06-05-2025,PHC007,MED003,194,53,88,23.8,23
07-05-2025,PHC007,MED003,719,49,110,26.5,41
08-05-2025,PHC007,MED003,669,50,100,30.9,26
09-05-2025,PHC007,MED003,621,48,99,25.4,33
10-05-2025,PHC007,MED003,562,59,105,22.5,21
11-05-2025,PHC007,MED003,477,85,127,23,30
12-05-2025,PHC007,MED003,407,70,147,20.7,34
13-05-2025,PHC007,MED003,348,59,98,31.1,25
14-05-2025,PHC007,MED003,304,44,92,31.8,19
15-05-2025,PHC007,MED003,255,49,96,30.3,29
16-05-2025,PHC007,MED003,660,74,142,28.4,38
17-05-2025,PHC007,MED003,585,75,128,22,32
18-05-2025,PHC007,MED003,512,73,123,22.8,31
19-05-2025,PHC007,MED003,460,52,96,25.2,22
20-05-2025,PHC007,MED003,406,54,103,30.3,21
21-05-2025,PHC007,MED003,365,41,103,23.4,22
22-05-2025,PHC007,MED003,312,53,110,32,27
23-05-2025,PHC007,MED003,261,51,107,22.1,24
24-05-2025,PHC007,MED003,574,81,108,26,25
25-05-2025,PHC007,MED003,501,73,145,22.2,30
26-05-2025,PHC007,MED003,447,54,117,25.2,36
27-05-2025,PHC007,MED003,401,46,102,27.4,19
28-05-2025,PHC007,MED003,351,50,105,25.1,24
29-05-2025,PHC007,MED003,273,78,127,26.5,35
30-05-2025,PHC007,MED003,214,59,113,23.5,29
31-05-2025,PHC007,MED003,602,72,139,33.5,37
01-06-2025,PHC007,MED003,524,78,151,26.8,37
02-06-2025,PHC007,MED003,453,71,133,22,34
03-06-2025,PHC007,MED003,384,69,135,26.6,30
04-06-2025,PHC007,MED003,347,37,69,22.1,28
05-06-2025,PHC007,MED003,288,59,115,30.8,16
06-06-2025,PHC007,MED003,234,54,110,31.4,19
07-06-2025,PHC007,MED003,521,73,131,23.9,32
08-06-2025,PHC007,MED003,460,61,98,26.6,23
09-06-2025,PHC007,MED003,401,59,125,23.5,36
10-06-2025,PHC007,MED003,346,55,96,20.3,20
11-06-2025,PHC007,MED003,313,33,80,26.5,10
12-06-2025,PHC007,MED003,263,50,103,25,25
13-06-2025,PHC007,MED003,226,37,85,33.8,23
14-06-2025,PHC007,MED003,509,68,140,30.9,40
15-06-2025,PHC007,MED003,438,71,133,23.2,44
16-06-2025,PHC007,MED003,396,42,114,28,19
17-06-2025,PHC007,MED003,342,54,95,34,22
18-06-2025,PHC007,MED003,300,42,96,20.9,17
19-06-2025,PHC007,MED003,229,71,128,32.9,28
20-06-2025,PHC007,MED003,707,63,114,30.8,30
21-06-2025,PHC007,MED003,621,86,132,25.7,29
22-06-2025,PHC007,MED003,547,74,133,21.7,39
23-06-2025,PHC007,MED003,492,55,126,22.9,31
24-06-2025,PHC007,MED003,425,67,133,23,38
25-06-2025,PHC007,MED003,363,62,124,31.9,28
26-06-2025,PHC007,MED003,302,61,125,32.8,26
27-06-2025,PHC007,MED003,253,49,91,21.6,15
28-06-2025,PHC007,MED003,759,103,133,28.8,33
29-06-2025,PHC007,MED003,677,82,113,34.4,35
01-01-2025,PHC007,MED004,1277,51,123,32.9,32
02-01-2025,PHC007,MED004,1212,65,107,31.2,31
03-01-2025,PHC007,MED004,1153,59,106,32.3,20
04-01-2025,PHC007,MED004,1074,79,130,33.5,27
05-01-2025,PHC007,MED004,1004,70,128,30.2,26
06-01-2025,PHC007,MED004,948,56,115,28.5,29
07-01-2025,PHC007,MED004,896,52,101,26.6,19
08-01-2025,PHC007,MED004,838,58,136,21.2,33
09-01-2025,PHC007,MED004,763,75,112,24.1,26
10-01-2025,PHC007,MED004,694,69,117,29.7,30
11-01-2025,PHC007,MED004,617,77,124,28.4,24
12-01-2025,PHC007,MED004,516,101,123,29.6,33
13-01-2025,PHC007,MED004,462,54,115,24.7,26
14-01-2025,PHC007,MED004,389,73,123,20.7,37
15-01-2025,PHC007,MED004,315,74,134,31.8,33
16-01-2025,PHC007,MED004,239,76,131,29.4,28
17-01-2025,PHC007,MED004,197,42,85,23.6,19
18-01-2025,PHC007,MED004,744,93,133,32.5,43
19-01-2025,PHC007,MED004,658,86,131,20.7,35
20-01-2025,PHC007,MED004,593,65,101,21.5,25
21-01-2025,PHC007,MED004,542,51,105,21.5,28
22-01-2025,PHC007,MED004,478,64,104,20.5,23
23-01-2025,PHC007,MED004,413,65,99,31,23
24-01-2025,PHC007,MED004,361,52,93,29.6,15
25-01-2025,PHC007,MED004,288,73,130,23.6,41
26-01-2025,PHC007,MED004,623,90,116,27.2,39
27-01-2025,PHC007,MED004,572,51,107,27,19
28-01-2025,PHC007,MED004,516,56,107,22.8,23
29-01-2025,PHC007,MED004,445,71,122,21.2,31
30-01-2025,PHC007,MED004,382,63,102,20.1,30
31-01-2025,PHC007,MED004,318,64,117,28.4,31
01-02-2025,PHC007,MED004,251,67,122,29.1,27
02-02-2025,PHC007,MED004,931,71,133,20.1,35
03-02-2025,PHC007,MED004,876,55,127,29.3,33
04-02-2025,PHC007,MED004,821,55,112,23.9,23
05-02-2025,PHC007,MED004,747,74,124,25.1,34
06-02-2025,PHC007,MED004,688,59,117,26.8,23
07-02-2025,PHC007,MED004,625,63,108,21.7,19
08-02-2025,PHC007,MED004,539,86,125,26.2,25
09-02-2025,PHC007,MED004,457,82,137,22,29
10-02-2025,PHC007,MED004,413,44,85,33.9,26
11-02-2025,PHC007,MED004,349,64,112,23.1,32
12-02-2025,PHC007,MED004,286,63,124,32.8,34
13-02-2025,PHC007,MED004,224,62,110,22.1,30
14-02-2025,PHC007,MED004,172,52,95,31.4,13
15-02-2025,PHC007,MED004,572,95,139,25.9,38
16-02-2025,PHC007,MED004,460,112,132,30.9,37
17-02-2025,PHC007,MED004,390,70,108,26.2,33
18-02-2025,PHC007,MED004,318,72,119,29.4,32
19-02-2025,PHC007,MED004,253,65,114,26,26
20-02-2025,PHC007,MED004,206,47,93,33.3,22
21-02-2025,PHC007,MED004,945,61,117,25.7,31
22-02-2025,PHC007,MED004,869,76,106,33.5,23
23-02-2025,PHC007,MED004,794,75,120,23.5,21
24-02-2025,PHC007,MED004,730,64,127,27.3,32
25-02-2025,PHC007,MED004,672,58,95,32.6,20
26-02-2025,PHC007,MED004,595,77,110,22.7,20
27-02-2025,PHC007,MED004,553,42,100,21.7,21
28-02-2025,PHC007,MED004,498,55,98,20.9,19
01-03-2025,PHC007,MED004,397,101,134,20.7,43
02-03-2025,PHC007,MED004,311,86,124,28.7,23
03-03-2025,PHC007,MED004,245,66,116,27.2,31
04-03-2025,PHC007,MED004,197,48,105,28,26
05-03-2025,PHC007,MED004,858,62,115,20.8,33
06-03-2025,PHC007,MED004,813,45,86,27.9,22
07-03-2025,PHC007,MED004,770,43,80,28.6,16
08-03-2025,PHC007,MED004,689,81,140,26.7,30
09-03-2025,PHC007,MED004,617,72,117,27.4,31
10-03-2025,PHC007,MED004,553,64,123,26.1,34
11-03-2025,PHC007,MED004,486,67,122,29.3,28
12-03-2025,PHC007,MED004,438,48,83,33.4,6
13-03-2025,PHC007,MED004,364,74,109,32.8,29
14-03-2025,PHC007,MED004,292,72,117,32.9,26
15-03-2025,PHC007,MED004,1000,81,133,26.9,34
16-03-2025,PHC007,MED004,926,74,115,32.3,32
17-03-2025,PHC007,MED004,874,52,83,29.1,26
18-03-2025,PHC007,MED004,796,78,115,27.6,39
19-03-2025,PHC007,MED004,710,86,123,30.7,33
20-03-2025,PHC007,MED004,673,37,90,20.8,14
21-03-2025,PHC007,MED004,618,55,101,23.1,24
22-03-2025,PHC007,MED004,537,81,132,26.4,27
23-03-2025,PHC007,MED004,460,77,125,25.8,30
24-03-2025,PHC007,MED004,382,78,116,26.3,21
25-03-2025,PHC007,MED004,302,80,128,27.9,38
26-03-2025,PHC007,MED004,243,59,108,32.7,28
27-03-2025,PHC007,MED004,647,78,127,22.5,37
28-03-2025,PHC007,MED004,591,56,108,31.6,22
29-03-2025,PHC007,MED004,494,97,124,33,19
30-03-2025,PHC007,MED004,417,77,110,28.2,17
31-03-2025,PHC007,MED004,379,38,101,23.3,36
01-04-2025,PHC007,MED004,318,61,103,24.8,23
02-04-2025,PHC007,MED004,259,59,105,32.5,22
03-04-2025,PHC007,MED004,195,64,105,28.4,23
04-04-2025,PHC007,MED004,155,40,94,32.5,29
05-04-2025,PHC007,MED004,723,92,139,33.5,26
06-04-2025,PHC007,MED004,647,76,121,26.1,38
07-04-2025,PHC007,MED004,581,66,131,25.9,34
08-04-2025,PHC007,MED004,511,70,103,30.8,25
09-04-2025,PHC007,MED004,466,45,96,21.4,22
10-04-2025,PHC007,MED004,397,69,125,31.6,30
11-04-2025,PHC007,MED004,354,43,93,29.9,24
12-04-2025,PHC007,MED004,704,106,157,30.4,45
13-04-2025,PHC007,MED004,630,74,107,28.1,33
14-04-2025,PHC007,MED004,574,56,117,31.2,28
15-04-2025,PHC007,MED004,529,45,101,21.6,23
16-04-2025,PHC007,MED004,456,73,111,31.4,30
17-04-2025,PHC007,MED004,383,73,121,21,33
18-04-2025,PHC007,MED004,329,54,101,26.4,22
19-04-2025,PHC007,MED004,1041,87,147,21.8,38
20-04-2025,PHC007,MED004,970,71,105,24.6,37
21-04-2025,PHC007,MED004,912,58,96,31,18
22-04-2025,PHC007,MED004,861,51,106,32.6,18
23-04-2025,PHC007,MED004,792,69,112,26.2,37
24-04-2025,PHC007,MED004,726,66,103,33.5,26
25-04-2025,PHC007,MED004,656,70,124,29.7,34
26-04-2025,PHC007,MED004,536,120,136,33.1,30
27-04-2025,PHC007,MED004,449,87,122,30,37
28-04-2025,PHC007,MED004,393,56,118,20.1,32
29-04-2025,PHC007,MED004,335,58,95,25.3,20
30-04-2025,PHC007,MED004,281,54,104,29.9,23
01-05-2025,PHC007,MED004,222,59,124,24.1,30
02-05-2025,PHC007,MED004,742,56,95,22.9,28
03-05-2025,PHC007,MED004,659,83,121,22.9,28
04-05-2025,PHC007,MED004,585,74,128,24.9,29
05-05-2025,PHC007,MED004,512,73,126,20.8,35
06-05-2025,PHC007,MED004,463,49,103,32.3,30
07-05-2025,PHC007,MED004,395,68,128,24.8,35
08-05-2025,PHC007,MED004,340,55,119,22.6,29
09-05-2025,PHC007,MED004,285,55,102,27.2,23
10-05-2025,PHC007,MED004,242,43,109,29,17
11-05-2025,PHC007,MED004,592,78,128,23.5,25
12-05-2025,PHC007,MED004,531,61,107,32.3,28
13-05-2025,PHC007,MED004,463,68,110,30.2,24
14-05-2025,PHC007,MED004,420,43,85,24.2,22
15-05-2025,PHC007,MED004,366,54,102,20,23
16-05-2025,PHC007,MED004,308,58,113,22.9,28
17-05-2025,PHC007,MED004,627,87,132,28.1,25
18-05-2025,PHC007,MED004,537,90,136,34.4,31
19-05-2025,PHC007,MED004,485,52,92,29.2,22
20-05-2025,PHC007,MED004,439,46,90,24.3,23
21-05-2025,PHC007,MED004,364,75,103,22.6,33
22-05-2025,PHC007,MED004,311,53,96,26.7,19
23-05-2025,PHC007,MED004,241,70,116,20.3,37
24-05-2025,PHC007,MED004,741,67,118,33.6,29
25-05-2025,PHC007,MED004,628,113,140,29.1,20
26-05-2025,PHC007,MED004,588,40,85,23.7,26
27-05-2025,PHC007,MED004,546,42,79,33.1,24
28-05-2025,PHC007,MED004,475,71,115,32.9,27
29-05-2025,PHC007,MED004,411,64,104,26.9,26
30-05-2025,PHC007,MED004,357,54,91,32,31
31-05-2025,PHC007,MED004,303,54,120,27.6,32
01-06-2025,PHC007,MED004,726,82,134,29.2,41
02-06-2025,PHC007,MED004,680,46,99,26.5,19
03-06-2025,PHC007,MED004,622,58,114,26.1,23
04-06-2025,PHC007,MED004,537,85,126,32.8,36
05-06-2025,PHC007,MED004,483,54,112,21.3,32
06-06-2025,PHC007,MED004,412,71,107,21.2,32
07-06-2025,PHC007,MED004,337,75,129,34.3,33
08-06-2025,PHC007,MED004,276,61,117,21.5,17
09-06-2025,PHC007,MED004,672,77,126,20,24
10-06-2025,PHC007,MED004,596,76,130,26.3,36
11-06-2025,PHC007,MED004,535,61,109,28.4,23
12-06-2025,PHC007,MED004,470,65,107,24.3,23
13-06-2025,PHC007,MED004,397,73,146,26.5,31
14-06-2025,PHC007,MED004,310,87,122,34.6,30
15-06-2025,PHC007,MED004,240,70,119,31.7,35
16-06-2025,PHC007,MED004,189,51,88,31.9,26
17-06-2025,PHC007,MED004,550,74,122,31.2,39
18-06-2025,PHC007,MED004,489,61,130,26.5,27
19-06-2025,PHC007,MED004,433,56,112,32,18
20-06-2025,PHC007,MED004,368,65,135,32.7,42
21-06-2025,PHC007,MED004,931,98,161,24.9,38
22-06-2025,PHC007,MED004,853,78,140,22.6,34
23-06-2025,PHC007,MED004,780,73,128,29.4,23
24-06-2025,PHC007,MED004,728,52,109,29.7,23
25-06-2025,PHC007,MED004,667,61,97,20.8,18
26-06-2025,PHC007,MED004,596,71,98,25.3,27
27-06-2025,PHC007,MED004,530,66,112,31.5,30
28-06-2025,PHC007,MED004,444,86,106,29,28
29-06-2025,PHC007,MED004,350,94,138,24.4,34
01-01-2025,PHC007,MED005,1403,39,94,33.6,23
02-01-2025,PHC007,MED005,1363,40,98,27.1,21
03-01-2025,PHC007,MED005,1314,49,120,26.2,26
04-01-2025,PHC007,MED005,1255,59,128,30.2,28
05-01-2025,PHC007,MED005,1197,58,129,26,38
06-01-2025,PHC007,MED005,1164,33,94,21.6,23
07-01-2025,PHC007,MED005,1116,48,143,22.9,41
08-01-2025,PHC007,MED005,1063,53,125,31.1,37
09-01-2025,PHC007,MED005,1005,58,138,32.6,37
10-01-2025,PHC007,MED005,970,35,100,33.3,28
11-01-2025,PHC007,MED005,911,59,132,22,37
12-01-2025,PHC007,MED005,851,60,140,27.6,27
13-01-2025,PHC007,MED005,809,42,124,33.3,27
14-01-2025,PHC007,MED005,779,30,110,32.9,30
15-01-2025,PHC007,MED005,736,43,91,29.8,17
16-01-2025,PHC007,MED005,700,36,98,25.3,23
17-01-2025,PHC007,MED005,645,55,117,31.8,36
18-01-2025,PHC007,MED005,600,45,104,27.1,34
19-01-2025,PHC007,MED005,552,48,106,24.2,27
20-01-2025,PHC007,MED005,507,45,117,27,34
21-01-2025,PHC007,MED005,457,50,126,25.3,34
22-01-2025,PHC007,MED005,421,36,114,29.8,28
23-01-2025,PHC007,MED005,366,55,114,20.9,35
24-01-2025,PHC007,MED005,322,44,113,20.5,24
25-01-2025,PHC007,MED005,263,59,112,30.9,30
26-01-2025,PHC007,MED005,202,61,145,27.9,35
27-01-2025,PHC007,MED005,156,46,121,29.9,29
28-01-2025,PHC007,MED005,886,52,118,30.2,30
29-01-2025,PHC007,MED005,852,34,72,29.5,25
30-01-2025,PHC007,MED005,811,41,97,23.9,36
31-01-2025,PHC007,MED005,737,74,166,31.1,45
01-02-2025,PHC007,MED005,687,50,135,31.3,36
02-02-2025,PHC007,MED005,640,47,114,21.2,32
03-02-2025,PHC007,MED005,609,31,89,32.5,14
04-02-2025,PHC007,MED005,560,49,115,21.5,28
05-02-2025,PHC007,MED005,528,32,97,33.9,24
06-02-2025,PHC007,MED005,493,35,103,31,26
07-02-2025,PHC007,MED005,446,47,111,29.7,33
08-02-2025,PHC007,MED005,408,38,102,24.2,24
09-02-2025,PHC007,MED005,344,64,129,31.7,26
10-02-2025,PHC007,MED005,307,37,85,30.6,28
11-02-2025,PHC007,MED005,260,47,110,34.7,30
12-02-2025,PHC007,MED005,211,49,106,29.6,26
13-02-2025,PHC007,MED005,173,38,118,20.1,27
14-02-2025,PHC007,MED005,578,56,118,27.4,36
15-02-2025,PHC007,MED005,522,56,108,23.6,25
16-02-2025,PHC007,MED005,470,52,115,22.3,28
17-02-2025,PHC007,MED005,419,51,122,25.8,30
18-02-2025,PHC007,MED005,369,50,125,26.8,32
19-02-2025,PHC007,MED005,322,47,127,31,33
20-02-2025,PHC007,MED005,276,46,99,26.8,24
21-02-2025,PHC007,MED005,241,35,87,23.9,26
22-02-2025,PHC007,MED005,594,62,152,31.2,44
23-02-2025,PHC007,MED005,556,38,95,23.4,24
24-02-2025,PHC007,MED005,517,39,104,33.7,27
25-02-2025,PHC007,MED005,480,37,85,33,17
26-02-2025,PHC007,MED005,430,50,96,23.1,24
27-02-2025,PHC007,MED005,385,45,102,20.1,32
28-02-2025,PHC007,MED005,339,46,99,24,28
01-03-2025,PHC007,MED005,271,68,119,25.2,25
02-03-2025,PHC007,MED005,206,65,158,31.6,35
03-03-2025,PHC007,MED005,158,48,115,24.9,33
04-03-2025,PHC007,MED005,867,44,128,20.9,25
05-03-2025,PHC007,MED005,840,27,102,33.8,19
06-03-2025,PHC007,MED005,796,44,127,25.6,30
07-03-2025,PHC007,MED005,757,39,122,25.7,38
08-03-2025,PHC007,MED005,704,53,113,23.2,34
09-03-2025,PHC007,MED005,640,64,153,31.4,34
10-03-2025,PHC007,MED005,604,36,91,30.7,19
11-03-2025,PHC007,MED005,555,49,110,32.3,29
12-03-2025,PHC007,MED005,518,37,115,21.9,26
13-03-2025,PHC007,MED005,480,38,91,30.3,21
14-03-2025,PHC007,MED005,432,48,122,31.2,25
15-03-2025,PHC007,MED005,360,72,150,33.9,43
16-03-2025,PHC007,MED005,295,65,133,22.3,38
17-03-2025,PHC007,MED005,255,40,101,26,29
18-03-2025,PHC007,MED005,214,41,110,33.2,29
19-03-2025,PHC007,MED005,167,47,116,23.4,30
20-03-2025,PHC007,MED005,127,40,118,24.5,37
21-03-2025,PHC007,MED005,838,43,114,20.7,27
22-03-2025,PHC007,MED005,784,54,124,28.2,26
23-03-2025,PHC007,MED005,729,55,113,30.6,20
24-03-2025,PHC007,MED005,683,46,110,24.9,36
25-03-2025,PHC007,MED005,646,37,103,29,13
26-03-2025,PHC007,MED005,593,53,121,29.2,33
27-03-2025,PHC007,MED005,547,46,102,30.3,28
28-03-2025,PHC007,MED005,472,75,139,32.1,30
29-03-2025,PHC007,MED005,417,55,130,34.7,39
30-03-2025,PHC007,MED005,355,62,109,20.3,31
31-03-2025,PHC007,MED005,324,31,89,29.5,26
01-04-2025,PHC007,MED005,277,47,114,32,31
02-04-2025,PHC007,MED005,228,49,121,21.9,25
03-04-2025,PHC007,MED005,186,42,100,27.5,18
04-04-2025,PHC007,MED005,151,35,102,29.3,22
05-04-2025,PHC007,MED005,684,60,131,20.5,20
06-04-2025,PHC007,MED005,635,49,136,31.2,36
07-04-2025,PHC007,MED005,583,52,128,22.1,32
08-04-2025,PHC007,MED005,551,32,88,27.4,28
09-04-2025,PHC007,MED005,510,41,109,26.8,20
10-04-2025,PHC007,MED005,469,41,100,29.9,37
11-04-2025,PHC007,MED005,426,43,118,25.1,27
12-04-2025,PHC007,MED005,378,48,125,34.1,33
13-04-2025,PHC007,MED005,313,65,133,24.4,36
14-04-2025,PHC007,MED005,259,54,130,27.7,39
15-04-2025,PHC007,MED005,204,55,127,30.6,28
16-04-2025,PHC007,MED005,155,49,125,25.7,30
17-04-2025,PHC007,MED005,625,44,107,31.9,27
18-04-2025,PHC007,MED005,595,30,98,33.3,26
19-04-2025,PHC007,MED005,522,73,121,26,42
20-04-2025,PHC007,MED005,464,58,120,23.9,36
21-04-2025,PHC007,MED005,421,43,124,30.9,33
22-04-2025,PHC007,MED005,378,43,108,20.5,30
23-04-2025,PHC007,MED005,333,45,119,32.6,27
24-04-2025,PHC007,MED005,288,45,112,27.6,22
25-04-2025,PHC007,MED005,264,24,84,25.7,20
26-04-2025,PHC007,MED005,198,66,144,23.6,42
27-04-2025,PHC007,MED005,516,52,131,20.8,39
28-04-2025,PHC007,MED005,483,33,83,21.3,21
29-04-2025,PHC007,MED005,441,42,128,22.9,36
30-04-2025,PHC007,MED005,386,55,131,30,26
01-05-2025,PHC007,MED005,358,28,79,31.3,23
02-05-2025,PHC007,MED005,320,38,101,31.4,29
03-05-2025,PHC007,MED005,264,56,121,27.8,20
04-05-2025,PHC007,MED005,227,37,100,34.3,24
05-05-2025,PHC007,MED005,190,37,97,28.8,22
06-05-2025,PHC007,MED005,160,30,97,34.4,27
07-05-2025,PHC007,MED005,127,33,110,28.4,32
08-05-2025,PHC007,MED005,421,34,92,23.2,27
09-05-2025,PHC007,MED005,380,41,114,23.3,24
10-05-2025,PHC007,MED005,330,50,112,33,34
11-05-2025,PHC007,MED005,274,56,125,29.4,26
12-05-2025,PHC007,MED005,242,32,93,29.9,24
13-05-2025,PHC007,MED005,197,45,101,31.6,23
14-05-2025,PHC007,MED005,148,49,101,27.9,29
15-05-2025,PHC007,MED005,479,47,118,20,34
16-05-2025,PHC007,MED005,441,38,90,26.6,22
17-05-2025,PHC007,MED005,395,46,111,28,27
18-05-2025,PHC007,MED005,313,82,159,29.6,30
19-05-2025,PHC007,MED005,280,33,88,26,21
20-05-2025,PHC007,MED005,229,51,125,24.2,27
21-05-2025,PHC007,MED005,185,44,99,25,30
22-05-2025,PHC007,MED005,602,59,115,24.8,32
23-05-2025,PHC007,MED005,559,43,99,29,17
24-05-2025,PHC007,MED005,498,61,139,30.6,31
25-05-2025,PHC007,MED005,438,60,131,30.3,32
26-05-2025,PHC007,MED005,400,38,96,34.7,16
27-05-2025,PHC007,MED005,348,52,117,31.4,33
28-05-2025,PHC007,MED005,317,31,90,26.4,24
29-05-2025,PHC007,MED005,275,42,102,26.1,28
30-05-2025,PHC007,MED005,227,48,103,24.7,21
31-05-2025,PHC007,MED005,183,44,136,27.9,37
01-06-2025,PHC007,MED005,526,62,140,28.5,44
02-06-2025,PHC007,MED005,487,39,98,22.8,29
03-06-2025,PHC007,MED005,450,37,95,31.4,24
04-06-2025,PHC007,MED005,410,40,100,29.6,30
05-06-2025,PHC007,MED005,361,49,119,28.1,32
06-06-2025,PHC007,MED005,317,44,108,29.9,22
07-06-2025,PHC007,MED005,259,58,137,27.8,28
08-06-2025,PHC007,MED005,196,63,124,20.7,38
09-06-2025,PHC007,MED005,150,46,119,20.1,28
10-06-2025,PHC007,MED005,839,56,118,28.3,40
11-06-2025,PHC007,MED005,782,57,121,25.6,31
12-06-2025,PHC007,MED005,748,34,119,34.8,26
13-06-2025,PHC007,MED005,701,47,111,33.2,25
14-06-2025,PHC007,MED005,637,64,113,33.4,33
15-06-2025,PHC007,MED005,576,61,133,31.2,29
16-06-2025,PHC007,MED005,519,57,129,22.1,31
17-06-2025,PHC007,MED005,476,43,124,30.5,30
18-06-2025,PHC007,MED005,433,43,114,20.9,21
19-06-2025,PHC007,MED005,395,38,103,26.1,11
20-06-2025,PHC007,MED005,361,34,106,22.3,15
21-06-2025,PHC007,MED005,301,60,124,33.2,32
22-06-2025,PHC007,MED005,244,57,116,33.3,32
23-06-2025,PHC007,MED005,209,35,80,20.3,20
24-06-2025,PHC007,MED005,164,45,95,24.8,23
25-06-2025,PHC007,MED005,715,59,134,23.3,29
26-06-2025,PHC007,MED005,677,38,96,27.7,28
27-06-2025,PHC007,MED005,624,53,123,32.5,24
28-06-2025,PHC007,MED005,556,68,138,21.2,26
29-06-2025,PHC007,MED005,507,49,106,27.6,24
01-01-2025,PHC008,MED001,807,76,95,30.2,25
02-01-2025,PHC008,MED001,702,105,108,25.1,23
03-01-2025,PHC008,MED001,636,66,94,24.1,18
04-01-2025,PHC008,MED001,539,97,112,31.7,26
05-01-2025,PHC008,MED001,448,91,107,24.1,32
06-01-2025,PHC008,MED001,374,74,106,20.6,27
07-01-2025,PHC008,MED001,281,93,115,30.9,29
08-01-2025,PHC008,MED001,843,130,128,23.3,34
09-01-2025,PHC008,MED001,776,67,86,27.4,23
10-01-2025,PHC008,MED001,691,85,115,30.9,17
11-01-2025,PHC008,MED001,560,131,122,29.2,27
12-01-2025,PHC008,MED001,464,96,106,24.5,33
13-01-2025,PHC008,MED001,407,57,109,28.9,29
14-01-2025,PHC008,MED001,318,89,111,34.2,26
15-01-2025,PHC008,MED001,240,78,91,32.9,18
16-01-2025,PHC008,MED001,796,81,81,32.3,19
17-01-2025,PHC008,MED001,717,79,100,22,31
18-01-2025,PHC008,MED001,594,123,128,23.8,36
19-01-2025,PHC008,MED001,484,110,119,34.5,33
20-01-2025,PHC008,MED001,399,85,92,29.7,19
21-01-2025,PHC008,MED001,329,70,81,24.7,21
22-01-2025,PHC008,MED001,952,104,110,28.3,24
23-01-2025,PHC008,MED001,854,98,105,31.8,18
24-01-2025,PHC008,MED001,788,66,87,25.4,14
25-01-2025,PHC008,MED001,678,110,95,26,23
26-01-2025,PHC008,MED001,541,137,143,29.4,25
27-01-2025,PHC008,MED001,441,100,109,22.5,29
28-01-2025,PHC008,MED001,349,92,125,26.7,32
29-01-2025,PHC008,MED001,779,97,96,23.8,29
30-01-2025,PHC008,MED001,734,45,53,30.9,11
31-01-2025,PHC008,MED001,664,70,81,30.8,20
01-02-2025,PHC008,MED001,576,88,95,25.2,26
02-02-2025,PHC008,MED001,475,101,111,20.6,31
03-02-2025,PHC008,MED001,393,82,84,26,19
04-02-2025,PHC008,MED001,309,84,104,29.1,26
05-02-2025,PHC008,MED001,954,88,103,20.5,19
06-02-2025,PHC008,MED001,854,100,108,31.2,27
07-02-2025,PHC008,MED001,783,71,95,20.5,24
08-02-2025,PHC008,MED001,702,81,94,22.7,21
09-02-2025,PHC008,MED001,576,126,114,22.3,37
10-02-2025,PHC008,MED001,490,86,101,32.2,20
11-02-2025,PHC008,MED001,405,85,120,26.7,31
12-02-2025,PHC008,MED001,362,43,95,23,19
13-02-2025,PHC008,MED001,807,124,129,25.3,27
14-02-2025,PHC008,MED001,715,92,98,20.9,23
15-02-2025,PHC008,MED001,561,154,130,34.5,34
16-02-2025,PHC008,MED001,444,117,118,21.6,34
17-02-2025,PHC008,MED001,352,92,103,27,25
18-02-2025,PHC008,MED001,759,100,107,29.5,24
19-02-2025,PHC008,MED001,692,67,100,24.7,31
20-02-2025,PHC008,MED001,607,85,96,26.2,16
21-02-2025,PHC008,MED001,548,59,70,34.4,21
22-02-2025,PHC008,MED001,434,114,125,34.6,39
23-02-2025,PHC008,MED001,346,88,97,23.4,30
24-02-2025,PHC008,MED001,274,72,88,32.7,27
25-02-2025,PHC008,MED001,674,75,98,34.6,27
26-02-2025,PHC008,MED001,556,118,121,26.2,44
27-02-2025,PHC008,MED001,480,76,91,31.7,19
28-02-2025,PHC008,MED001,379,101,130,33,36
01-03-2025,PHC008,MED001,630,114,114,21.9,26
02-03-2025,PHC008,MED001,498,132,143,22.5,33
03-03-2025,PHC008,MED001,391,107,123,25.7,29
04-03-2025,PHC008,MED001,314,77,119,31.8,26
05-03-2025,PHC008,MED001,686,84,94,29.3,26
06-03-2025,PHC008,MED001,608,78,82,24.8,25
07-03-2025,PHC008,MED001,507,101,97,30.5,22
08-03-2025,PHC008,MED001,388,119,126,24.8,38
09-03-2025,PHC008,MED001,914,114,123,30.3,21
10-03-2025,PHC008,MED001,807,107,121,25.1,21
11-03-2025,PHC008,MED001,662,145,134,30.3,38
12-03-2025,PHC008,MED001,575,87,108,32.4,29
13-03-2025,PHC008,MED001,500,75,96,34.3,19
14-03-2025,PHC008,MED001,423,77,90,21.5,24
15-03-2025,PHC008,MED001,321,102,105,25.7,24
16-03-2025,PHC008,MED001,634,111,119,21.1,30
17-03-2025,PHC008,MED001,533,101,92,33.5,16
18-03-2025,PHC008,MED001,434,99,114,28.1,31
19-03-2025,PHC008,MED001,348,86,100,31.7,30
20-03-2025,PHC008,MED001,763,100,116,27.2,26
21-03-2025,PHC008,MED001,688,75,99,21.6,21
22-03-2025,PHC008,MED001,597,91,92,25.7,20
23-03-2025,PHC008,MED001,493,104,102,30.3,18
24-03-2025,PHC008,MED001,396,97,116,34.4,31
25-03-2025,PHC008,MED001,314,82,101,25.9,15
26-03-2025,PHC008,MED001,627,102,113,27.5,29
27-03-2025,PHC008,MED001,556,71,92,25.8,28
28-03-2025,PHC008,MED001,479,77,97,26,28
29-03-2025,PHC008,MED001,360,119,106,26,31
30-03-2025,PHC008,MED001,959,102,102,31.3,35
31-03-2025,PHC008,MED001,881,78,99,28.5,32
01-04-2025,PHC008,MED001,785,96,125,31.3,29
02-04-2025,PHC008,MED001,697,88,93,35,29
03-04-2025,PHC008,MED001,616,81,96,30.2,17
04-04-2025,PHC008,MED001,540,76,105,21.5,30
05-04-2025,PHC008,MED001,445,95,102,28.7,29
06-04-2025,PHC008,MED001,753,118,117,25,28
07-04-2025,PHC008,MED001,663,90,112,33.5,29
08-04-2025,PHC008,MED001,596,67,76,31.9,17
09-04-2025,PHC008,MED001,506,90,106,28.6,28
10-04-2025,PHC008,MED001,433,73,100,31.9,23
11-04-2025,PHC008,MED001,360,73,93,32.6,23
12-04-2025,PHC008,MED001,976,107,111,31.3,34
13-04-2025,PHC008,MED001,858,118,110,29.3,34
14-04-2025,PHC008,MED001,758,100,109,24.9,17
15-04-2025,PHC008,MED001,668,90,113,33.8,30
16-04-2025,PHC008,MED001,585,83,109,20.4,25
17-04-2025,PHC008,MED001,494,91,105,20.7,28
18-04-2025,PHC008,MED001,417,77,95,21.3,26
19-04-2025,PHC008,MED001,315,102,108,29.5,32
20-04-2025,PHC008,MED001,958,98,98,32.1,28
21-04-2025,PHC008,MED001,865,93,96,33.9,22
22-04-2025,PHC008,MED001,769,96,110,26.2,28
23-04-2025,PHC008,MED001,678,91,97,28.6,24
24-04-2025,PHC008,MED001,589,89,107,24.9,31
25-04-2025,PHC008,MED001,489,100,113,32.1,27
26-04-2025,PHC008,MED001,396,93,96,26.7,21
27-04-2025,PHC008,MED001,820,113,110,28.4,26
28-04-2025,PHC008,MED001,751,69,86,20.9,25
29-04-2025,PHC008,MED001,650,101,93,24.9,25
30-04-2025,PHC008,MED001,575,75,93,26.8,31
01-05-2025,PHC008,MED001,514,61,82,32.6,13
02-05-2025,PHC008,MED001,436,78,88,22.7,22
03-05-2025,PHC008,MED001,341,95,103,32.4,23
04-05-2025,PHC008,MED001,258,83,103,34.7,25
05-05-2025,PHC008,MED001,739,92,115,31.7,28
06-05-2025,PHC008,MED001,657,82,113,30.5,32
07-05-2025,PHC008,MED001,549,108,125,23.3,30
08-05-2025,PHC008,MED001,459,90,106,25.1,25
09-05-2025,PHC008,MED001,376,83,97,26.8,29
10-05-2025,PHC008,MED001,291,85,97,30.8,32
11-05-2025,PHC008,MED001,968,111,112,32.5,33
12-05-2025,PHC008,MED001,881,87,104,24.6,31
13-05-2025,PHC008,MED001,814,67,90,31.1,23
14-05-2025,PHC008,MED001,722,92,110,22.3,18
15-05-2025,PHC008,MED001,660,62,86,24.4,25
16-05-2025,PHC008,MED001,568,92,132,28.7,29
17-05-2025,PHC008,MED001,473,95,108,30.3,24
18-05-2025,PHC008,MED001,950,125,114,25.7,20
19-05-2025,PHC008,MED001,876,74,100,33,21
20-05-2025,PHC008,MED001,806,70,77,34,24
21-05-2025,PHC008,MED001,700,106,105,29.4,20
22-05-2025,PHC008,MED001,638,62,78,25.6,23
23-05-2025,PHC008,MED001,521,117,123,28.5,32
24-05-2025,PHC008,MED001,403,118,107,28.8,22
25-05-2025,PHC008,MED001,568,163,136,33.8,27
26-05-2025,PHC008,MED001,475,93,113,34.8,36
27-05-2025,PHC008,MED001,365,110,115,26.3,33
28-05-2025,PHC008,MED001,619,131,126,29.8,20
29-05-2025,PHC008,MED001,524,95,99,22.9,27
30-05-2025,PHC008,MED001,445,79,97,28.8,25
31-05-2025,PHC008,MED001,352,93,118,20.3,33
01-06-2025,PHC008,MED001,814,127,130,34.2,42
02-06-2025,PHC008,MED001,712,102,113,23.4,27
03-06-2025,PHC008,MED001,631,81,94,25.1,22
04-06-2025,PHC008,MED001,563,68,87,31.7,20
05-06-2025,PHC008,MED001,483,80,98,30.7,20
06-06-2025,PHC008,MED001,379,104,127,32.9,34
07-06-2025,PHC008,MED001,961,117,135,28,35
08-06-2025,PHC008,MED001,861,100,127,21.7,30
09-06-2025,PHC008,MED001,801,60,90,23.8,25
10-06-2025,PHC008,MED001,738,63,76,33.6,28
11-06-2025,PHC008,MED001,642,96,101,31.4,25
12-06-2025,PHC008,MED001,546,96,99,25,27
13-06-2025,PHC008,MED001,459,87,105,28,31
14-06-2025,PHC008,MED001,924,137,135,20.4,32
15-06-2025,PHC008,MED001,802,122,127,23.7,34
16-06-2025,PHC008,MED001,676,126,117,33.5,31
17-06-2025,PHC008,MED001,580,96,123,34.5,36
18-06-2025,PHC008,MED001,474,106,134,31.6,27
19-06-2025,PHC008,MED001,398,76,86,27.3,15
20-06-2025,PHC008,MED001,1005,103,117,23,26
21-06-2025,PHC008,MED001,885,120,111,25.4,30
22-06-2025,PHC008,MED001,771,114,100,21.7,28
23-06-2025,PHC008,MED001,687,84,91,20.1,21
24-06-2025,PHC008,MED001,594,93,105,28.4,29
25-06-2025,PHC008,MED001,490,104,101,22.7,21
26-06-2025,PHC008,MED001,408,82,88,21.2,22
27-06-2025,PHC008,MED001,308,100,98,31.3,28
28-06-2025,PHC008,MED001,673,138,144,25.4,41
29-06-2025,PHC008,MED001,526,147,126,22.1,30
01-01-2025,PHC008,MED002,1328,57,100,33.3,23
02-01-2025,PHC008,MED002,1261,67,106,20.3,19
03-01-2025,PHC008,MED002,1200,61,109,30.2,29
04-01-2025,PHC008,MED002,1118,82,112,33,28
05-01-2025,PHC008,MED002,1053,65,103,33.6,29
06-01-2025,PHC008,MED002,984,69,122,23,38
07-01-2025,PHC008,MED002,927,57,88,34.3,19
08-01-2025,PHC008,MED002,861,66,110,30.6,22
09-01-2025,PHC008,MED002,795,66,106,21.3,26
10-01-2025,PHC008,MED002,725,70,118,26,26
11-01-2025,PHC008,MED002,630,95,139,28,38
12-01-2025,PHC008,MED002,546,84,117,25.5,28
13-01-2025,PHC008,MED002,464,82,98,27.4,18
14-01-2025,PHC008,MED002,404,60,97,21.9,23
15-01-2025,PHC008,MED002,345,59,109,21.8,28
16-01-2025,PHC008,MED002,289,56,94,23.4,23
17-01-2025,PHC008,MED002,946,78,113,32.6,33
18-01-2025,PHC008,MED002,863,83,100,25.1,26
19-01-2025,PHC008,MED002,747,116,134,25.2,42
20-01-2025,PHC008,MED002,680,67,97,21.9,21
21-01-2025,PHC008,MED002,626,54,92,29.1,24
22-01-2025,PHC008,MED002,556,70,106,31.8,27
23-01-2025,PHC008,MED002,488,68,84,24.5,31
24-01-2025,PHC008,MED002,449,39,64,24.5,26
25-01-2025,PHC008,MED002,350,99,127,28.7,23
26-01-2025,PHC008,MED002,265,85,123,28.2,25
27-01-2025,PHC008,MED002,949,84,98,29.8,21
28-01-2025,PHC008,MED002,888,61,90,31.4,17
29-01-2025,PHC008,MED002,825,63,87,26.9,15
30-01-2025,PHC008,MED002,730,95,123,23,28
31-01-2025,PHC008,MED002,665,65,124,29.3,24
01-02-2025,PHC008,MED002,593,72,121,25.4,22
02-02-2025,PHC008,MED002,488,105,142,31.3,42
03-02-2025,PHC008,MED002,432,56,93,20.6,15
04-02-2025,PHC008,MED002,356,76,120,20.7,39
05-02-2025,PHC008,MED002,301,55,90,24.5,21
06-02-2025,PHC008,MED002,240,61,96,26.3,30
07-02-2025,PHC008,MED002,688,66,103,29,29
08-02-2025,PHC008,MED002,595,93,111,27.2,22
09-02-2025,PHC008,MED002,484,111,139,34.5,28
10-02-2025,PHC008,MED002,417,67,105,23.9,24
11-02-2025,PHC008,MED002,345,72,105,20.8,20
12-02-2025,PHC008,MED002,270,75,103,24,17
13-02-2025,PHC008,MED002,232,38,66,22.2,22
14-02-2025,PHC008,MED002,181,51,103,21.7,37
15-02-2025,PHC008,MED002,866,106,124,23.9,22
16-02-2025,PHC008,MED002,771,95,127,34.5,27
17-02-2025,PHC008,MED002,703,68,102,33.8,29
18-02-2025,PHC008,MED002,649,54,104,24.9,22
19-02-2025,PHC008,MED002,584,65,97,22.4,20
20-02-2025,PHC008,MED002,524,60,91,31.9,21
21-02-2025,PHC008,MED002,481,43,76,33.7,13
22-02-2025,PHC008,MED002,399,82,100,34,25
23-02-2025,PHC008,MED002,323,76,115,22.5,21
24-02-2025,PHC008,MED002,256,67,103,24.5,22
25-02-2025,PHC008,MED002,194,62,91,23,22
26-02-2025,PHC008,MED002,579,68,99,20.6,24
27-02-2025,PHC008,MED002,519,60,101,33,28
28-02-2025,PHC008,MED002,471,48,94,26.8,20
01-03-2025,PHC008,MED002,389,82,119,29.9,28
02-03-2025,PHC008,MED002,837,104,149,22.6,40
03-03-2025,PHC008,MED002,774,63,117,31.2,22
04-03-2025,PHC008,MED002,701,73,100,25.5,19
05-03-2025,PHC008,MED002,652,49,74,34.3,19
06-03-2025,PHC008,MED002,596,56,95,20.3,19
07-03-2025,PHC008,MED002,538,58,111,22.7,28
08-03-2025,PHC008,MED002,452,86,131,27.7,32
09-03-2025,PHC008,MED002,369,83,113,32,24
10-03-2025,PHC008,MED002,322,47,70,23.7,16
11-03-2025,PHC008,MED002,253,69,97,32.6,20
12-03-2025,PHC008,MED002,193,60,104,23.5,29
13-03-2025,PHC008,MED002,410,94,128,34,36
14-03-2025,PHC008,MED002,352,58,89,22.9,17
15-03-2025,PHC008,MED002,264,88,109,24.9,27
16-03-2025,PHC008,MED002,486,92,121,23.7,30
17-03-2025,PHC008,MED002,418,68,106,34.2,24
18-03-2025,PHC008,MED002,377,41,88,20.8,30
19-03-2025,PHC008,MED002,332,45,81,24.1,15
20-03-2025,PHC008,MED002,261,71,114,30.3,34
21-03-2025,PHC008,MED002,674,77,114,29.3,27
22-03-2025,PHC008,MED002,576,98,128,22,22
23-03-2025,PHC008,MED002,466,110,143,27.8,41
24-03-2025,PHC008,MED002,417,49,77,32.3,14
25-03-2025,PHC008,MED002,374,43,70,31.1,21
26-03-2025,PHC008,MED002,289,85,100,34.4,20
27-03-2025,PHC008,MED002,242,47,85,21.7,13
28-03-2025,PHC008,MED002,186,56,91,24.7,13
29-03-2025,PHC008,MED002,892,84,117,23.5,34
30-03-2025,PHC008,MED002,821,71,95,34.7,23
31-03-2025,PHC008,MED002,757,64,103,26.2,26
01-04-2025,PHC008,MED002,700,57,105,30,24
02-04-2025,PHC008,MED002,643,57,98,24.7,29
03-04-2025,PHC008,MED002,558,85,127,26.9,32
04-04-2025,PHC008,MED002,496,62,97,29.1,23
05-04-2025,PHC008,MED002,427,69,107,25.4,21
06-04-2025,PHC008,MED002,355,72,100,22.8,23
07-04-2025,PHC008,MED002,285,70,110,20.4,40
08-04-2025,PHC008,MED002,225,60,100,20.7,25
09-04-2025,PHC008,MED002,555,80,124,26.3,26
10-04-2025,PHC008,MED002,495,60,104,27.7,21
11-04-2025,PHC008,MED002,423,72,95,28.9,23
12-04-2025,PHC008,MED002,343,80,123,25.8,36
13-04-2025,PHC008,MED002,273,70,118,26.1,35
14-04-2025,PHC008,MED002,213,60,100,32.3,24
15-04-2025,PHC008,MED002,783,68,92,28.9,27
16-04-2025,PHC008,MED002,722,61,101,26,21
17-04-2025,PHC008,MED002,672,50,78,25.7,16
18-04-2025,PHC008,MED002,604,68,105,27.3,23
19-04-2025,PHC008,MED002,496,108,128,34.8,24
20-04-2025,PHC008,MED002,408,88,131,29.5,36
21-04-2025,PHC008,MED002,356,52,88,24.2,23
22-04-2025,PHC008,MED002,302,54,104,34.4,24
23-04-2025,PHC008,MED002,829,79,106,29.1,34
24-04-2025,PHC008,MED002,778,51,96,25.6,11
25-04-2025,PHC008,MED002,724,54,93,24.3,19
26-04-2025,PHC008,MED002,644,80,112,27.2,31
27-04-2025,PHC008,MED002,588,56,84,25.7,16
28-04-2025,PHC008,MED002,510,78,100,25.1,17
29-04-2025,PHC008,MED002,448,62,95,26.4,23
30-04-2025,PHC008,MED002,391,57,105,32.3,21
01-05-2025,PHC008,MED002,325,66,105,33.9,30
02-05-2025,PHC008,MED002,268,57,104,28.8,22
03-05-2025,PHC008,MED002,204,64,131,22,39
04-05-2025,PHC008,MED002,814,84,110,23.2,19
05-05-2025,PHC008,MED002,758,56,85,31.9,22
06-05-2025,PHC008,MED002,686,72,103,27.2,20
07-05-2025,PHC008,MED002,634,52,94,26.2,21
08-05-2025,PHC008,MED002,564,70,115,21.6,28
09-05-2025,PHC008,MED002,495,69,101,34.3,26
10-05-2025,PHC008,MED002,401,94,113,35,25
11-05-2025,PHC008,MED002,327,74,103,27.6,40
12-05-2025,PHC008,MED002,272,55,97,32.6,13
13-05-2025,PHC008,MED002,218,54,85,29.5,18
14-05-2025,PHC008,MED002,442,82,119,25.9,32
15-05-2025,PHC008,MED002,387,55,109,24.2,35
16-05-2025,PHC008,MED002,325,62,97,21.2,25
17-05-2025,PHC008,MED002,761,115,118,24.6,32
18-05-2025,PHC008,MED002,700,61,100,21.6,22
19-05-2025,PHC008,MED002,625,75,121,29.7,29
20-05-2025,PHC008,MED002,558,67,112,29.3,28
21-05-2025,PHC008,MED002,495,63,96,27.8,19
22-05-2025,PHC008,MED002,428,67,93,24.9,20
23-05-2025,PHC008,MED002,357,71,100,21.9,25
24-05-2025,PHC008,MED002,268,89,119,25.7,31
25-05-2025,PHC008,MED002,833,72,88,34.6,23
26-05-2025,PHC008,MED002,752,81,110,20.7,23
27-05-2025,PHC008,MED002,679,73,99,32.8,36
28-05-2025,PHC008,MED002,596,83,127,21,32
29-05-2025,PHC008,MED002,527,69,98,28.1,25
30-05-2025,PHC008,MED002,460,67,108,28.3,21
31-05-2025,PHC008,MED002,385,75,119,29.2,24
01-06-2025,PHC008,MED002,305,80,109,22.1,27
02-06-2025,PHC008,MED002,244,61,91,28.3,25
03-06-2025,PHC008,MED002,196,48,74,22.2,17
04-06-2025,PHC008,MED002,632,65,105,28.3,22
05-06-2025,PHC008,MED002,555,77,120,33,30
06-06-2025,PHC008,MED002,491,64,102,25.5,27
07-06-2025,PHC008,MED002,407,84,123,28,31
08-06-2025,PHC008,MED002,331,76,112,25.7,23
09-06-2025,PHC008,MED002,267,64,97,31.4,24
10-06-2025,PHC008,MED002,900,67,94,25.7,19
11-06-2025,PHC008,MED002,850,50,104,28.5,28
12-06-2025,PHC008,MED002,783,67,100,32.2,15
13-06-2025,PHC008,MED002,743,40,82,25.7,19
14-06-2025,PHC008,MED002,667,76,106,33.3,20
15-06-2025,PHC008,MED002,598,69,101,24.3,17
16-06-2025,PHC008,MED002,514,84,112,21.2,27
17-06-2025,PHC008,MED002,441,73,115,32.9,26
18-06-2025,PHC008,MED002,360,81,114,24.7,22
19-06-2025,PHC008,MED002,291,69,97,22.3,30
20-06-2025,PHC008,MED002,226,65,91,28.8,18
21-06-2025,PHC008,MED002,817,90,117,20,33
22-06-2025,PHC008,MED002,734,83,116,35,30
23-06-2025,PHC008,MED002,673,61,106,27.9,23
24-06-2025,PHC008,MED002,596,77,110,23.9,28
25-06-2025,PHC008,MED002,541,55,78,21.9,16
26-06-2025,PHC008,MED002,479,62,103,29.9,20
27-06-2025,PHC008,MED002,406,73,103,20.4,33
28-06-2025,PHC008,MED002,310,96,127,26.7,47
29-06-2025,PHC008,MED002,835,84,138,26.7,24
01-01-2025,PHC008,MED003,1430,35,104,30.6,32
02-01-2025,PHC008,MED003,1374,56,126,32.2,29
03-01-2025,PHC008,MED003,1335,39,91,20.1,25
04-01-2025,PHC008,MED003,1263,72,124,25.3,22
05-01-2025,PHC008,MED003,1201,62,138,28.3,31
06-01-2025,PHC008,MED003,1139,62,129,32.5,30
07-01-2025,PHC008,MED003,1076,63,145,29,44
08-01-2025,PHC008,MED003,1036,40,92,23.4,23
09-01-2025,PHC008,MED003,974,62,135,20.3,36
10-01-2025,PHC008,MED003,922,52,114,24.5,22
11-01-2025,PHC008,MED003,869,53,93,29.5,19
12-01-2025,PHC008,MED003,816,53,98,27,18
13-01-2025,PHC008,MED003,762,54,110,32.1,25
14-01-2025,PHC008,MED003,720,42,102,20.1,32
15-01-2025,PHC008,MED003,658,62,117,34.3,31
16-01-2025,PHC008,MED003,608,50,85,28.9,17
17-01-2025,PHC008,MED003,558,50,111,34,19
18-01-2025,PHC008,MED003,493,65,119,21.6,31
19-01-2025,PHC008,MED003,421,72,112,20.8,22
20-01-2025,PHC008,MED003,367,54,106,24.3,27
21-01-2025,PHC008,MED003,296,71,136,25.4,40
22-01-2025,PHC008,MED003,249,47,89,30,21
23-01-2025,PHC008,MED003,200,49,79,31,18
24-01-2025,PHC008,MED003,150,50,98,28.5,22
25-01-2025,PHC008,MED003,495,79,137,20.4,39
26-01-2025,PHC008,MED003,433,62,127,31.4,40
27-01-2025,PHC008,MED003,384,49,93,28.8,30
28-01-2025,PHC008,MED003,325,59,120,25.8,33
29-01-2025,PHC008,MED003,263,62,120,27.2,35
30-01-2025,PHC008,MED003,217,46,92,28.5,26
31-01-2025,PHC008,MED003,174,43,96,33.7,28
01-02-2025,PHC008,MED003,805,51,134,22.9,31
02-02-2025,PHC008,MED003,743,62,127,32.7,23
03-02-2025,PHC008,MED003,702,41,111,22.3,22
04-02-2025,PHC008,MED003,670,32,74,28.3,19
05-02-2025,PHC008,MED003,623,47,91,23.6,32
06-02-2025,PHC008,MED003,593,30,78,33.4,15
07-02-2025,PHC008,MED003,544,49,104,20.1,24
08-02-2025,PHC008,MED003,488,56,103,27.2,31
09-02-2025,PHC008,MED003,421,67,130,30.8,30
10-02-2025,PHC008,MED003,376,45,91,25.9,25
11-02-2025,PHC008,MED003,327,49,84,31.3,24
12-02-2025,PHC008,MED003,291,36,90,32.3,25
13-02-2025,PHC008,MED003,244,47,97,29.9,36
14-02-2025,PHC008,MED003,198,46,92,27.3,19
15-02-2025,PHC008,MED003,800,54,108,22,26
16-02-2025,PHC008,MED003,750,50,120,28.1,28
17-02-2025,PHC008,MED003,692,58,124,24.8,28
18-02-2025,PHC008,MED003,644,48,78,20.8,13
19-02-2025,PHC008,MED003,591,53,107,20.7,25
20-02-2025,PHC008,MED003,532,59,135,32.3,39
21-02-2025,PHC008,MED003,491,41,80,21.1,23
22-02-2025,PHC008,MED003,415,76,135,22.9,36
23-02-2025,PHC008,MED003,355,60,128,27.7,32
24-02-2025,PHC008,MED003,293,62,106,23.5,28
25-02-2025,PHC008,MED003,240,53,109,22.9,19
26-02-2025,PHC008,MED003,185,55,115,25.6,22
27-02-2025,PHC008,MED003,149,36,99,33.7,19
28-02-2025,PHC008,MED003,424,62,114,27.2,19
01-03-2025,PHC008,MED003,332,92,150,27.9,44
02-03-2025,PHC008,MED003,284,48,85,34.7,21
03-03-2025,PHC008,MED003,240,44,98,34.1,34
04-03-2025,PHC008,MED003,865,70,125,21.1,29
05-03-2025,PHC008,MED003,803,62,135,33.2,40
06-03-2025,PHC008,MED003,752,51,112,21.2,28
07-03-2025,PHC008,MED003,707,45,86,20.9,20
08-03-2025,PHC008,MED003,656,51,89,23.4,12
09-03-2025,PHC008,MED003,589,67,118,29.4,29
10-03-2025,PHC008,MED003,542,47,89,22.8,18
11-03-2025,PHC008,MED003,495,47,91,26.5,31
12-03-2025,PHC008,MED003,444,51,113,23.4,28
13-03-2025,PHC008,MED003,399,45,99,22.7,21
14-03-2025,PHC008,MED003,353,46,87,28,29
15-03-2025,PHC008,MED003,293,60,103,21.5,21
16-03-2025,PHC008,MED003,238,55,102,26.9,30
17-03-2025,PHC008,MED003,182,56,130,22.5,23
18-03-2025,PHC008,MED003,781,51,105,29.2,29
19-03-2025,PHC008,MED003,739,42,90,23.7,14
20-03-2025,PHC008,MED003,682,57,120,31.5,26
21-03-2025,PHC008,MED003,632,50,86,21.7,31
22-03-2025,PHC008,MED003,576,56,102,23.3,37
23-03-2025,PHC008,MED003,512,64,118,28.4,29
24-03-2025,PHC008,MED003,480,32,73,24.8,19
25-03-2025,PHC008,MED003,424,56,120,29.6,30
26-03-2025,PHC008,MED003,397,27,77,31.7,25
27-03-2025,PHC008,MED003,346,51,95,28.7,34
28-03-2025,PHC008,MED003,282,64,100,30.9,24
29-03-2025,PHC008,MED003,221,61,106,22.7,24
30-03-2025,PHC008,MED003,715,66,114,30.9,23
31-03-2025,PHC008,MED003,652,63,111,20.1,25
01-04-2025,PHC008,MED003,616,36,92,29.3,19
02-04-2025,PHC008,MED003,581,35,94,34.6,24
03-04-2025,PHC008,MED003,522,59,104,32.5,22
04-04-2025,PHC008,MED003,473,49,97,28.5,22
05-04-2025,PHC008,MED003,415,58,111,30.8,25
06-04-2025,PHC008,MED003,345,70,123,34.8,37
07-04-2025,PHC008,MED003,294,51,118,23.3,28
08-04-2025,PHC008,MED003,236,58,100,26.9,17
09-04-2025,PHC008,MED003,200,36,95,25.5,24
10-04-2025,PHC008,MED003,154,46,93,31.9,25
11-04-2025,PHC008,MED003,759,53,88,34.3,20
12-04-2025,PHC008,MED003,675,84,124,29.4,38
13-04-2025,PHC008,MED003,598,77,136,27.7,33
14-04-2025,PHC008,MED003,545,53,134,20.6,39
15-04-2025,PHC008,MED003,503,42,78,27.9,20
16-04-2025,PHC008,MED003,443,60,112,25.3,28
17-04-2025,PHC008,MED003,383,60,118,22.2,26
18-04-2025,PHC008,MED003,332,51,102,20.3,30
19-04-2025,PHC008,MED003,274,58,111,23.8,33
20-04-2025,PHC008,MED003,225,49,102,30.5,24
21-04-2025,PHC008,MED003,842,57,102,25.9,22
22-04-2025,PHC008,MED003,783,59,110,30.3,25
23-04-2025,PHC008,MED003,711,72,139,33.3,36
24-04-2025,PHC008,MED003,653,58,103,23.8,23
25-04-2025,PHC008,MED003,598,55,112,22.6,31
26-04-2025,PHC008,MED003,521,77,114,22,14
27-04-2025,PHC008,MED003,455,66,117,31.2,30
28-04-2025,PHC008,MED003,410,45,101,30.2,31
29-04-2025,PHC008,MED003,364,46,117,23,24
30-04-2025,PHC008,MED003,318,46,109,31.5,14
01-05-2025,PHC008,MED003,272,46,125,20.5,40
02-05-2025,PHC008,MED003,237,35,83,26.3,19
03-05-2025,PHC008,MED003,181,56,129,25.8,29
04-05-2025,PHC008,MED003,549,62,108,32.9,25
05-05-2025,PHC008,MED003,511,38,78,21,27
06-05-2025,PHC008,MED003,459,52,102,20.1,20
07-05-2025,PHC008,MED003,415,44,97,31.8,20
08-05-2025,PHC008,MED003,359,56,105,27.3,22
09-05-2025,PHC008,MED003,317,42,95,26.2,30
10-05-2025,PHC008,MED003,266,51,100,21.8,21
11-05-2025,PHC008,MED003,772,87,144,29.8,36
12-05-2025,PHC008,MED003,727,45,98,31,29
13-05-2025,PHC008,MED003,680,47,103,32.5,23
14-05-2025,PHC008,MED003,646,34,87,22,19
15-05-2025,PHC008,MED003,603,43,107,20.7,20
16-05-2025,PHC008,MED003,556,47,101,29.5,32
17-05-2025,PHC008,MED003,475,81,120,31.1,41
18-05-2025,PHC008,MED003,393,82,108,22.6,21
19-05-2025,PHC008,MED003,358,35,85,23,29
20-05-2025,PHC008,MED003,291,67,121,31.6,39
21-05-2025,PHC008,MED003,236,55,107,30.3,22
22-05-2025,PHC008,MED003,200,36,87,22.7,19
23-05-2025,PHC008,MED003,570,51,107,26.7,27
24-05-2025,PHC008,MED003,502,68,116,25.4,39
25-05-2025,PHC008,MED003,425,77,143,27.6,29
26-05-2025,PHC008,MED003,381,44,82,21,25
27-05-2025,PHC008,MED003,313,68,124,32.4,24
28-05-2025,PHC008,MED003,259,54,117,30.5,32
29-05-2025,PHC008,MED003,207,52,126,29.9,29
30-05-2025,PHC008,MED003,649,66,125,25.3,39
31-05-2025,PHC008,MED003,593,56,101,29,27
01-06-2025,PHC008,MED003,544,49,116,34.8,25
02-06-2025,PHC008,MED003,496,48,105,30.6,22
03-06-2025,PHC008,MED003,458,38,85,23.8,26
04-06-2025,PHC008,MED003,416,42,104,21.3,18
05-06-2025,PHC008,MED003,365,51,114,34.5,38
06-06-2025,PHC008,MED003,331,34,72,20.6,13
07-06-2025,PHC008,MED003,297,34,86,22.7,14
08-06-2025,PHC008,MED003,240,57,118,30.6,26
09-06-2025,PHC008,MED003,196,44,93,24.1,29
10-06-2025,PHC008,MED003,165,31,79,21.9,23
11-06-2025,PHC008,MED003,770,46,100,23.4,18
12-06-2025,PHC008,MED003,711,59,119,25.9,29
13-06-2025,PHC008,MED003,649,62,106,29.1,26
14-06-2025,PHC008,MED003,598,51,104,32.9,20
15-06-2025,PHC008,MED003,551,47,107,30.4,19
16-06-2025,PHC008,MED003,486,65,132,32.8,28
17-06-2025,PHC008,MED003,428,58,119,27.8,23
18-06-2025,PHC008,MED003,389,39,84,27.7,28
19-06-2025,PHC008,MED003,361,28,63,25.9,9
20-06-2025,PHC008,MED003,315,46,91,31.5,17
21-06-2025,PHC008,MED003,270,45,78,20.8,11
22-06-2025,PHC008,MED003,206,64,133,29.7,29
23-06-2025,PHC008,MED003,847,59,105,29.2,24
24-06-2025,PHC008,MED003,788,59,122,24.5,27
25-06-2025,PHC008,MED003,736,52,118,33,35
26-06-2025,PHC008,MED003,695,41,99,34.4,26
27-06-2025,PHC008,MED003,651,44,107,22,30
28-06-2025,PHC008,MED003,595,56,95,24.3,14
29-06-2025,PHC008,MED003,541,54,142,21.6,43
01-01-2025,PHC008,MED004,841,59,128,23.9,33
02-01-2025,PHC008,MED004,782,59,120,27.7,18
03-01-2025,PHC008,MED004,720,62,122,32.9,28
04-01-2025,PHC008,MED004,669,51,100,34.5,18
05-01-2025,PHC008,MED004,611,58,97,26.8,31
06-01-2025,PHC008,MED004,576,35,68,34.8,11
07-01-2025,PHC008,MED004,527,49,88,27.9,20
08-01-2025,PHC008,MED004,473,54,101,32.6,24
09-01-2025,PHC008,MED004,427,46,100,26.6,23
10-01-2025,PHC008,MED004,391,36,78,25.8,22
11-01-2025,PHC008,MED004,312,79,133,32.9,28
12-01-2025,PHC008,MED004,247,65,120,28,25
13-01-2025,PHC008,MED004,199,48,95,22.9,25
14-01-2025,PHC008,MED004,151,48,84,22.8,20
15-01-2025,PHC008,MED004,114,37,84,21.9,17
16-01-2025,PHC008,MED004,855,51,94,21.3,26
17-01-2025,PHC008,MED004,793,62,119,32,36
18-01-2025,PHC008,MED004,702,91,125,30.7,31
19-01-2025,PHC008,MED004,628,74,121,26.8,26
20-01-2025,PHC008,MED004,542,86,124,23.7,35
21-01-2025,PHC008,MED004,500,42,96,26.4,24
22-01-2025,PHC008,MED004,461,39,81,24.7,13
23-01-2025,PHC008,MED004,408,53,92,34.8,27
24-01-2025,PHC008,MED004,354,54,97,23.8,26
25-01-2025,PHC008,MED004,703,91,131,24,45
26-01-2025,PHC008,MED004,647,56,111,21.7,30
27-01-2025,PHC008,MED004,587,60,112,23.7,33
28-01-2025,PHC008,MED004,540,47,96,31,20
29-01-2025,PHC008,MED004,487,53,108,24.9,17
30-01-2025,PHC008,MED004,430,57,107,22.2,29
31-01-2025,PHC008,MED004,373,57,123,29.8,29
01-02-2025,PHC008,MED004,304,69,106,30.4,25
02-02-2025,PHC008,MED004,246,58,117,23.9,29
03-02-2025,PHC008,MED004,687,67,121,21.9,27
04-02-2025,PHC008,MED004,644,43,105,20.1,30
05-02-2025,PHC008,MED004,597,47,102,33.8,19
06-02-2025,PHC008,MED004,540,57,106,27.3,33
07-02-2025,PHC008,MED004,494,46,94,30.2,23
08-02-2025,PHC008,MED004,426,68,114,22.7,29
09-02-2025,PHC008,MED004,367,59,106,34.7,19
10-02-2025,PHC008,MED004,303,64,120,26.4,19
11-02-2025,PHC008,MED004,252,51,100,20.9,28
12-02-2025,PHC008,MED004,221,31,67,30.1,20
13-02-2025,PHC008,MED004,167,54,111,34.1,23
14-02-2025,PHC008,MED004,132,35,69,21,19
15-02-2025,PHC008,MED004,484,77,123,32.7,34
16-02-2025,PHC008,MED004,419,65,115,26.5,29
17-02-2025,PHC008,MED004,361,58,103,21.1,28
18-02-2025,PHC008,MED004,311,50,88,31.3,15
19-02-2025,PHC008,MED004,274,37,83,31.1,14
20-02-2025,PHC008,MED004,212,62,120,31.7,39
21-02-2025,PHC008,MED004,163,49,97,27.2,26
22-02-2025,PHC008,MED004,818,97,135,20.6,43
23-02-2025,PHC008,MED004,736,82,123,26.9,32
24-02-2025,PHC008,MED004,685,51,101,31.7,22
25-02-2025,PHC008,MED004,607,78,121,28,26
26-02-2025,PHC008,MED004,552,55,93,28.2,24
27-02-2025,PHC008,MED004,480,72,113,27.8,32
28-02-2025,PHC008,MED004,425,55,93,34.4,15
01-03-2025,PHC008,MED004,353,72,116,33.5,35
02-03-2025,PHC008,MED004,290,63,115,25.5,36
03-03-2025,PHC008,MED004,245,45,98,20.2,28
04-03-2025,PHC008,MED004,212,33,76,32.3,15
05-03-2025,PHC008,MED004,174,38,77,30.4,24
06-03-2025,PHC008,MED004,707,48,100,25.1,34
07-03-2025,PHC008,MED004,650,57,109,27.4,23
08-03-2025,PHC008,MED004,570,80,126,26.6,29
09-03-2025,PHC008,MED004,508,62,95,27,23
10-03-2025,PHC008,MED004,450,58,102,26.5,23
11-03-2025,PHC008,MED004,389,61,118,33.8,24
12-03-2025,PHC008,MED004,340,49,93,27.8,22
13-03-2025,PHC008,MED004,294,46,94,26,24
14-03-2025,PHC008,MED004,243,51,97,31.3,16
15-03-2025,PHC008,MED004,792,81,133,27.4,36
16-03-2025,PHC008,MED004,732,60,101,25,24
17-03-2025,PHC008,MED004,687,45,86,21.1,12
18-03-2025,PHC008,MED004,608,79,113,25.7,22
19-03-2025,PHC008,MED004,557,51,101,21,21
20-03-2025,PHC008,MED004,505,52,84,33.5,22
21-03-2025,PHC008,MED004,460,45,84,30.3,23
22-03-2025,PHC008,MED004,379,81,118,30.3,34
23-03-2025,PHC008,MED004,300,79,124,21.3,37
24-03-2025,PHC008,MED004,254,46,85,28.3,16
25-03-2025,PHC008,MED004,206,48,101,30.4,23
26-03-2025,PHC008,MED004,463,63,106,27.3,19
27-03-2025,PHC008,MED004,411,52,93,30.9,16
28-03-2025,PHC008,MED004,339,72,128,20.9,35
29-03-2025,PHC008,MED004,258,81,132,26.6,28
30-03-2025,PHC008,MED004,195,63,100,29.7,30
31-03-2025,PHC008,MED004,903,66,107,21.4,39
01-04-2025,PHC008,MED004,856,47,118,20.8,19
02-04-2025,PHC008,MED004,802,54,107,20.4,18
03-04-2025,PHC008,MED004,751,51,108,22.2,31
04-04-2025,PHC008,MED004,700,51,85,29.4,25
05-04-2025,PHC008,MED004,623,77,111,20.5,21
06-04-2025,PHC008,MED004,565,58,118,25.5,21
07-04-2025,PHC008,MED004,528,37,87,24,16
08-04-2025,PHC008,MED004,486,42,107,29.6,20
09-04-2025,PHC008,MED004,428,58,112,28.9,24
10-04-2025,PHC008,MED004,374,54,85,22.5,17
11-04-2025,PHC008,MED004,314,60,114,30.2,34
12-04-2025,PHC008,MED004,253,61,105,21.3,25
13-04-2025,PHC008,MED004,892,67,114,30.8,33
14-04-2025,PHC008,MED004,850,42,103,21.4,27
15-04-2025,PHC008,MED004,790,60,109,26.9,25
16-04-2025,PHC008,MED004,742,48,81,26.4,20
17-04-2025,PHC008,MED004,691,51,102,31.6,17
18-04-2025,PHC008,MED004,647,44,86,33.5,13
19-04-2025,PHC008,MED004,583,64,117,28,28
20-04-2025,PHC008,MED004,508,75,138,29,36
21-04-2025,PHC008,MED004,447,61,115,24.5,30
22-04-2025,PHC008,MED004,400,47,84,29.2,24
23-04-2025,PHC008,MED004,354,46,91,32.3,22
24-04-2025,PHC008,MED004,290,64,114,25.3,28
25-04-2025,PHC008,MED004,241,49,101,28.5,29
26-04-2025,PHC008,MED004,539,76,109,23.7,29
27-04-2025,PHC008,MED004,446,93,141,21.6,33
28-04-2025,PHC008,MED004,395,51,98,27.8,35
29-04-2025,PHC008,MED004,334,61,111,34.4,18
30-04-2025,PHC008,MED004,272,62,124,30,36
01-05-2025,PHC008,MED004,217,55,99,32.3,18
02-05-2025,PHC008,MED004,164,53,108,30,24
03-05-2025,PHC008,MED004,860,83,138,30.8,36
04-05-2025,PHC008,MED004,786,74,128,31.4,32
05-05-2025,PHC008,MED004,731,55,108,32.9,25
06-05-2025,PHC008,MED004,674,57,115,34,34
07-05-2025,PHC008,MED004,599,75,131,24.4,33
08-05-2025,PHC008,MED004,560,39,77,27.3,8
09-05-2025,PHC008,MED004,502,58,109,30.8,17
10-05-2025,PHC008,MED004,437,65,121,34.6,30
11-05-2025,PHC008,MED004,368,69,116,24.2,37
12-05-2025,PHC008,MED004,310,58,103,26.8,27
13-05-2025,PHC008,MED004,256,54,120,33.8,34
14-05-2025,PHC008,MED004,225,31,61,26.4,16
15-05-2025,PHC008,MED004,179,46,84,28,22
16-05-2025,PHC008,MED004,651,56,89,22.7,28
17-05-2025,PHC008,MED004,582,69,136,29.3,26
18-05-2025,PHC008,MED004,503,79,116,27.9,13
19-05-2025,PHC008,MED004,457,46,114,24.2,26
20-05-2025,PHC008,MED004,421,36,99,23.5,25
21-05-2025,PHC008,MED004,335,86,135,33.9,34
22-05-2025,PHC008,MED004,267,68,128,26.2,46
23-05-2025,PHC008,MED004,215,52,102,24.9,25
24-05-2025,PHC008,MED004,799,73,111,21,20
25-05-2025,PHC008,MED004,734,65,107,33.4,24
26-05-2025,PHC008,MED004,674,60,101,34.7,27
27-05-2025,PHC008,MED004,630,44,99,29.1,28
28-05-2025,PHC008,MED004,564,66,114,33.3,27
29-05-2025,PHC008,MED004,497,67,117,32,28
30-05-2025,PHC008,MED004,445,52,107,20.9,35
31-05-2025,PHC008,MED004,372,73,132,29.9,31
01-06-2025,PHC008,MED004,296,76,127,23.5,36
02-06-2025,PHC008,MED004,251,45,96,22,25
03-06-2025,PHC008,MED004,200,51,92,26.6,23
04-06-2025,PHC008,MED004,157,43,89,33.7,14
05-06-2025,PHC008,MED004,120,37,69,29.7,21
06-06-2025,PHC008,MED004,789,40,98,33.1,29
07-06-2025,PHC008,MED004,716,73,131,21.1,33
08-06-2025,PHC008,MED004,641,75,114,28.2,28
09-06-2025,PHC008,MED004,576,65,131,33.6,24
10-06-2025,PHC008,MED004,536,40,90,33.2,24
11-06-2025,PHC008,MED004,463,73,126,23.5,29
12-06-2025,PHC008,MED004,422,41,80,24.4,23
13-06-2025,PHC008,MED004,375,47,101,27.8,20
14-06-2025,PHC008,MED004,312,63,114,22.6,30
15-06-2025,PHC008,MED004,246,66,97,33.7,19
16-06-2025,PHC008,MED004,208,38,86,24.1,32
17-06-2025,PHC008,MED004,161,47,89,28.1,17
18-06-2025,PHC008,MED004,395,84,138,32.6,24
19-06-2025,PHC008,MED004,340,55,100,21.2,24
20-06-2025,PHC008,MED004,296,44,106,32.2,33
21-06-2025,PHC008,MED004,225,71,109,31.3,18
22-06-2025,PHC008,MED004,637,83,129,33.8,39
23-06-2025,PHC008,MED004,576,61,117,21.9,15
24-06-2025,PHC008,MED004,540,36,73,27.2,21
25-06-2025,PHC008,MED004,481,59,112,25.1,20
26-06-2025,PHC008,MED004,427,54,83,31.1,21
27-06-2025,PHC008,MED004,366,61,99,33.7,28
28-06-2025,PHC008,MED004,278,88,107,24,27
29-06-2025,PHC008,MED004,929,70,110,28.1,30
01-01-2025,PHC008,MED005,692,35,99,32.2,31
02-01-2025,PHC008,MED005,673,19,60,23.6,11
03-01-2025,PHC008,MED005,629,44,109,34.3,25
04-01-2025,PHC008,MED005,580,49,136,30.7,37
05-01-2025,PHC008,MED005,537,43,128,23.2,32
06-01-2025,PHC008,MED005,502,35,97,21.9,22
07-01-2025,PHC008,MED005,472,30,77,30,21
08-01-2025,PHC008,MED005,439,33,115,33.8,32
09-01-2025,PHC008,MED005,385,54,125,31.8,32
10-01-2025,PHC008,MED005,342,43,108,24.4,29
11-01-2025,PHC008,MED005,306,36,99,31.8,28
12-01-2025,PHC008,MED005,281,25,78,34.7,22
13-01-2025,PHC008,MED005,252,29,94,21.6,20
14-01-2025,PHC008,MED005,215,37,104,31.8,27
15-01-2025,PHC008,MED005,184,31,78,24.3,23
16-01-2025,PHC008,MED005,152,32,89,34.8,12
17-01-2025,PHC008,MED005,114,38,90,24.5,28
18-01-2025,PHC008,MED005,623,46,113,30.1,31
19-01-2025,PHC008,MED005,575,48,116,30.7,25
20-01-2025,PHC008,MED005,542,33,97,29,22
21-01-2025,PHC008,MED005,502,40,91,30.3,27
22-01-2025,PHC008,MED005,461,41,105,30.2,23
23-01-2025,PHC008,MED005,425,36,100,32.6,29
24-01-2025,PHC008,MED005,388,37,91,27.3,24
25-01-2025,PHC008,MED005,325,63,136,24.8,34
26-01-2025,PHC008,MED005,277,48,120,34.3,29
27-01-2025,PHC008,MED005,240,37,98,21.8,23
28-01-2025,PHC008,MED005,204,36,84,22.2,28
29-01-2025,PHC008,MED005,154,50,104,28.2,30
30-01-2025,PHC008,MED005,116,38,112,20.6,11
31-01-2025,PHC008,MED005,813,31,85,25.5,10
01-02-2025,PHC008,MED005,764,49,133,26.9,34
02-02-2025,PHC008,MED005,717,47,132,27.4,38
03-02-2025,PHC008,MED005,682,35,100,25.5,36
04-02-2025,PHC008,MED005,648,34,82,26.9,23
05-02-2025,PHC008,MED005,606,42,90,25.1,18
06-02-2025,PHC008,MED005,570,36,91,34.6,28
07-02-2025,PHC008,MED005,535,35,104,29.4,28
08-02-2025,PHC008,MED005,474,61,132,21.2,38
09-02-2025,PHC008,MED005,432,42,129,24.3,41
10-02-2025,PHC008,MED005,389,43,111,25.2,29
11-02-2025,PHC008,MED005,355,34,112,25.5,27
12-02-2025,PHC008,MED005,320,35,103,26.8,24
13-02-2025,PHC008,MED005,289,31,85,31.4,24
14-02-2025,PHC008,MED005,260,29,91,33.1,25
15-02-2025,PHC008,MED005,211,49,102,25.6,33
16-02-2025,PHC008,MED005,162,49,113,22.2,32
17-02-2025,PHC008,MED005,128,34,97,29.5,25
18-02-2025,PHC008,MED005,662,46,104,26.9,15
19-02-2025,PHC008,MED005,614,48,105,22.8,33
20-02-2025,PHC008,MED005,578,36,98,23.6,16
21-02-2025,PHC008,MED005,530,48,95,33.2,31
22-02-2025,PHC008,MED005,479,51,111,22.6,35
23-02-2025,PHC008,MED005,407,72,141,31.9,35
24-02-2025,PHC008,MED005,366,41,113,22.6,28
25-02-2025,PHC008,MED005,340,26,74,32.5,22
26-02-2025,PHC008,MED005,305,35,110,24.8,32
27-02-2025,PHC008,MED005,262,43,92,29.1,21
28-02-2025,PHC008,MED005,223,39,101,33.7,27
01-03-2025,PHC008,MED005,770,57,125,28.3,31
02-03-2025,PHC008,MED005,705,65,150,21.7,44
03-03-2025,PHC008,MED005,680,25,78,32,19
04-03-2025,PHC008,MED005,651,29,97,23,18
05-03-2025,PHC008,MED005,619,32,88,26.9,19
06-03-2025,PHC008,MED005,586,33,95,27.4,23
07-03-2025,PHC008,MED005,550,36,109,31.6,27
08-03-2025,PHC008,MED005,526,24,94,30.6,16
09-03-2025,PHC008,MED005,477,49,116,32.9,33
10-03-2025,PHC008,MED005,448,29,93,27.9,22
11-03-2025,PHC008,MED005,420,28,90,28.7,17
12-03-2025,PHC008,MED005,382,38,96,25.4,20
13-03-2025,PHC008,MED005,331,51,127,28.9,36
14-03-2025,PHC008,MED005,301,30,96,23.3,23
15-03-2025,PHC008,MED005,248,53,152,21.4,36
16-03-2025,PHC008,MED005,190,58,127,26.5,30
17-03-2025,PHC008,MED005,156,34,90,33.9,26
18-03-2025,PHC008,MED005,506,61,135,33.7,23
19-03-2025,PHC008,MED005,473,33,117,21.4,25
20-03-2025,PHC008,MED005,431,42,115,31.4,32
21-03-2025,PHC008,MED005,390,41,114,30.8,30
22-03-2025,PHC008,MED005,339,51,117,33.3,28
23-03-2025,PHC008,MED005,264,75,154,20.4,38
24-03-2025,PHC008,MED005,230,34,90,27.8,22
25-03-2025,PHC008,MED005,201,29,88,25.2,24
26-03-2025,PHC008,MED005,167,34,97,32.9,19
27-03-2025,PHC008,MED005,135,32,104,23.1,29
28-03-2025,PHC008,MED005,440,34,79,29.9,25
29-03-2025,PHC008,MED005,382,58,112,30.1,39
30-03-2025,PHC008,MED005,330,52,122,31.6,30
31-03-2025,PHC008,MED005,298,32,86,22.8,22
01-04-2025,PHC008,MED005,256,42,114,32.9,23
02-04-2025,PHC008,MED005,215,41,117,25.2,29
03-04-2025,PHC008,MED005,181,34,90,29,19
04-04-2025,PHC008,MED005,152,29,89,30.7,20
05-04-2025,PHC008,MED005,772,60,128,30.4,31
06-04-2025,PHC008,MED005,728,44,123,20.1,28
07-04-2025,PHC008,MED005,685,43,119,33.7,30
08-04-2025,PHC008,MED005,645,40,106,23.2,23
09-04-2025,PHC008,MED005,611,34,102,31.3,26
10-04-2025,PHC008,MED005,568,43,117,30.4,25
11-04-2025,PHC008,MED005,535,33,95,29.3,17
12-04-2025,PHC008,MED005,482,53,108,32.6,22
13-04-2025,PHC008,MED005,440,42,108,32.8,27
14-04-2025,PHC008,MED005,404,36,118,28.3,26
15-04-2025,PHC008,MED005,367,37,95,24.7,27
16-04-2025,PHC008,MED005,341,26,94,34.3,24
17-04-2025,PHC008,MED005,303,38,109,33.8,14
18-04-2025,PHC008,MED005,271,32,100,28.1,25
19-04-2025,PHC008,MED005,221,50,133,27.3,29
20-04-2025,PHC008,MED005,168,53,128,23.6,30
21-04-2025,PHC008,MED005,126,42,113,23.5,28
22-04-2025,PHC008,MED005,641,49,116,32,27
23-04-2025,PHC008,MED005,606,35,86,30.7,23
24-04-2025,PHC008,MED005,568,38,108,26,27
25-04-2025,PHC008,MED005,531,37,112,33.4,30
26-04-2025,PHC008,MED005,482,49,109,27.7,31
27-04-2025,PHC008,MED005,429,53,124,31.2,31
28-04-2025,PHC008,MED005,377,52,128,21.7,29
29-04-2025,PHC008,MED005,335,42,97,25.7,27
30-04-2025,PHC008,MED005,292,43,108,25.8,25
01-05-2025,PHC008,MED005,247,45,111,25.6,28
02-05-2025,PHC008,MED005,203,44,112,31.7,21
03-05-2025,PHC008,MED005,538,54,104,24,32
04-05-2025,PHC008,MED005,499,39,111,23.7,27
05-05-2025,PHC008,MED005,466,33,90,32.7,22
06-05-2025,PHC008,MED005,437,29,73,34.8,18
07-05-2025,PHC008,MED005,402,35,105,33.2,23
08-05-2025,PHC008,MED005,362,40,82,32.7,14
09-05-2025,PHC008,MED005,316,46,92,26.4,27
10-05-2025,PHC008,MED005,268,48,119,34.3,31
11-05-2025,PHC008,MED005,219,49,112,27.4,25
12-05-2025,PHC008,MED005,180,39,110,27.1,18
13-05-2025,PHC008,MED005,136,44,101,21.5,27
14-05-2025,PHC008,MED005,108,28,71,23.1,8
15-05-2025,PHC008,MED005,666,39,105,25.5,22
16-05-2025,PHC008,MED005,625,41,96,26.8,20
17-05-2025,PHC008,MED005,565,60,136,23.9,33
18-05-2025,PHC008,MED005,520,45,97,33.6,30
19-05-2025,PHC008,MED005,476,44,109,22.8,27
20-05-2025,PHC008,MED005,452,24,76,34.2,24
21-05-2025,PHC008,MED005,416,36,103,29.4,34
22-05-2025,PHC008,MED005,384,32,98,27,24
23-05-2025,PHC008,MED005,335,49,117,32.2,29
24-05-2025,PHC008,MED005,291,44,111,30.6,25
25-05-2025,PHC008,MED005,241,50,114,34.3,31
26-05-2025,PHC008,MED005,190,51,122,24.4,25
27-05-2025,PHC008,MED005,152,38,123,31.3,18
28-05-2025,PHC008,MED005,588,39,105,22,35
29-05-2025,PHC008,MED005,558,30,102,20.2,26
30-05-2025,PHC008,MED005,519,39,119,30.8,37
31-05-2025,PHC008,MED005,457,62,160,23.1,46
01-06-2025,PHC008,MED005,412,45,135,24.8,35
02-06-2025,PHC008,MED005,377,35,107,21.8,30
03-06-2025,PHC008,MED005,336,41,107,24.2,27
04-06-2025,PHC008,MED005,303,33,99,30.8,17
05-06-2025,PHC008,MED005,274,29,80,20.2,22
06-06-2025,PHC008,MED005,251,23,67,21.9,12
07-06-2025,PHC008,MED005,212,39,105,34.3,23
08-06-2025,PHC008,MED005,937,56,116,32.8,25
09-06-2025,PHC008,MED005,909,28,83,21.3,14
10-06-2025,PHC008,MED005,861,48,112,29.4,26
11-06-2025,PHC008,MED005,834,27,83,25.3,22
12-06-2025,PHC008,MED005,794,40,131,32.2,46
13-06-2025,PHC008,MED005,758,36,96,32.1,16
14-06-2025,PHC008,MED005,718,40,110,29.9,17
15-06-2025,PHC008,MED005,673,45,108,22.1,26
16-06-2025,PHC008,MED005,626,47,112,29.6,24
17-06-2025,PHC008,MED005,594,32,96,28.4,26
18-06-2025,PHC008,MED005,565,29,119,21,24
19-06-2025,PHC008,MED005,529,36,95,33.4,22
20-06-2025,PHC008,MED005,485,44,104,34,22
21-06-2025,PHC008,MED005,439,46,110,26.2,25
22-06-2025,PHC008,MED005,383,56,148,23.9,42
23-06-2025,PHC008,MED005,343,40,116,32.8,47
24-06-2025,PHC008,MED005,303,40,103,26.9,34
25-06-2025,PHC008,MED005,276,27,93,27.3,24
26-06-2025,PHC008,MED005,217,59,128,30.1,29
27-06-2025,PHC008,MED005,194,23,87,22.8,23
28-06-2025,PHC008,MED005,155,39,93,27.2,23
29-06-2025,PHC008,MED005,635,60,138,20.1,40
01-01-2025,PHC009,MED001,1311,97,115,23.6,30
02-01-2025,PHC009,MED001,1203,108,114,31.6,34
03-01-2025,PHC009,MED001,1093,110,118,22.5,23
04-01-2025,PHC009,MED001,952,141,140,26.1,36
05-01-2025,PHC009,MED001,871,81,105,22.2,30
06-01-2025,PHC009,MED001,776,95,123,23.2,34
07-01-2025,PHC009,MED001,727,49,62,26.9,8
08-01-2025,PHC009,MED001,637,90,117,34.6,32
09-01-2025,PHC009,MED001,548,89,109,20.2,27
10-01-2025,PHC009,MED001,470,78,86,28.9,29
11-01-2025,PHC009,MED001,354,116,141,32.2,34
12-01-2025,PHC009,MED001,996,128,127,31,25
13-01-2025,PHC009,MED001,895,101,103,31.3,17
14-01-2025,PHC009,MED001,795,100,105,31.9,34
15-01-2025,PHC009,MED001,710,85,103,33.3,19
16-01-2025,PHC009,MED001,605,105,108,30.4,26
17-01-2025,PHC009,MED001,511,94,87,28.1,24
18-01-2025,PHC009,MED001,395,116,99,20.9,27
19-01-2025,PHC009,MED001,796,125,113,33,28
20-01-2025,PHC009,MED001,699,97,95,25.4,27
21-01-2025,PHC009,MED001,615,84,104,27.6,34
22-01-2025,PHC009,MED001,521,94,109,28.7,22
23-01-2025,PHC009,MED001,398,123,142,20.6,35
24-01-2025,PHC009,MED001,670,119,133,26.6,33
25-01-2025,PHC009,MED001,570,100,88,23.4,31
26-01-2025,PHC009,MED001,759,198,153,23.8,28
27-01-2025,PHC009,MED001,642,117,123,26.6,29
28-01-2025,PHC009,MED001,523,119,129,34.9,31
29-01-2025,PHC009,MED001,407,116,109,31.6,17
30-01-2025,PHC009,MED001,919,119,112,25.1,25
31-01-2025,PHC009,MED001,820,99,119,31.2,34
01-02-2025,PHC009,MED001,699,121,131,31.4,31
02-02-2025,PHC009,MED001,605,94,87,20.9,15
03-02-2025,PHC009,MED001,540,65,81,33.9,23
04-02-2025,PHC009,MED001,476,64,80,22.9,26
05-02-2025,PHC009,MED001,380,96,109,28,29
06-02-2025,PHC009,MED001,291,89,99,31.6,28
07-02-2025,PHC009,MED001,602,101,98,32.8,30
08-02-2025,PHC009,MED001,489,113,116,25.1,29
09-02-2025,PHC009,MED001,1044,137,122,27.1,30
10-02-2025,PHC009,MED001,963,81,106,20.8,18
11-02-2025,PHC009,MED001,864,99,103,34,27
12-02-2025,PHC009,MED001,740,124,133,20.2,34
13-02-2025,PHC009,MED001,652,88,119,29.5,30
14-02-2025,PHC009,MED001,579,73,82,23.2,18
15-02-2025,PHC009,MED001,439,140,140,25.4,35
16-02-2025,PHC009,MED001,679,111,106,33.8,27
17-02-2025,PHC009,MED001,583,96,119,29.6,22
18-02-2025,PHC009,MED001,515,68,84,30.2,29
19-02-2025,PHC009,MED001,425,90,111,33.4,24
20-02-2025,PHC009,MED001,335,90,100,25.5,20
21-02-2025,PHC009,MED001,262,73,96,21.4,22
22-02-2025,PHC009,MED001,694,90,102,31.9,26
23-02-2025,PHC009,MED001,539,155,130,30.7,31
24-02-2025,PHC009,MED001,433,106,97,29.7,20
25-02-2025,PHC009,MED001,333,100,108,23.1,22
26-02-2025,PHC009,MED001,545,107,108,34.9,24
27-02-2025,PHC009,MED001,939,145,135,33.7,34
28-02-2025,PHC009,MED001,815,124,128,27.8,28
01-03-2025,PHC009,MED001,670,145,135,22.5,33
02-03-2025,PHC009,MED001,573,97,113,28.7,25
03-03-2025,PHC009,MED001,522,51,74,30.2,21
04-03-2025,PHC009,MED001,449,73,108,20.2,24
05-03-2025,PHC009,MED001,358,91,121,29.6,29
06-03-2025,PHC009,MED001,788,111,110,26.9,22
07-03-2025,PHC009,MED001,687,101,108,28.5,30
08-03-2025,PHC009,MED001,587,100,118,22.1,24
09-03-2025,PHC009,MED001,459,128,113,23.5,35
10-03-2025,PHC009,MED001,373,86,102,32.8,29
11-03-2025,PHC009,MED001,1020,117,115,26,25
12-03-2025,PHC009,MED001,920,100,103,28.6,22
13-03-2025,PHC009,MED001,833,87,108,33.8,21
14-03-2025,PHC009,MED001,745,88,106,28.4,29
15-03-2025,PHC009,MED001,581,164,147,29.9,32
16-03-2025,PHC009,MED001,458,123,121,20.9,31
17-03-2025,PHC009,MED001,714,118,109,20.2,33
18-03-2025,PHC009,MED001,625,89,106,34.1,14
19-03-2025,PHC009,MED001,548,77,119,25.3,24
20-03-2025,PHC009,MED001,469,79,88,23.1,27
21-03-2025,PHC009,MED001,380,89,99,33.8,27
22-03-2025,PHC009,MED001,549,133,107,29,28
23-03-2025,PHC009,MED001,427,122,134,20.5,35
24-03-2025,PHC009,MED001,994,115,128,26.5,32
25-03-2025,PHC009,MED001,905,89,85,31.2,8
26-03-2025,PHC009,MED001,811,94,98,31.3,26
27-03-2025,PHC009,MED001,733,78,90,30,15
28-03-2025,PHC009,MED001,652,81,88,29.5,21
29-03-2025,PHC009,MED001,494,158,142,32.2,33
30-03-2025,PHC009,MED001,1137,137,115,27.4,22
31-03-2025,PHC009,MED001,1056,81,103,25.5,26
01-04-2025,PHC009,MED001,955,101,116,24.3,28
02-04-2025,PHC009,MED001,893,62,81,34.4,19
03-04-2025,PHC009,MED001,785,108,115,27.4,25
04-04-2025,PHC009,MED001,640,145,146,28.2,37
05-04-2025,PHC009,MED001,491,149,149,33.4,40
06-04-2025,PHC009,MED001,373,118,117,25,30
07-04-2025,PHC009,MED001,300,73,78,21.3,23
08-04-2025,PHC009,MED001,805,98,126,26.6,37
09-04-2025,PHC009,MED001,723,82,84,27.5,19
10-04-2025,PHC009,MED001,637,86,107,29.1,28
11-04-2025,PHC009,MED001,543,94,98,23.2,27
12-04-2025,PHC009,MED001,1143,140,127,20.7,30
13-04-2025,PHC009,MED001,1036,107,107,30.1,23
14-04-2025,PHC009,MED001,916,120,135,34,36
15-04-2025,PHC009,MED001,840,76,100,25.4,34
16-04-2025,PHC009,MED001,739,101,105,32.3,27
17-04-2025,PHC009,MED001,649,90,103,32.3,21
18-04-2025,PHC009,MED001,549,100,109,25,25
19-04-2025,PHC009,MED001,412,137,117,25.7,35
20-04-2025,PHC009,MED001,814,123,125,26,32
21-04-2025,PHC009,MED001,702,112,106,33.7,31
22-04-2025,PHC009,MED001,582,120,126,22.7,33
23-04-2025,PHC009,MED001,483,99,110,31.3,26
24-04-2025,PHC009,MED001,403,80,81,25.3,16
25-04-2025,PHC009,MED001,1063,102,114,30.7,20
26-04-2025,PHC009,MED001,952,111,105,32.4,25
27-04-2025,PHC009,MED001,800,152,138,23.3,38
28-04-2025,PHC009,MED001,696,104,116,29.9,21
29-04-2025,PHC009,MED001,567,129,136,27.7,34
30-04-2025,PHC009,MED001,469,98,109,25.1,29
01-05-2025,PHC009,MED001,665,119,115,27.8,26
02-05-2025,PHC009,MED001,542,123,128,32.2,40
03-05-2025,PHC009,MED001,892,147,129,28.1,30
04-05-2025,PHC009,MED001,796,96,115,21.4,28
05-05-2025,PHC009,MED001,701,95,103,28.7,31
06-05-2025,PHC009,MED001,605,96,123,33.2,31
07-05-2025,PHC009,MED001,518,87,99,30.1,30
08-05-2025,PHC009,MED001,450,68,89,28,25
09-05-2025,PHC009,MED001,339,111,123,29.9,33
10-05-2025,PHC009,MED001,813,131,126,34.2,35
11-05-2025,PHC009,MED001,637,176,139,31.3,28
12-05-2025,PHC009,MED001,563,74,99,32.7,35
13-05-2025,PHC009,MED001,467,96,112,33.8,27
14-05-2025,PHC009,MED001,374,93,89,23.3,33
15-05-2025,PHC009,MED001,648,95,111,22.9,25
16-05-2025,PHC009,MED001,546,102,105,32.9,36
17-05-2025,PHC009,MED001,1147,145,127,20.8,30
18-05-2025,PHC009,MED001,1048,99,125,27.1,26
19-05-2025,PHC009,MED001,961,87,96,25.8,28
20-05-2025,PHC009,MED001,871,90,97,21,29
21-05-2025,PHC009,MED001,778,93,140,22.7,29
22-05-2025,PHC009,MED001,654,124,130,23.4,33
23-05-2025,PHC009,MED001,543,111,123,34.9,32
24-05-2025,PHC009,MED001,741,162,129,22.5,29
25-05-2025,PHC009,MED001,643,98,121,29.6,29
26-05-2025,PHC009,MED001,554,89,100,30,23
27-05-2025,PHC009,MED001,443,111,102,30.2,22
28-05-2025,PHC009,MED001,362,81,80,25.4,21
29-05-2025,PHC009,MED001,767,114,121,27.4,26
30-05-2025,PHC009,MED001,679,88,101,31.9,26
31-05-2025,PHC009,MED001,558,121,131,26.5,28
01-06-2025,PHC009,MED001,463,95,110,21.6,19
02-06-2025,PHC009,MED001,1073,130,128,25.8,32
03-06-2025,PHC009,MED001,973,100,125,25.4,18
04-06-2025,PHC009,MED001,873,100,105,22.1,28
05-06-2025,PHC009,MED001,767,106,112,26.1,22
06-06-2025,PHC009,MED001,673,94,108,30.3,29
07-06-2025,PHC009,MED001,519,154,124,26.1,30
08-06-2025,PHC009,MED001,402,117,143,21.1,37
09-06-2025,PHC009,MED001,306,96,88,28.3,21
10-06-2025,PHC009,MED001,527,94,110,24.9,32
11-06-2025,PHC009,MED001,404,123,139,30.2,35
12-06-2025,PHC009,MED001,311,93,117,33.6,25
13-06-2025,PHC009,MED001,694,120,109,23.9,35
14-06-2025,PHC009,MED001,601,93,108,30.3,29
15-06-2025,PHC009,MED001,481,120,100,27.3,20
16-06-2025,PHC009,MED001,651,138,136,21.2,45
17-06-2025,PHC009,MED001,523,128,125,33.9,30
18-06-2025,PHC009,MED001,411,112,125,26.5,31
19-06-2025,PHC009,MED001,318,93,118,26.8,29
20-06-2025,PHC009,MED001,563,104,109,33.2,20
21-06-2025,PHC009,MED001,791,143,116,24.3,21
22-06-2025,PHC009,MED001,659,132,104,21.9,24
23-06-2025,PHC009,MED001,549,110,107,28.7,22
24-06-2025,PHC009,MED001,427,122,148,34.4,38
25-06-2025,PHC009,MED001,806,120,122,21.8,25
26-06-2025,PHC009,MED001,738,68,89,28.1,27
27-06-2025,PHC009,MED001,610,128,119,24.1,27
28-06-2025,PHC009,MED001,466,144,154,28.9,34
29-06-2025,PHC009,MED001,828,127,106,21.9,20
01-01-2025,PHC009,MED002,811,76,118,27.4,34
02-01-2025,PHC009,MED002,739,72,105,34,30
03-01-2025,PHC009,MED002,658,81,118,30.8,28
04-01-2025,PHC009,MED002,551,107,132,22.3,34
05-01-2025,PHC009,MED002,471,80,132,20.5,28
06-01-2025,PHC009,MED002,403,68,105,29,19
07-01-2025,PHC009,MED002,319,84,121,21.6,26
08-01-2025,PHC009,MED002,249,70,107,25.4,26
09-01-2025,PHC009,MED002,728,84,108,23,23
10-01-2025,PHC009,MED002,625,103,121,20.2,28
11-01-2025,PHC009,MED002,548,77,104,23.4,19
12-01-2025,PHC009,MED002,445,103,116,21.9,34
13-01-2025,PHC009,MED002,402,43,84,33.8,14
14-01-2025,PHC009,MED002,342,60,93,21.6,25
15-01-2025,PHC009,MED002,954,101,122,29.6,20
16-01-2025,PHC009,MED002,884,70,122,27.3,39
17-01-2025,PHC009,MED002,801,83,113,32,35
18-01-2025,PHC009,MED002,675,126,152,28.9,28
19-01-2025,PHC009,MED002,593,82,103,24.6,23
20-01-2025,PHC009,MED002,509,84,102,22.2,34
21-01-2025,PHC009,MED002,409,100,123,34.1,33
22-01-2025,PHC009,MED002,351,58,85,29.8,15
23-01-2025,PHC009,MED002,1049,100,135,28.5,31
24-01-2025,PHC009,MED002,948,101,119,27.8,16
25-01-2025,PHC009,MED002,867,81,105,32.2,20
26-01-2025,PHC009,MED002,771,96,112,31.6,14
27-01-2025,PHC009,MED002,679,92,129,26.3,24
28-01-2025,PHC009,MED002,612,67,96,22.9,17
29-01-2025,PHC009,MED002,537,75,110,29.4,21
30-01-2025,PHC009,MED002,438,99,120,23,32
31-01-2025,PHC009,MED002,359,79,133,34.5,40
01-02-2025,PHC009,MED002,285,74,102,34.8,21
02-02-2025,PHC009,MED002,745,81,125,28.3,36
03-02-2025,PHC009,MED002,654,91,106,26.6,34
04-02-2025,PHC009,MED002,588,66,94,25.7,24
05-02-2025,PHC009,MED002,518,70,111,24.8,22
06-02-2025,PHC009,MED002,451,67,103,21.2,20
07-02-2025,PHC009,MED002,381,70,104,30.3,22
08-02-2025,PHC009,MED002,772,99,135,25.9,26
09-02-2025,PHC009,MED002,688,84,133,25.9,34
10-02-2025,PHC009,MED002,609,79,127,27.2,35
11-02-2025,PHC009,MED002,504,105,140,23.9,42
12-02-2025,PHC009,MED002,419,85,136,20.2,34
13-02-2025,PHC009,MED002,334,85,117,31.8,28
14-02-2025,PHC009,MED002,285,49,80,25.3,13
15-02-2025,PHC009,MED002,915,105,128,31.9,32
16-02-2025,PHC009,MED002,842,73,98,30.3,25
17-02-2025,PHC009,MED002,754,88,117,28.7,29
18-02-2025,PHC009,MED002,696,58,89,32.6,24
19-02-2025,PHC009,MED002,635,61,110,31.9,27
20-02-2025,PHC009,MED002,577,58,105,29,30
21-02-2025,PHC009,MED002,503,74,109,28.3,22
22-02-2025,PHC009,MED002,429,74,120,28,30
23-02-2025,PHC009,MED002,327,102,124,34.2,25
24-02-2025,PHC009,MED002,797,85,136,22,33
25-02-2025,PHC009,MED002,714,83,124,26.6,28
26-02-2025,PHC009,MED002,631,83,124,27.4,28
27-02-2025,PHC009,MED002,535,96,138,21.8,37
28-02-2025,PHC009,MED002,454,81,114,29,31
01-03-2025,PHC009,MED002,349,105,129,26.8,32
02-03-2025,PHC009,MED002,821,96,109,31,14
03-03-2025,PHC009,MED002,758,63,87,26.9,22
04-03-2025,PHC009,MED002,701,57,85,27.4,23
05-03-2025,PHC009,MED002,624,77,109,35,23
06-03-2025,PHC009,MED002,543,81,110,20.1,22
07-03-2025,PHC009,MED002,478,65,106,34.9,25
08-03-2025,PHC009,MED002,375,103,130,34.5,30
09-03-2025,PHC009,MED002,286,89,104,33.9,30
10-03-2025,PHC009,MED002,217,69,120,33,25
11-03-2025,PHC009,MED002,594,56,105,22,28
12-03-2025,PHC009,MED002,512,82,106,23.1,23
13-03-2025,PHC009,MED002,463,49,82,28.8,19
14-03-2025,PHC009,MED002,373,90,119,29.9,24
15-03-2025,PHC009,MED002,282,91,129,33.3,29
16-03-2025,PHC009,MED002,214,68,82,21.4,16
17-03-2025,PHC009,MED002,759,127,130,27.8,30
18-03-2025,PHC009,MED002,680,79,104,28.4,36
19-03-2025,PHC009,MED002,578,102,121,26.5,26
20-03-2025,PHC009,MED002,469,109,141,22.7,42
21-03-2025,PHC009,MED002,380,89,111,21.3,28
22-03-2025,PHC009,MED002,773,99,125,28.4,30
23-03-2025,PHC009,MED002,654,119,115,21.4,28
24-03-2025,PHC009,MED002,572,82,100,28.7,17
25-03-2025,PHC009,MED002,517,55,98,30.6,28
26-03-2025,PHC009,MED002,448,69,98,21.1,22
27-03-2025,PHC009,MED002,353,95,128,31.4,32
28-03-2025,PHC009,MED002,300,53,81,25.9,26
29-03-2025,PHC009,MED002,743,106,121,27.4,25
30-03-2025,PHC009,MED002,653,90,118,31.8,32
31-03-2025,PHC009,MED002,576,77,113,23.9,28
01-04-2025,PHC009,MED002,513,63,92,23.3,19
02-04-2025,PHC009,MED002,456,57,91,32,29
03-04-2025,PHC009,MED002,373,83,120,32.8,37
04-04-2025,PHC009,MED002,287,86,128,32.7,41
05-04-2025,PHC009,MED002,520,121,148,20.5,43
06-04-2025,PHC009,MED002,408,112,130,20,29
07-04-2025,PHC009,MED002,339,69,104,26.2,34
08-04-2025,PHC009,MED002,260,79,130,28.8,32
09-04-2025,PHC009,MED002,961,77,110,30.9,27
10-04-2025,PHC009,MED002,879,82,107,32.3,19
11-04-2025,PHC009,MED002,784,95,119,20.3,22
12-04-2025,PHC009,MED002,724,60,89,21.3,18
13-04-2025,PHC009,MED002,602,122,142,28,34
14-04-2025,PHC009,MED002,540,62,102,26.9,20
15-04-2025,PHC009,MED002,472,68,111,34.7,33
16-04-2025,PHC009,MED002,402,70,101,22.9,28
17-04-2025,PHC009,MED002,313,89,114,30.1,32
18-04-2025,PHC009,MED002,984,87,115,34.7,23
19-04-2025,PHC009,MED002,867,117,124,34.8,35
20-04-2025,PHC009,MED002,763,104,143,30.2,32
21-04-2025,PHC009,MED002,696,67,102,33.1,23
22-04-2025,PHC009,MED002,627,69,110,29.3,25
23-04-2025,PHC009,MED002,550,77,117,27.5,24
24-04-2025,PHC009,MED002,486,64,102,32.3,28
25-04-2025,PHC009,MED002,430,56,93,26.1,20
26-04-2025,PHC009,MED002,345,85,119,31.3,25
27-04-2025,PHC009,MED002,707,115,150,25.1,39
28-04-2025,PHC009,MED002,634,73,103,27.2,11
29-04-2025,PHC009,MED002,532,102,125,28.9,21
30-04-2025,PHC009,MED002,488,44,77,26.2,32
01-05-2025,PHC009,MED002,416,72,106,22.5,32
02-05-2025,PHC009,MED002,347,69,125,33.3,35
03-05-2025,PHC009,MED002,717,101,126,25.9,26
04-05-2025,PHC009,MED002,630,87,117,25.8,21
05-05-2025,PHC009,MED002,561,69,88,29.5,15
06-05-2025,PHC009,MED002,479,82,104,32.1,20
07-05-2025,PHC009,MED002,397,82,111,33.6,37
08-05-2025,PHC009,MED002,340,57,92,20.4,22
09-05-2025,PHC009,MED002,281,59,98,22.5,28
10-05-2025,PHC009,MED002,680,104,110,27.9,26
11-05-2025,PHC009,MED002,588,92,121,29.4,33
12-05-2025,PHC009,MED002,506,82,112,24.2,19
13-05-2025,PHC009,MED002,440,66,111,34.5,26
14-05-2025,PHC009,MED002,369,71,106,28,23
15-05-2025,PHC009,MED002,289,80,126,22.8,28
16-05-2025,PHC009,MED002,224,65,102,31.1,22
17-05-2025,PHC009,MED002,496,135,158,32.2,42
18-05-2025,PHC009,MED002,388,108,127,24.1,40
19-05-2025,PHC009,MED002,313,75,94,25.8,29
20-05-2025,PHC009,MED002,917,106,149,21.6,37
21-05-2025,PHC009,MED002,841,76,108,25.4,24
22-05-2025,PHC009,MED002,761,80,127,23,28
23-05-2025,PHC009,MED002,700,61,105,24.2,31
24-05-2025,PHC009,MED002,591,109,135,25.9,46
25-05-2025,PHC009,MED002,489,102,121,23.3,30
26-05-2025,PHC009,MED002,416,73,102,28.6,16
27-05-2025,PHC009,MED002,341,75,102,28.9,25
28-05-2025,PHC009,MED002,286,55,86,32.2,21
29-05-2025,PHC009,MED002,918,79,115,22.7,29
30-05-2025,PHC009,MED002,843,75,109,28.9,19
31-05-2025,PHC009,MED002,753,90,135,27.8,36
01-06-2025,PHC009,MED002,671,82,116,27.8,23
02-06-2025,PHC009,MED002,573,98,139,20.3,34
03-06-2025,PHC009,MED002,504,69,115,29.8,32
04-06-2025,PHC009,MED002,434,70,104,27.9,38
05-06-2025,PHC009,MED002,360,74,122,30,40
06-06-2025,PHC009,MED002,282,78,111,26.1,20
07-06-2025,PHC009,MED002,720,83,141,27.1,33
08-06-2025,PHC009,MED002,614,106,125,21.3,29
09-06-2025,PHC009,MED002,557,57,90,22.4,21
10-06-2025,PHC009,MED002,469,88,122,26,39
11-06-2025,PHC009,MED002,388,81,115,26.9,31
12-06-2025,PHC009,MED002,327,61,95,27.8,29
13-06-2025,PHC009,MED002,265,62,130,33.6,28
14-06-2025,PHC009,MED002,699,124,125,27.5,36
15-06-2025,PHC009,MED002,601,98,127,28.7,31
16-06-2025,PHC009,MED002,521,80,110,31.3,20
17-06-2025,PHC009,MED002,464,57,97,24,31
18-06-2025,PHC009,MED002,415,49,70,27.9,17
19-06-2025,PHC009,MED002,347,68,86,24,19
20-06-2025,PHC009,MED002,272,75,135,23.4,31
21-06-2025,PHC009,MED002,808,101,122,33,25
22-06-2025,PHC009,MED002,700,108,120,33,37
23-06-2025,PHC009,MED002,633,67,94,29.2,17
24-06-2025,PHC009,MED002,545,88,120,28.3,39
25-06-2025,PHC009,MED002,482,63,99,34.8,22
26-06-2025,PHC009,MED002,404,78,110,26.4,39
27-06-2025,PHC009,MED002,347,57,95,34.2,17
28-06-2025,PHC009,MED002,916,111,157,28.3,38
29-06-2025,PHC009,MED002,837,79,98,34.9,23
01-01-2025,PHC009,MED003,1458,37,97,33.3,20
02-01-2025,PHC009,MED003,1403,55,120,29.3,31
03-01-2025,PHC009,MED003,1345,58,110,25.4,24
04-01-2025,PHC009,MED003,1255,90,157,34.2,41
05-01-2025,PHC009,MED003,1178,77,117,22.9,24
06-01-2025,PHC009,MED003,1132,46,111,25.4,36
07-01-2025,PHC009,MED003,1070,62,122,34.5,29
08-01-2025,PHC009,MED003,1021,49,108,32,21
09-01-2025,PHC009,MED003,965,56,105,20.9,35
10-01-2025,PHC009,MED003,904,61,124,22.2,32
11-01-2025,PHC009,MED003,841,63,145,23.2,35
12-01-2025,PHC009,MED003,775,66,113,23,32
13-01-2025,PHC009,MED003,724,51,99,30.5,19
14-01-2025,PHC009,MED003,676,48,86,32.1,16
15-01-2025,PHC009,MED003,615,61,126,21.9,33
16-01-2025,PHC009,MED003,570,45,91,34.4,24
17-01-2025,PHC009,MED003,511,59,105,26.7,30
18-01-2025,PHC009,MED003,451,60,118,26.7,29
19-01-2025,PHC009,MED003,361,90,133,34.1,42
20-01-2025,PHC009,MED003,282,79,132,23.6,29
21-01-2025,PHC009,MED003,219,63,116,21.3,24
22-01-2025,PHC009,MED003,170,49,116,33.1,25
23-01-2025,PHC009,MED003,128,42,98,22,26
24-01-2025,PHC009,MED003,687,72,138,25.4,31
25-01-2025,PHC009,MED003,633,54,110,27.9,28
26-01-2025,PHC009,MED003,552,81,121,20.6,27
27-01-2025,PHC009,MED003,487,65,126,28.6,33
28-01-2025,PHC009,MED003,451,36,80,23.9,12
29-01-2025,PHC009,MED003,407,44,94,30.1,23
30-01-2025,PHC009,MED003,347,60,132,24.2,33
31-01-2025,PHC009,MED003,296,51,107,32.7,16
01-02-2025,PHC009,MED003,232,64,107,26.1,29
02-02-2025,PHC009,MED003,178,54,122,25,34
03-02-2025,PHC009,MED003,730,55,119,31.8,25
04-02-2025,PHC009,MED003,676,54,100,23.2,16
05-02-2025,PHC009,MED003,628,48,95,31.3,25
06-02-2025,PHC009,MED003,575,53,114,26.6,30
07-02-2025,PHC009,MED003,523,52,123,34,34
08-02-2025,PHC009,MED003,456,67,122,22.7,36
09-02-2025,PHC009,MED003,361,95,148,22.2,41
10-02-2025,PHC009,MED003,316,45,104,32.2,32
11-02-2025,PHC009,MED003,258,58,111,30.7,33
12-02-2025,PHC009,MED003,195,63,131,29,25
13-02-2025,PHC009,MED003,567,63,136,26.9,26
14-02-2025,PHC009,MED003,503,64,134,21.6,28
15-02-2025,PHC009,MED003,433,70,130,29.9,24
16-02-2025,PHC009,MED003,361,72,116,25.5,29
17-02-2025,PHC009,MED003,295,66,140,26.5,42
18-02-2025,PHC009,MED003,243,52,107,20.3,34
19-02-2025,PHC009,MED003,186,57,134,27.4,45
20-02-2025,PHC009,MED003,616,58,102,23,20
21-02-2025,PHC009,MED003,561,55,113,23,35
22-02-2025,PHC009,MED003,460,101,151,29.6,44
23-02-2025,PHC009,MED003,384,76,129,23.6,36
24-02-2025,PHC009,MED003,324,60,105,34.5,30
25-02-2025,PHC009,MED003,270,54,99,21.8,21
26-02-2025,PHC009,MED003,963,82,146,30,35
27-02-2025,PHC009,MED003,903,60,134,32.9,29
28-02-2025,PHC009,MED003,852,51,93,28.4,26
01-03-2025,PHC009,MED003,782,70,111,31.2,42
02-03-2025,PHC009,MED003,697,85,140,31.4,38
03-03-2025,PHC009,MED003,641,56,112,24.9,23
04-03-2025,PHC009,MED003,599,42,96,22.4,24
05-03-2025,PHC009,MED003,554,45,95,28.3,20
06-03-2025,PHC009,MED003,476,78,128,29.2,26
07-03-2025,PHC009,MED003,431,45,102,27.9,22
08-03-2025,PHC009,MED003,357,74,155,34.7,35
09-03-2025,PHC009,MED003,288,69,119,25.5,31
10-03-2025,PHC009,MED003,226,62,113,29,22
11-03-2025,PHC009,MED003,489,61,117,26.1,29
12-03-2025,PHC009,MED003,424,65,132,30.3,34
13-03-2025,PHC009,MED003,383,41,85,27.5,26
14-03-2025,PHC009,MED003,304,79,140,30,37
15-03-2025,PHC009,MED003,245,59,113,34.2,24
16-03-2025,PHC009,MED003,953,79,131,28,32
17-03-2025,PHC009,MED003,894,59,121,31.3,35
18-03-2025,PHC009,MED003,845,49,95,26.1,26
19-03-2025,PHC009,MED003,798,47,97,20.1,25
20-03-2025,PHC009,MED003,744,54,111,21.4,33
21-03-2025,PHC009,MED003,671,73,133,24.2,29
22-03-2025,PHC009,MED003,588,83,123,24.1,25
23-03-2025,PHC009,MED003,517,71,128,31.5,24
24-03-2025,PHC009,MED003,459,58,110,26.5,20
25-03-2025,PHC009,MED003,399,60,129,30.2,28
26-03-2025,PHC009,MED003,351,48,93,32.8,21
27-03-2025,PHC009,MED003,274,77,128,30,29
28-03-2025,PHC009,MED003,237,37,96,25.8,35
29-03-2025,PHC009,MED003,182,55,98,23.7,17
30-03-2025,PHC009,MED003,718,78,130,26.6,28
31-03-2025,PHC009,MED003,638,80,116,29.4,26
01-04-2025,PHC009,MED003,591,47,114,20.2,22
02-04-2025,PHC009,MED003,534,57,102,28.8,19
03-04-2025,PHC009,MED003,478,56,92,32.1,27
04-04-2025,PHC009,MED003,426,52,121,32.6,26
05-04-2025,PHC009,MED003,367,59,102,23.6,21
06-04-2025,PHC009,MED003,310,57,104,25.8,27
07-04-2025,PHC009,MED003,265,45,99,20.8,24
08-04-2025,PHC009,MED003,221,44,111,20.8,25
09-04-2025,PHC009,MED003,186,35,91,23.1,27
10-04-2025,PHC009,MED003,145,41,126,34.5,27
11-04-2025,PHC009,MED003,592,50,97,33.9,24
12-04-2025,PHC009,MED003,543,49,112,24.9,23
13-04-2025,PHC009,MED003,476,67,129,29.8,24
14-04-2025,PHC009,MED003,426,50,86,27.5,15
15-04-2025,PHC009,MED003,378,48,108,33.3,26
16-04-2025,PHC009,MED003,303,75,134,31.2,36
17-04-2025,PHC009,MED003,254,49,102,23.8,22
18-04-2025,PHC009,MED003,199,55,103,27,22
19-04-2025,PHC009,MED003,848,60,120,34.4,31
20-04-2025,PHC009,MED003,755,93,150,24.4,37
21-04-2025,PHC009,MED003,688,67,128,26.5,35
22-04-2025,PHC009,MED003,622,66,133,23.7,35
23-04-2025,PHC009,MED003,568,54,126,28.6,34
24-04-2025,PHC009,MED003,523,45,105,26.1,21
25-04-2025,PHC009,MED003,467,56,101,24.7,22
26-04-2025,PHC009,MED003,400,67,115,34.8,21
27-04-2025,PHC009,MED003,334,66,149,30.6,32
28-04-2025,PHC009,MED003,280,54,109,34.9,31
29-04-2025,PHC009,MED003,221,59,116,28.9,34
30-04-2025,PHC009,MED003,174,47,83,21.4,23
01-05-2025,PHC009,MED003,147,27,81,31.2,26
02-05-2025,PHC009,MED003,479,45,107,20.6,26
03-05-2025,PHC009,MED003,422,57,129,24,33
04-05-2025,PHC009,MED003,367,55,132,28.7,34
05-05-2025,PHC009,MED003,314,53,110,29,22
06-05-2025,PHC009,MED003,256,58,116,29.2,32
07-05-2025,PHC009,MED003,217,39,75,32,24
08-05-2025,PHC009,MED003,891,70,140,24.7,31
09-05-2025,PHC009,MED003,828,63,126,31,31
10-05-2025,PHC009,MED003,756,72,111,20.2,28
11-05-2025,PHC009,MED003,675,81,125,34.7,20
12-05-2025,PHC009,MED003,612,63,121,34,25
13-05-2025,PHC009,MED003,554,58,112,35,25
14-05-2025,PHC009,MED003,483,71,137,29.1,37
15-05-2025,PHC009,MED003,438,45,98,21.3,25
16-05-2025,PHC009,MED003,377,61,117,23.3,28
17-05-2025,PHC009,MED003,319,58,99,34.5,31
18-05-2025,PHC009,MED003,250,69,128,24.9,32
19-05-2025,PHC009,MED003,191,59,100,34.1,29
20-05-2025,PHC009,MED003,508,56,95,31.2,15
21-05-2025,PHC009,MED003,454,54,96,20.1,25
22-05-2025,PHC009,MED003,414,40,100,30.3,24
23-05-2025,PHC009,MED003,359,55,93,26.4,25
24-05-2025,PHC009,MED003,282,77,125,22.7,32
25-05-2025,PHC009,MED003,913,83,123,25.7,28
26-05-2025,PHC009,MED003,859,54,94,32,25
27-05-2025,PHC009,MED003,795,64,119,31.4,38
28-05-2025,PHC009,MED003,742,53,107,24.2,29
29-05-2025,PHC009,MED003,687,55,97,21.2,22
30-05-2025,PHC009,MED003,647,40,99,28.7,29
31-05-2025,PHC009,MED003,570,77,136,30.6,43
01-06-2025,PHC009,MED003,482,88,134,26.2,36
02-06-2025,PHC009,MED003,437,45,95,33.9,22
03-06-2025,PHC009,MED003,379,58,115,24.6,36
04-06-2025,PHC009,MED003,321,58,122,21,24
05-06-2025,PHC009,MED003,275,46,91,20.7,27
06-06-2025,PHC009,MED003,221,54,111,31.6,31
07-06-2025,PHC009,MED003,694,73,115,20.1,21
08-06-2025,PHC009,MED003,641,53,121,24.5,25
09-06-2025,PHC009,MED003,583,58,115,33.5,38
10-06-2025,PHC009,MED003,527,56,128,24,37
11-06-2025,PHC009,MED003,472,55,114,31.8,26
12-06-2025,PHC009,MED003,381,91,148,24,37
13-06-2025,PHC009,MED003,311,70,119,29.3,25
14-06-2025,PHC009,MED003,239,72,104,32.1,23
15-06-2025,PHC009,MED003,187,52,99,27.1,20
16-06-2025,PHC009,MED003,147,40,81,28.1,23
17-06-2025,PHC009,MED003,692,64,114,20.6,24
18-06-2025,PHC009,MED003,624,68,139,23.6,41
19-06-2025,PHC009,MED003,575,49,91,34.7,30
20-06-2025,PHC009,MED003,533,42,99,33.4,17
21-06-2025,PHC009,MED003,473,60,111,23.7,22
22-06-2025,PHC009,MED003,398,75,115,23.2,24
23-06-2025,PHC009,MED003,345,53,101,30.7,19
24-06-2025,PHC009,MED003,292,53,108,25.8,31
25-06-2025,PHC009,MED003,232,60,83,25.3,16
26-06-2025,PHC009,MED003,470,72,123,28.6,37
27-06-2025,PHC009,MED003,426,44,103,34.9,20
28-06-2025,PHC009,MED003,348,78,126,23.9,31
29-06-2025,PHC009,MED003,273,75,127,26.4,24
01-01-2025,PHC009,MED004,1106,62,118,21.7,28
02-01-2025,PHC009,MED004,1051,55,101,34,27
03-01-2025,PHC009,MED004,994,57,99,31.1,21
04-01-2025,PHC009,MED004,909,85,123,20.3,21
05-01-2025,PHC009,MED004,805,104,159,33.3,49
06-01-2025,PHC009,MED004,754,51,93,28.8,30
07-01-2025,PHC009,MED004,695,59,109,28.3,26
08-01-2025,PHC009,MED004,653,42,105,27.5,37
09-01-2025,PHC009,MED004,586,67,101,20.4,26
10-01-2025,PHC009,MED004,539,47,97,27,21
11-01-2025,PHC009,MED004,471,68,108,20.7,27
12-01-2025,PHC009,MED004,369,102,145,21.9,39
13-01-2025,PHC009,MED004,312,57,116,25,28
14-01-2025,PHC009,MED004,266,46,88,26.5,17
15-01-2025,PHC009,MED004,843,79,125,29.5,30
16-01-2025,PHC009,MED004,794,49,105,34.9,28
17-01-2025,PHC009,MED004,724,70,112,25.3,25
18-01-2025,PHC009,MED004,660,64,99,23.6,29
19-01-2025,PHC009,MED004,571,89,151,34,33
20-01-2025,PHC009,MED004,532,39,86,29.1,20
21-01-2025,PHC009,MED004,482,50,106,25.4,27
22-01-2025,PHC009,MED004,422,60,120,26.2,35
23-01-2025,PHC009,MED004,365,57,95,21.8,24
24-01-2025,PHC009,MED004,305,60,114,26.7,27
25-01-2025,PHC009,MED004,232,73,143,29.1,35
26-01-2025,PHC009,MED004,770,97,156,34.2,45
27-01-2025,PHC009,MED004,719,51,99,23.5,23
28-01-2025,PHC009,MED004,646,73,122,25.3,27
29-01-2025,PHC009,MED004,572,74,113,29.2,18
30-01-2025,PHC009,MED004,493,79,114,21.8,28
31-01-2025,PHC009,MED004,456,37,96,28.7,27
01-02-2025,PHC009,MED004,390,66,109,23.6,24
02-02-2025,PHC009,MED004,311,79,146,23.7,38
03-02-2025,PHC009,MED004,253,58,102,28,32
04-02-2025,PHC009,MED004,210,43,84,31.7,20
05-02-2025,PHC009,MED004,477,60,117,30.3,30
06-02-2025,PHC009,MED004,402,75,124,31.6,36
07-02-2025,PHC009,MED004,343,59,106,28.4,24
08-02-2025,PHC009,MED004,280,63,101,28.8,30
09-02-2025,PHC009,MED004,551,94,139,22.5,28
10-02-2025,PHC009,MED004,494,57,116,26.6,31
11-02-2025,PHC009,MED004,431,63,113,23.7,28
12-02-2025,PHC009,MED004,389,42,95,32.2,17
13-02-2025,PHC009,MED004,324,65,119,24.9,28
14-02-2025,PHC009,MED004,273,51,87,30.9,22
15-02-2025,PHC009,MED004,844,71,106,33.7,23
16-02-2025,PHC009,MED004,771,73,121,24.8,34
17-02-2025,PHC009,MED004,704,67,123,25,30
18-02-2025,PHC009,MED004,648,56,91,22.1,30
19-02-2025,PHC009,MED004,592,56,107,31,22
20-02-2025,PHC009,MED004,532,60,116,32.8,35
21-02-2025,PHC009,MED004,458,74,113,23.8,19
22-02-2025,PHC009,MED004,359,99,127,28,33
23-02-2025,PHC009,MED004,289,70,108,28.1,35
24-02-2025,PHC009,MED004,227,62,102,31.4,30
25-02-2025,PHC009,MED004,480,77,142,32,33
26-02-2025,PHC009,MED004,407,73,110,24.5,25
27-02-2025,PHC009,MED004,358,49,88,22.9,18
28-02-2025,PHC009,MED004,292,66,105,21.7,32
01-03-2025,PHC009,MED004,835,84,123,28.2,28
02-03-2025,PHC009,MED004,770,65,110,34.1,22
03-03-2025,PHC009,MED004,704,66,101,29.4,30
04-03-2025,PHC009,MED004,643,61,109,34.3,32
05-03-2025,PHC009,MED004,577,66,121,21.5,23
06-03-2025,PHC009,MED004,524,53,101,32.8,30
07-03-2025,PHC009,MED004,456,68,122,34.7,32
08-03-2025,PHC009,MED004,389,67,101,33.2,30
09-03-2025,PHC009,MED004,312,77,133,24.9,35
10-03-2025,PHC009,MED004,243,69,101,33.7,26
11-03-2025,PHC009,MED004,845,61,102,25.8,23
12-03-2025,PHC009,MED004,787,58,106,23.7,23
13-03-2025,PHC009,MED004,727,60,126,23.7,36
14-03-2025,PHC009,MED004,652,75,105,25.7,30
15-03-2025,PHC009,MED004,568,84,139,33.9,31
16-03-2025,PHC009,MED004,504,64,120,29.9,30
17-03-2025,PHC009,MED004,424,80,122,32.8,30
18-03-2025,PHC009,MED004,359,65,123,34.9,33
19-03-2025,PHC009,MED004,287,72,120,29.5,28
20-03-2025,PHC009,MED004,223,64,107,20,18
21-03-2025,PHC009,MED004,712,74,120,21,33
22-03-2025,PHC009,MED004,618,94,145,26.5,38
23-03-2025,PHC009,MED004,559,59,120,24,28
24-03-2025,PHC009,MED004,500,59,117,26.5,36
25-03-2025,PHC009,MED004,418,82,130,34.1,35
26-03-2025,PHC009,MED004,359,59,110,33.6,25
27-03-2025,PHC009,MED004,314,45,80,29.2,14
28-03-2025,PHC009,MED004,267,47,97,28.2,17
29-03-2025,PHC009,MED004,560,94,116,28.9,32
30-03-2025,PHC009,MED004,470,90,142,21.7,38
31-03-2025,PHC009,MED004,410,60,89,29.1,25
01-04-2025,PHC009,MED004,358,52,96,24.3,23
02-04-2025,PHC009,MED004,305,53,98,30.5,19
03-04-2025,PHC009,MED004,238,67,125,28.7,27
04-04-2025,PHC009,MED004,556,65,118,21.8,29
05-04-2025,PHC009,MED004,471,85,127,26.8,30
06-04-2025,PHC009,MED004,402,69,120,24.5,25
07-04-2025,PHC009,MED004,340,62,101,27.5,31
08-04-2025,PHC009,MED004,277,63,105,21.1,23
09-04-2025,PHC009,MED004,229,48,93,34.1,21
10-04-2025,PHC009,MED004,773,66,102,24.9,17
11-04-2025,PHC009,MED004,696,77,140,24.7,31
12-04-2025,PHC009,MED004,584,112,146,24.7,44
13-04-2025,PHC009,MED004,494,90,132,28.4,25
14-04-2025,PHC009,MED004,423,71,110,33.2,29
15-04-2025,PHC009,MED004,364,59,112,32.4,32
16-04-2025,PHC009,MED004,304,60,107,28.1,30
17-04-2025,PHC009,MED004,887,93,146,30.9,31
18-04-2025,PHC009,MED004,818,69,128,34.1,36
19-04-2025,PHC009,MED004,739,79,119,23.6,30
20-04-2025,PHC009,MED004,652,87,123,32.5,33
21-04-2025,PHC009,MED004,601,51,109,23.6,23
22-04-2025,PHC009,MED004,540,61,121,20.4,32
23-04-2025,PHC009,MED004,481,59,112,31,21
24-04-2025,PHC009,MED004,435,46,91,28,19
25-04-2025,PHC009,MED004,389,46,88,26.4,13
26-04-2025,PHC009,MED004,293,96,135,33.1,39
27-04-2025,PHC009,MED004,575,109,137,22,29
28-04-2025,PHC009,MED004,523,52,114,20.8,31
29-04-2025,PHC009,MED004,454,69,109,20.5,30
30-04-2025,PHC009,MED004,406,48,80,32.1,27
01-05-2025,PHC009,MED004,355,51,84,34.5,15
02-05-2025,PHC009,MED004,289,66,130,24.1,33
03-05-2025,PHC009,MED004,218,71,114,21,30
04-05-2025,PHC009,MED004,703,63,103,28.9,18
05-05-2025,PHC009,MED004,634,69,125,30.9,31
06-05-2025,PHC009,MED004,590,44,85,22.8,17
07-05-2025,PHC009,MED004,531,59,102,28.3,24
08-05-2025,PHC009,MED004,475,56,91,22.9,24
09-05-2025,PHC009,MED004,424,51,104,32.5,23
10-05-2025,PHC009,MED004,344,80,120,31.1,40
11-05-2025,PHC009,MED004,271,73,134,33.1,34
12-05-2025,PHC009,MED004,810,69,135,27.8,34
13-05-2025,PHC009,MED004,755,55,101,32.3,27
14-05-2025,PHC009,MED004,711,44,86,29.8,15
15-05-2025,PHC009,MED004,652,59,103,27,29
16-05-2025,PHC009,MED004,587,65,109,29.8,17
17-05-2025,PHC009,MED004,528,59,111,30.8,27
18-05-2025,PHC009,MED004,444,84,117,28.7,28
19-05-2025,PHC009,MED004,400,44,83,23,13
20-05-2025,PHC009,MED004,320,80,121,21.9,19
21-05-2025,PHC009,MED004,252,68,126,20.2,34
22-05-2025,PHC009,MED004,615,80,126,23.9,39
23-05-2025,PHC009,MED004,544,71,108,22.6,22
24-05-2025,PHC009,MED004,463,81,113,32.7,26
25-05-2025,PHC009,MED004,369,94,127,24.9,32
26-05-2025,PHC009,MED004,305,64,114,30.3,25
27-05-2025,PHC009,MED004,774,85,128,33.9,37
28-05-2025,PHC009,MED004,699,75,121,23.5,29
29-05-2025,PHC009,MED004,621,78,131,23.4,23
30-05-2025,PHC009,MED004,570,51,84,31,30
31-05-2025,PHC009,MED004,487,83,125,27.4,37
01-06-2025,PHC009,MED004,406,81,121,33,30
02-06-2025,PHC009,MED004,346,60,91,32.1,23
03-06-2025,PHC009,MED004,302,44,81,34.3,23
04-06-2025,PHC009,MED004,239,63,104,32.4,22
05-06-2025,PHC009,MED004,884,72,120,33.1,20
06-06-2025,PHC009,MED004,841,43,91,31.3,17
07-06-2025,PHC009,MED004,763,78,149,32.8,33
08-06-2025,PHC009,MED004,680,83,122,32.3,32
09-06-2025,PHC009,MED004,635,45,113,26.3,28
10-06-2025,PHC009,MED004,568,67,110,32.3,21
11-06-2025,PHC009,MED004,508,60,114,34.9,30
12-06-2025,PHC009,MED004,462,46,111,28,28
13-06-2025,PHC009,MED004,384,78,132,31.5,38
14-06-2025,PHC009,MED004,299,85,129,23.9,25
15-06-2025,PHC009,MED004,230,69,122,27.6,32
16-06-2025,PHC009,MED004,787,89,132,24.5,33
17-06-2025,PHC009,MED004,728,59,102,21,26
18-06-2025,PHC009,MED004,672,56,112,23.8,29
19-06-2025,PHC009,MED004,608,64,104,26.3,28
20-06-2025,PHC009,MED004,561,47,92,28,25
21-06-2025,PHC009,MED004,485,76,109,28.5,27
22-06-2025,PHC009,MED004,418,67,98,32.8,20
23-06-2025,PHC009,MED004,350,68,116,24.7,32
24-06-2025,PHC009,MED004,294,56,98,23.1,24
25-06-2025,PHC009,MED004,225,69,115,20.7,27
26-06-2025,PHC009,MED004,538,89,137,20,35
27-06-2025,PHC009,MED004,468,70,110,25,30
28-06-2025,PHC009,MED004,386,82,125,22,24
29-06-2025,PHC009,MED004,318,68,100,21.9,32
01-01-2025,PHC009,MED005,695,42,97,31.3,21
02-01-2025,PHC009,MED005,659,36,108,31.9,23
03-01-2025,PHC009,MED005,606,53,125,31.5,34
04-01-2025,PHC009,MED005,560,46,113,28.3,23
05-01-2025,PHC009,MED005,502,58,135,26.4,29
06-01-2025,PHC009,MED005,475,27,75,27.2,21
07-01-2025,PHC009,MED005,441,34,104,23.2,23
08-01-2025,PHC009,MED005,404,37,104,29.6,19
09-01-2025,PHC009,MED005,361,43,110,27.6,26
10-01-2025,PHC009,MED005,311,50,121,25.1,33
11-01-2025,PHC009,MED005,263,48,91,32.1,22
12-01-2025,PHC009,MED005,772,66,138,24.2,26
13-01-2025,PHC009,MED005,732,40,87,27.5,19
14-01-2025,PHC009,MED005,699,33,105,20.6,27
15-01-2025,PHC009,MED005,667,32,90,25.2,16
16-01-2025,PHC009,MED005,620,47,110,28.5,25
17-01-2025,PHC009,MED005,580,40,111,24.9,21
18-01-2025,PHC009,MED005,529,51,105,32.4,36
19-01-2025,PHC009,MED005,489,40,104,28.8,20
20-01-2025,PHC009,MED005,441,48,116,26.2,28
21-01-2025,PHC009,MED005,398,43,80,33.4,18
22-01-2025,PHC009,MED005,367,31,111,21.1,26
23-01-2025,PHC009,MED005,324,43,99,29.9,29
24-01-2025,PHC009,MED005,263,61,130,25.2,28
25-01-2025,PHC009,MED005,209,54,120,24.8,33
26-01-2025,PHC009,MED005,797,74,150,33.8,45
27-01-2025,PHC009,MED005,748,49,96,27,21
28-01-2025,PHC009,MED005,708,40,103,33.9,17
29-01-2025,PHC009,MED005,647,61,121,30.9,37
30-01-2025,PHC009,MED005,605,42,105,20.6,26
31-01-2025,PHC009,MED005,564,41,113,20.1,20
01-02-2025,PHC009,MED005,505,59,150,34.5,33
02-02-2025,PHC009,MED005,432,73,151,24.4,37
03-02-2025,PHC009,MED005,393,39,119,20.2,26
04-02-2025,PHC009,MED005,334,59,115,33.3,27
05-02-2025,PHC009,MED005,299,35,96,21.2,19
06-02-2025,PHC009,MED005,275,24,77,22.2,25
07-02-2025,PHC009,MED005,216,59,119,27.5,25
08-02-2025,PHC009,MED005,513,63,119,26.2,23
09-02-2025,PHC009,MED005,451,62,138,20.2,28
10-02-2025,PHC009,MED005,411,40,109,31.6,31
11-02-2025,PHC009,MED005,370,41,88,27,23
12-02-2025,PHC009,MED005,318,52,128,29.9,39
13-02-2025,PHC009,MED005,286,32,90,33.4,18
14-02-2025,PHC009,MED005,250,36,87,20.9,16
15-02-2025,PHC009,MED005,511,90,150,27.7,36
16-02-2025,PHC009,MED005,452,59,130,28.9,27
17-02-2025,PHC009,MED005,424,28,74,32.6,15
18-02-2025,PHC009,MED005,379,45,118,24.2,34
19-02-2025,PHC009,MED005,337,42,108,21.4,29
20-02-2025,PHC009,MED005,308,29,72,23.7,24
21-02-2025,PHC009,MED005,258,50,136,32.2,40
22-02-2025,PHC009,MED005,909,67,147,22.5,41
23-02-2025,PHC009,MED005,848,61,130,24.1,31
24-02-2025,PHC009,MED005,795,53,122,23,27
25-02-2025,PHC009,MED005,750,45,97,24.4,18
26-02-2025,PHC009,MED005,698,52,135,31.7,32
27-02-2025,PHC009,MED005,636,62,122,30.1,26
28-02-2025,PHC009,MED005,589,47,110,25,29
01-03-2025,PHC009,MED005,536,53,129,20.4,22
02-03-2025,PHC009,MED005,477,59,135,27.3,37
03-03-2025,PHC009,MED005,431,46,124,20.5,29
04-03-2025,PHC009,MED005,388,43,115,34.7,26
05-03-2025,PHC009,MED005,350,38,117,26.6,35
06-03-2025,PHC009,MED005,301,49,120,31.3,29
07-03-2025,PHC009,MED005,269,32,91,26.4,20
08-03-2025,PHC009,MED005,213,56,136,34.4,37
09-03-2025,PHC009,MED005,523,62,149,24.1,31
10-03-2025,PHC009,MED005,486,37,89,28,26
11-03-2025,PHC009,MED005,440,46,98,35,26
12-03-2025,PHC009,MED005,400,40,92,26,35
13-03-2025,PHC009,MED005,346,54,124,24,26
14-03-2025,PHC009,MED005,309,37,88,29.9,16
15-03-2025,PHC009,MED005,249,60,123,28.3,31
16-03-2025,PHC009,MED005,207,42,102,27.7,20
17-03-2025,PHC009,MED005,183,24,74,33.1,17
18-03-2025,PHC009,MED005,453,53,117,25,34
19-03-2025,PHC009,MED005,418,35,101,27.6,30
20-03-2025,PHC009,MED005,388,30,82,29.5,15
21-03-2025,PHC009,MED005,333,55,112,24.4,27
22-03-2025,PHC009,MED005,280,53,132,30.6,35
23-03-2025,PHC009,MED005,707,72,128,24.1,31
24-03-2025,PHC009,MED005,672,35,107,20.5,33
25-03-2025,PHC009,MED005,622,50,121,28.5,30
26-03-2025,PHC009,MED005,571,51,133,25.9,25
27-03-2025,PHC009,MED005,533,38,106,32.1,26
28-03-2025,PHC009,MED005,484,49,114,28.9,22
29-03-2025,PHC009,MED005,442,42,98,33,14
30-03-2025,PHC009,MED005,385,57,117,28.7,25
31-03-2025,PHC009,MED005,340,45,111,22.4,28
01-04-2025,PHC009,MED005,304,36,91,25.3,29
02-04-2025,PHC009,MED005,254,50,124,28.6,35
03-04-2025,PHC009,MED005,196,58,138,32.2,33
04-04-2025,PHC009,MED005,147,49,125,28.5,31
05-04-2025,PHC009,MED005,636,55,119,30,31
06-04-2025,PHC009,MED005,579,57,121,25.9,29
07-04-2025,PHC009,MED005,530,49,116,20.9,29
08-04-2025,PHC009,MED005,498,32,86,24.5,30
09-04-2025,PHC009,MED005,460,38,99,34,18
10-04-2025,PHC009,MED005,407,53,121,25.4,33
11-04-2025,PHC009,MED005,363,44,104,21.4,22
12-04-2025,PHC009,MED005,308,55,109,23.9,26
13-04-2025,PHC009,MED005,236,72,137,30.5,32
14-04-2025,PHC009,MED005,195,41,94,27.6,20
15-04-2025,PHC009,MED005,587,55,121,22.9,33
16-04-2025,PHC009,MED005,549,38,124,32,26
17-04-2025,PHC009,MED005,502,47,102,23.4,26
18-04-2025,PHC009,MED005,469,33,81,23.2,20
19-04-2025,PHC009,MED005,399,70,140,30,33
20-04-2025,PHC009,MED005,332,67,136,24.1,23
21-04-2025,PHC009,MED005,282,50,131,34.7,34
22-04-2025,PHC009,MED005,219,63,142,21.2,33
23-04-2025,PHC009,MED005,179,40,98,21.2,23
24-04-2025,PHC009,MED005,501,45,111,33,30
25-04-2025,PHC009,MED005,464,37,89,20.6,20
26-04-2025,PHC009,MED005,417,47,113,22.5,23
27-04-2025,PHC009,MED005,340,77,142,30.8,33
28-04-2025,PHC009,MED005,292,48,128,31.9,36
29-04-2025,PHC009,MED005,245,47,117,24.8,35
30-04-2025,PHC009,MED005,575,69,142,33.2,36
01-05-2025,PHC009,MED005,528,47,108,26.6,24
02-05-2025,PHC009,MED005,495,33,104,21.2,26
03-05-2025,PHC009,MED005,443,52,132,20.2,32
04-05-2025,PHC009,MED005,385,58,137,22.9,34
05-05-2025,PHC009,MED005,358,27,101,35,22
06-05-2025,PHC009,MED005,322,36,104,34.6,18
07-05-2025,PHC009,MED005,264,58,121,33.1,28
08-05-2025,PHC009,MED005,216,48,122,20.4,28
09-05-2025,PHC009,MED005,165,51,117,28.4,35
10-05-2025,PHC009,MED005,429,62,132,34.8,41
11-05-2025,PHC009,MED005,388,41,115,23.5,29
12-05-2025,PHC009,MED005,326,62,118,29.2,31
13-05-2025,PHC009,MED005,266,60,140,24.1,34
14-05-2025,PHC009,MED005,211,55,115,31.5,23
15-05-2025,PHC009,MED005,176,35,102,33.7,20
16-05-2025,PHC009,MED005,706,48,124,22.2,31
17-05-2025,PHC009,MED005,648,58,125,20.9,31
18-05-2025,PHC009,MED005,596,52,128,33.1,28
19-05-2025,PHC009,MED005,549,47,116,28.8,28
20-05-2025,PHC009,MED005,504,45,97,29.6,27
21-05-2025,PHC009,MED005,463,41,102,20.6,30
22-05-2025,PHC009,MED005,410,53,115,31.7,25
23-05-2025,PHC009,MED005,370,40,92,34.2,17
24-05-2025,PHC009,MED005,309,61,134,22.5,33
25-05-2025,PHC009,MED005,525,85,160,27.9,41
26-05-2025,PHC009,MED005,481,44,114,21,31
27-05-2025,PHC009,MED005,441,40,104,31.9,28
28-05-2025,PHC009,MED005,382,59,144,27.7,37
29-05-2025,PHC009,MED005,346,36,92,25.2,21
30-05-2025,PHC009,MED005,303,43,92,34.2,19
31-05-2025,PHC009,MED005,243,60,139,31.3,34
01-06-2025,PHC009,MED005,197,46,129,22.6,24
02-06-2025,PHC009,MED005,160,37,109,24.4,32
03-06-2025,PHC009,MED005,881,45,119,21.6,17
04-06-2025,PHC009,MED005,838,43,127,22,37
05-06-2025,PHC009,MED005,774,64,145,31.5,37
06-06-2025,PHC009,MED005,733,41,107,34.3,28
07-06-2025,PHC009,MED005,661,72,140,23.9,43
08-06-2025,PHC009,MED005,594,67,129,33,36
09-06-2025,PHC009,MED005,558,36,83,33.8,27
10-06-2025,PHC009,MED005,513,45,102,26.7,15
11-06-2025,PHC009,MED005,475,38,106,33.2,31
12-06-2025,PHC009,MED005,430,45,93,32.5,26
13-06-2025,PHC009,MED005,394,36,96,26.7,29
14-06-2025,PHC009,MED005,357,37,98,21.3,15
15-06-2025,PHC009,MED005,288,69,142,34.7,28
16-06-2025,PHC009,MED005,245,43,107,26.7,28
17-06-2025,PHC009,MED005,197,48,128,23.2,21
18-06-2025,PHC009,MED005,165,32,103,22.4,26
19-06-2025,PHC009,MED005,765,43,95,25.3,30
20-06-2025,PHC009,MED005,739,26,65,33.9,5
21-06-2025,PHC009,MED005,679,60,136,24.1,39
22-06-2025,PHC009,MED005,617,62,129,29.4,32
23-06-2025,PHC009,MED005,578,39,122,25.6,33
24-06-2025,PHC009,MED005,535,43,111,26.5,24
25-06-2025,PHC009,MED005,507,28,90,31.6,22
26-06-2025,PHC009,MED005,459,48,119,34.5,28
27-06-2025,PHC009,MED005,417,42,92,27.4,24
28-06-2025,PHC009,MED005,351,66,135,27.3,37
29-06-2025,PHC009,MED005,289,62,130,28.3,32
01-01-2025,PHC010,MED001,1116,59,74,31.8,18
02-01-2025,PHC010,MED001,1046,70,101,31.6,24
03-01-2025,PHC010,MED001,977,69,92,28.1,23
04-01-2025,PHC010,MED001,902,75,107,32.2,34
05-01-2025,PHC010,MED001,801,101,113,20.7,35
06-01-2025,PHC010,MED001,735,66,92,32.3,26
07-01-2025,PHC010,MED001,646,89,121,26.1,28
08-01-2025,PHC010,MED001,580,66,87,34,16
09-01-2025,PHC010,MED001,501,79,90,29,32
10-01-2025,PHC010,MED001,459,42,70,20.4,20
11-01-2025,PHC010,MED001,394,65,103,20.7,25
12-01-2025,PHC010,MED001,1038,102,108,23.6,30
13-01-2025,PHC010,MED001,1000,38,49,31.8,17
14-01-2025,PHC010,MED001,939,61,87,24.6,25
15-01-2025,PHC010,MED001,845,94,103,28.4,24
16-01-2025,PHC010,MED001,782,63,105,23.6,31
17-01-2025,PHC010,MED001,689,93,107,22.8,23
18-01-2025,PHC010,MED001,583,106,114,24.5,22
19-01-2025,PHC010,MED001,466,117,121,34.6,30
20-01-2025,PHC010,MED001,400,66,79,31.4,21
21-01-2025,PHC010,MED001,336,64,91,24.1,18
22-01-2025,PHC010,MED001,258,78,94,21.6,23
23-01-2025,PHC010,MED001,197,61,92,27.1,17
24-01-2025,PHC010,MED001,487,79,105,29.5,25
25-01-2025,PHC010,MED001,377,110,110,33,30
26-01-2025,PHC010,MED001,311,66,92,21.8,29
27-01-2025,PHC010,MED001,235,76,90,26.9,22
28-01-2025,PHC010,MED001,836,66,84,20.1,28
29-01-2025,PHC010,MED001,768,68,91,33.8,28
30-01-2025,PHC010,MED001,684,84,107,32.5,27
31-01-2025,PHC010,MED001,622,62,90,34.3,20
01-02-2025,PHC010,MED001,539,83,96,28.2,28
02-02-2025,PHC010,MED001,455,84,118,33.4,23
03-02-2025,PHC010,MED001,363,92,109,26,25
04-02-2025,PHC010,MED001,274,89,118,34.2,25
05-02-2025,PHC010,MED001,209,65,78,26.5,15
06-02-2025,PHC010,MED001,442,71,84,34.6,23
07-02-2025,PHC010,MED001,368,74,97,25.1,16
08-02-2025,PHC010,MED001,603,101,95,24.7,18
09-02-2025,PHC010,MED001,529,74,84,28.6,19
10-02-2025,PHC010,MED001,478,51,76,22,17
11-02-2025,PHC010,MED001,405,73,87,31.1,24
12-02-2025,PHC010,MED001,335,70,94,21.2,23
13-02-2025,PHC010,MED001,269,66,80,22.6,30
14-02-2025,PHC010,MED001,847,73,101,30.2,20
15-02-2025,PHC010,MED001,758,89,95,32,23
16-02-2025,PHC010,MED001,651,107,117,34.4,33
17-02-2025,PHC010,MED001,559,92,97,23.9,29
18-02-2025,PHC010,MED001,463,96,99,30.4,25
19-02-2025,PHC010,MED001,373,90,93,33.5,23
20-02-2025,PHC010,MED001,294,79,99,33,26
21-02-2025,PHC010,MED001,775,86,97,24.9,20
22-02-2025,PHC010,MED001,698,77,93,30.4,23
23-02-2025,PHC010,MED001,581,117,123,22.9,32
24-02-2025,PHC010,MED001,530,51,66,25.2,9
25-02-2025,PHC010,MED001,453,77,76,34.4,14
26-02-2025,PHC010,MED001,372,81,101,27.5,22
27-02-2025,PHC010,MED001,293,79,87,26,21
28-02-2025,PHC010,MED001,232,61,75,34.6,21
01-03-2025,PHC010,MED001,590,123,152,32.1,40
02-03-2025,PHC010,MED001,503,87,101,26.6,17
03-03-2025,PHC010,MED001,422,81,110,34.2,24
04-03-2025,PHC010,MED001,363,59,90,21.8,23
05-03-2025,PHC010,MED001,294,69,80,31,27
06-03-2025,PHC010,MED001,872,82,114,34,35
07-03-2025,PHC010,MED001,793,79,109,25.9,33
08-03-2025,PHC010,MED001,701,92,134,24.3,25
09-03-2025,PHC010,MED001,608,93,120,28.8,32
10-03-2025,PHC010,MED001,553,55,100,30.9,30
11-03-2025,PHC010,MED001,496,57,66,22,25
12-03-2025,PHC010,MED001,386,110,121,27.4,29
13-03-2025,PHC010,MED001,335,51,105,24.7,19
14-03-2025,PHC010,MED001,256,79,89,21.9,14
15-03-2025,PHC010,MED001,527,92,109,33.7,25
16-03-2025,PHC010,MED001,442,85,112,29.6,19
17-03-2025,PHC010,MED001,384,58,84,25.7,27
18-03-2025,PHC010,MED001,306,78,106,30.8,18
19-03-2025,PHC010,MED001,638,79,98,26.4,29
20-03-2025,PHC010,MED001,571,67,86,23.2,18
21-03-2025,PHC010,MED001,495,76,90,22,24
22-03-2025,PHC010,MED001,387,108,115,28.1,31
23-03-2025,PHC010,MED001,1021,103,107,24.7,32
24-03-2025,PHC010,MED001,966,55,78,24.3,16
25-03-2025,PHC010,MED001,909,57,65,27.9,25
26-03-2025,PHC010,MED001,823,86,107,20.7,38
27-03-2025,PHC010,MED001,749,74,96,31.1,30
28-03-2025,PHC010,MED001,692,57,94,20.8,26
29-03-2025,PHC010,MED001,615,77,90,20.4,14
30-03-2025,PHC010,MED001,514,101,107,33.9,27
31-03-2025,PHC010,MED001,442,72,97,21.4,20
01-04-2025,PHC010,MED001,387,55,83,24.9,19
02-04-2025,PHC010,MED001,334,53,60,27.1,21
03-04-2025,PHC010,MED001,272,62,83,25.3,16
04-04-2025,PHC010,MED001,601,86,108,27.1,21
05-04-2025,PHC010,MED001,519,82,101,33.9,28
06-04-2025,PHC010,MED001,854,138,142,26.4,37
07-04-2025,PHC010,MED001,774,80,102,23.3,23
08-04-2025,PHC010,MED001,718,56,69,26.9,19
09-04-2025,PHC010,MED001,628,90,101,21,26
10-04-2025,PHC010,MED001,543,85,101,32.8,26
11-04-2025,PHC010,MED001,495,48,81,26.5,15
12-04-2025,PHC010,MED001,398,97,113,33.3,21
13-04-2025,PHC010,MED001,336,62,76,32.2,18
14-04-2025,PHC010,MED001,270,66,95,32.5,28
15-04-2025,PHC010,MED001,213,57,77,20.7,15
16-04-2025,PHC010,MED001,747,72,96,26.6,21
17-04-2025,PHC010,MED001,692,55,95,25.4,31
18-04-2025,PHC010,MED001,618,74,101,21.3,33
19-04-2025,PHC010,MED001,518,100,106,30.1,21
20-04-2025,PHC010,MED001,425,93,107,29.8,31
21-04-2025,PHC010,MED001,361,64,84,20.7,15
22-04-2025,PHC010,MED001,304,57,66,23.2,17
23-04-2025,PHC010,MED001,230,74,92,32.4,26
24-04-2025,PHC010,MED001,180,50,74,23.8,20
25-04-2025,PHC010,MED001,712,90,107,33.8,33
26-04-2025,PHC010,MED001,589,123,108,34.4,33
27-04-2025,PHC010,MED001,505,84,93,24.8,26
28-04-2025,PHC010,MED001,442,63,95,33.8,16
29-04-2025,PHC010,MED001,335,107,105,27.2,24
30-04-2025,PHC010,MED001,540,102,105,23.3,29
01-05-2025,PHC010,MED001,478,62,98,20.9,24
02-05-2025,PHC010,MED001,392,86,103,32.9,29
03-05-2025,PHC010,MED001,313,79,97,26.7,19
04-05-2025,PHC010,MED001,846,103,121,22.5,27
05-05-2025,PHC010,MED001,784,62,87,20.4,26
06-05-2025,PHC010,MED001,699,85,120,30.7,27
07-05-2025,PHC010,MED001,623,76,99,31.8,20
08-05-2025,PHC010,MED001,568,55,78,32.3,22
09-05-2025,PHC010,MED001,486,82,105,26.2,27
10-05-2025,PHC010,MED001,377,109,115,34.6,27
11-05-2025,PHC010,MED001,821,111,109,27.7,18
12-05-2025,PHC010,MED001,727,94,109,25.4,21
13-05-2025,PHC010,MED001,655,72,99,28.7,20
14-05-2025,PHC010,MED001,566,89,107,33.8,37
15-05-2025,PHC010,MED001,486,80,103,23.3,23
16-05-2025,PHC010,MED001,423,63,85,24.1,16
17-05-2025,PHC010,MED001,674,114,107,20.1,29
18-05-2025,PHC010,MED001,524,150,141,25.1,31
19-05-2025,PHC010,MED001,467,57,74,25.5,19
20-05-2025,PHC010,MED001,400,67,77,26.2,23
21-05-2025,PHC010,MED001,328,72,92,34,27
22-05-2025,PHC010,MED001,257,71,98,28.2,20
23-05-2025,PHC010,MED001,801,73,97,22.7,29
24-05-2025,PHC010,MED001,715,86,105,31.4,27
25-05-2025,PHC010,MED001,622,93,92,22.9,35
26-05-2025,PHC010,MED001,530,92,110,34.8,26
27-05-2025,PHC010,MED001,461,69,76,28.5,8
28-05-2025,PHC010,MED001,392,69,82,30.2,29
29-05-2025,PHC010,MED001,317,75,80,23,12
30-05-2025,PHC010,MED001,687,80,100,35,21
31-05-2025,PHC010,MED001,567,120,108,30.3,21
01-06-2025,PHC010,MED001,467,100,113,24.6,25
02-06-2025,PHC010,MED001,409,58,80,29.1,22
03-06-2025,PHC010,MED001,352,57,84,30.2,29
04-06-2025,PHC010,MED001,305,47,82,27.8,18
05-06-2025,PHC010,MED001,254,51,92,20.2,22
06-06-2025,PHC010,MED001,193,61,84,25,26
07-06-2025,PHC010,MED001,787,90,101,25.7,22
08-06-2025,PHC010,MED001,678,109,114,33.7,25
09-06-2025,PHC010,MED001,607,71,106,29.5,28
10-06-2025,PHC010,MED001,554,53,84,26.2,29
11-06-2025,PHC010,MED001,496,58,87,20.8,20
12-06-2025,PHC010,MED001,432,64,86,22.9,16
13-06-2025,PHC010,MED001,379,53,84,34.7,14
14-06-2025,PHC010,MED001,953,99,101,25.3,26
15-06-2025,PHC010,MED001,865,88,103,20.7,25
16-06-2025,PHC010,MED001,799,66,80,22.5,24
17-06-2025,PHC010,MED001,745,54,80,27.8,19
18-06-2025,PHC010,MED001,705,40,52,34.5,15
19-06-2025,PHC010,MED001,626,79,105,20.3,29
20-06-2025,PHC010,MED001,557,69,94,31.4,35
21-06-2025,PHC010,MED001,463,94,89,29.3,33
22-06-2025,PHC010,MED001,376,87,95,23.4,31
23-06-2025,PHC010,MED001,302,74,98,30.4,18
24-06-2025,PHC010,MED001,896,85,94,23.7,25
25-06-2025,PHC010,MED001,809,87,96,28.8,26
26-06-2025,PHC010,MED001,720,89,101,31.8,18
27-06-2025,PHC010,MED001,627,93,131,29.5,25
28-06-2025,PHC010,MED001,548,79,87,21.4,15
29-06-2025,PHC010,MED001,455,93,100,25.8,26
01-01-2025,PHC010,MED002,557,41,79,20.5,19
02-01-2025,PHC010,MED002,508,49,85,21.1,23
03-01-2025,PHC010,MED002,450,58,103,25.9,34
04-01-2025,PHC010,MED002,382,68,97,28.9,32
05-01-2025,PHC010,MED002,309,73,111,20.7,30
06-01-2025,PHC010,MED002,250,59,112,20.5,32
07-01-2025,PHC010,MED002,523,77,109,29.1,31
08-01-2025,PHC010,MED002,487,36,71,29.5,14
09-01-2025,PHC010,MED002,442,45,78,30.3,23
10-01-2025,PHC010,MED002,383,59,93,35,28
11-01-2025,PHC010,MED002,324,59,107,25.6,14
12-01-2025,PHC010,MED002,948,111,139,34.1,36
13-01-2025,PHC010,MED002,895,53,89,34.9,25
14-01-2025,PHC010,MED002,853,42,76,33.7,19
15-01-2025,PHC010,MED002,806,47,84,24.6,28
16-01-2025,PHC010,MED002,755,51,88,30.7,23
17-01-2025,PHC010,MED002,706,49,91,27.2,22
18-01-2025,PHC010,MED002,633,73,105,20.7,29
19-01-2025,PHC010,MED002,539,94,111,30.8,43
20-01-2025,PHC010,MED002,484,55,95,29.4,26
21-01-2025,PHC010,MED002,429,55,87,32.6,20
22-01-2025,PHC010,MED002,367,62,106,32.9,26
23-01-2025,PHC010,MED002,302,65,101,24,22
24-01-2025,PHC010,MED002,254,48,98,22.8,21
25-01-2025,PHC010,MED002,518,81,99,22.2,25
26-01-2025,PHC010,MED002,456,62,85,27,21
27-01-2025,PHC010,MED002,400,56,86,27.9,24
28-01-2025,PHC010,MED002,351,49,88,20.4,26
29-01-2025,PHC010,MED002,285,66,93,26.7,21
30-01-2025,PHC010,MED002,218,67,111,32.4,33
31-01-2025,PHC010,MED002,175,43,70,34.3,15
01-02-2025,PHC010,MED002,783,78,108,33.1,24
02-02-2025,PHC010,MED002,707,76,115,31.7,33
03-02-2025,PHC010,MED002,654,53,97,30.3,22
04-02-2025,PHC010,MED002,577,77,106,29.6,24
05-02-2025,PHC010,MED002,520,57,99,21.2,33
06-02-2025,PHC010,MED002,484,36,68,20.9,15
07-02-2025,PHC010,MED002,423,61,107,23.9,26
08-02-2025,PHC010,MED002,360,63,99,26.2,30
09-02-2025,PHC010,MED002,298,62,108,26.5,28
10-02-2025,PHC010,MED002,249,49,90,20.1,21
11-02-2025,PHC010,MED002,199,50,84,24.1,26
12-02-2025,PHC010,MED002,903,54,92,34,24
13-02-2025,PHC010,MED002,840,63,107,22.5,32
14-02-2025,PHC010,MED002,779,61,104,34.7,32
15-02-2025,PHC010,MED002,694,85,132,21.8,26
16-02-2025,PHC010,MED002,632,62,95,22,13
17-02-2025,PHC010,MED002,563,69,98,23.8,29
18-02-2025,PHC010,MED002,500,63,85,25.8,22
19-02-2025,PHC010,MED002,445,55,99,22.7,20
20-02-2025,PHC010,MED002,394,51,106,21,27
21-02-2025,PHC010,MED002,318,76,98,32,22
22-02-2025,PHC010,MED002,247,71,104,30,20
23-02-2025,PHC010,MED002,734,74,121,26.5,32
24-02-2025,PHC010,MED002,691,43,59,29.5,10
25-02-2025,PHC010,MED002,630,61,110,20.8,28
26-02-2025,PHC010,MED002,577,53,92,24.6,16
27-02-2025,PHC010,MED002,511,66,115,29.9,34
28-02-2025,PHC010,MED002,434,77,97,21.9,25
01-03-2025,PHC010,MED002,339,95,107,30.5,25
02-03-2025,PHC010,MED002,287,52,84,27,21
03-03-2025,PHC010,MED002,236,51,96,28.5,25
04-03-2025,PHC010,MED002,182,54,93,20.6,21
05-03-2025,PHC010,MED002,670,59,99,34,20
06-03-2025,PHC010,MED002,608,62,105,32,22
07-03-2025,PHC010,MED002,551,57,100,30.6,25
08-03-2025,PHC010,MED002,479,72,101,26.8,28
09-03-2025,PHC010,MED002,421,58,96,22.8,21
10-03-2025,PHC010,MED002,370,51,106,25.3,32
11-03-2025,PHC010,MED002,325,45,81,28.3,14
12-03-2025,PHC010,MED002,266,59,96,27.5,19
13-03-2025,PHC010,MED002,604,72,108,34.2,30
14-03-2025,PHC010,MED002,556,48,84,27.1,17
15-03-2025,PHC010,MED002,492,64,105,33.4,25
16-03-2025,PHC010,MED002,440,52,93,26,19
17-03-2025,PHC010,MED002,385,55,104,25.8,27
18-03-2025,PHC010,MED002,337,48,82,30.2,19
19-03-2025,PHC010,MED002,258,79,113,31.9,24
20-03-2025,PHC010,MED002,218,40,80,29,26
21-03-2025,PHC010,MED002,172,46,87,31.8,19
22-03-2025,PHC010,MED002,820,90,114,34.6,31
23-03-2025,PHC010,MED002,760,60,86,25.9,21
24-03-2025,PHC010,MED002,692,68,109,26.2,35
25-03-2025,PHC010,MED002,627,65,105,33.2,29
26-03-2025,PHC010,MED002,546,81,106,22.9,29
27-03-2025,PHC010,MED002,499,47,64,23.2,20
28-03-2025,PHC010,MED002,431,68,108,28.3,35
29-03-2025,PHC010,MED002,347,84,117,24.1,28
30-03-2025,PHC010,MED002,274,73,90,21.8,29
31-03-2025,PHC010,MED002,220,54,81,24.4,18
01-04-2025,PHC010,MED002,167,53,97,27,25
02-04-2025,PHC010,MED002,541,73,113,27.2,26
03-04-2025,PHC010,MED002,487,54,107,29.5,34
04-04-2025,PHC010,MED002,444,43,91,25.7,28
05-04-2025,PHC010,MED002,397,47,75,21.1,18
06-04-2025,PHC010,MED002,334,63,102,27.4,28
07-04-2025,PHC010,MED002,296,38,69,29.9,10
08-04-2025,PHC010,MED002,248,48,113,22.6,39
09-04-2025,PHC010,MED002,193,55,84,23.2,22
10-04-2025,PHC010,MED002,150,43,82,29.7,24
11-04-2025,PHC010,MED002,448,63,99,32.8,20
12-04-2025,PHC010,MED002,348,100,112,29.8,27
13-04-2025,PHC010,MED002,270,78,111,24.2,24
14-04-2025,PHC010,MED002,224,46,87,25.1,20
15-04-2025,PHC010,MED002,189,35,63,22.6,18
16-04-2025,PHC010,MED002,552,65,102,21.4,32
17-04-2025,PHC010,MED002,504,48,83,34.3,23
18-04-2025,PHC010,MED002,473,31,75,34.1,12
19-04-2025,PHC010,MED002,418,55,99,34.8,32
20-04-2025,PHC010,MED002,363,55,82,26.3,19
21-04-2025,PHC010,MED002,317,46,93,30.9,18
22-04-2025,PHC010,MED002,253,64,114,26.7,25
23-04-2025,PHC010,MED002,195,58,91,32.2,24
24-04-2025,PHC010,MED002,155,40,68,34.3,11
25-04-2025,PHC010,MED002,620,59,83,20.1,17
26-04-2025,PHC010,MED002,530,90,120,21.5,35
27-04-2025,PHC010,MED002,443,87,118,22.1,26
28-04-2025,PHC010,MED002,382,61,93,31.4,33
29-04-2025,PHC010,MED002,305,77,110,22.5,40
30-04-2025,PHC010,MED002,243,62,84,32.9,6
01-05-2025,PHC010,MED002,929,68,114,21.7,26
02-05-2025,PHC010,MED002,861,68,110,29.3,34
03-05-2025,PHC010,MED002,804,57,103,32.8,30
04-05-2025,PHC010,MED002,754,50,90,31.3,15
05-05-2025,PHC010,MED002,712,42,64,22.5,18
06-05-2025,PHC010,MED002,660,52,84,24,20
07-05-2025,PHC010,MED002,605,55,93,27.1,24
08-05-2025,PHC010,MED002,563,42,86,26.3,19
09-05-2025,PHC010,MED002,525,38,91,25.5,18
10-05-2025,PHC010,MED002,447,78,103,33,22
11-05-2025,PHC010,MED002,381,66,102,29.9,38
12-05-2025,PHC010,MED002,339,42,84,31.5,21
13-05-2025,PHC010,MED002,299,40,73,20.4,18
14-05-2025,PHC010,MED002,233,66,109,29.6,18
15-05-2025,PHC010,MED002,789,64,99,26.7,21
16-05-2025,PHC010,MED002,730,59,95,23.3,27
17-05-2025,PHC010,MED002,653,77,104,21.6,33
18-05-2025,PHC010,MED002,589,64,108,34.6,30
19-05-2025,PHC010,MED002,537,52,79,31.1,27
20-05-2025,PHC010,MED002,498,39,80,29.3,20
21-05-2025,PHC010,MED002,437,61,109,20.2,26
22-05-2025,PHC010,MED002,379,58,86,33.8,19
23-05-2025,PHC010,MED002,311,68,111,32.7,28
24-05-2025,PHC010,MED002,237,74,101,25.8,28
25-05-2025,PHC010,MED002,479,69,100,32.6,20
26-05-2025,PHC010,MED002,421,58,100,24.2,26
27-05-2025,PHC010,MED002,365,56,89,25.2,21
28-05-2025,PHC010,MED002,316,49,73,25,16
29-05-2025,PHC010,MED002,266,50,100,27.1,18
30-05-2025,PHC010,MED002,206,60,100,26.7,23
31-05-2025,PHC010,MED002,876,88,134,33.9,26
01-06-2025,PHC010,MED002,801,75,94,23.8,25
02-06-2025,PHC010,MED002,739,62,104,25.3,17
03-06-2025,PHC010,MED002,687,52,89,25,24
04-06-2025,PHC010,MED002,639,48,101,24.4,19
05-06-2025,PHC010,MED002,585,54,99,27.4,23
06-06-2025,PHC010,MED002,545,40,89,22.4,24
07-06-2025,PHC010,MED002,479,66,111,28.4,33
08-06-2025,PHC010,MED002,397,82,111,24.9,12
09-06-2025,PHC010,MED002,326,71,116,33.1,25
10-06-2025,PHC010,MED002,256,70,112,20.8,26
11-06-2025,PHC010,MED002,200,56,97,26.6,20
12-06-2025,PHC010,MED002,507,58,104,21.3,27
13-06-2025,PHC010,MED002,448,59,91,31.1,21
14-06-2025,PHC010,MED002,387,61,95,32.6,24
15-06-2025,PHC010,MED002,316,71,106,29.1,33
16-06-2025,PHC010,MED002,279,37,70,25,18
17-06-2025,PHC010,MED002,221,58,83,31.2,17
18-06-2025,PHC010,MED002,554,71,99,25.3,24
19-06-2025,PHC010,MED002,489,65,97,21,23
20-06-2025,PHC010,MED002,440,49,78,22.8,15
21-06-2025,PHC010,MED002,355,85,115,29,25
22-06-2025,PHC010,MED002,269,86,118,30.4,23
23-06-2025,PHC010,MED002,213,56,95,21.3,25
24-06-2025,PHC010,MED002,857,67,104,34.9,22
25-06-2025,PHC010,MED002,787,70,120,32.2,29
26-06-2025,PHC010,MED002,731,56,92,29.8,25
27-06-2025,PHC010,MED002,663,68,115,22.7,29
28-06-2025,PHC010,MED002,569,94,128,23,32
29-06-2025,PHC010,MED002,475,94,140,30.3,27
01-01-2025,PHC010,MED003,526,42,104,26.2,26
02-01-2025,PHC010,MED003,492,34,70,31.7,7
03-01-2025,PHC010,MED003,462,30,65,25.1,18
04-01-2025,PHC010,MED003,408,54,103,29.3,23
05-01-2025,PHC010,MED003,346,62,118,34.4,30
06-01-2025,PHC010,MED003,306,40,102,25.4,27
07-01-2025,PHC010,MED003,262,44,93,33.5,20
08-01-2025,PHC010,MED003,217,45,110,23.5,23
09-01-2025,PHC010,MED003,167,50,113,31.3,30
10-01-2025,PHC010,MED003,131,36,104,23.1,20
11-01-2025,PHC010,MED003,771,42,89,24.7,9
12-01-2025,PHC010,MED003,729,42,97,22.1,25
13-01-2025,PHC010,MED003,693,36,93,32,28
14-01-2025,PHC010,MED003,647,46,100,29.5,24
15-01-2025,PHC010,MED003,604,43,113,24.6,34
16-01-2025,PHC010,MED003,556,48,93,34.7,32
17-01-2025,PHC010,MED003,498,58,112,23.7,26
18-01-2025,PHC010,MED003,440,58,106,33.4,16
19-01-2025,PHC010,MED003,380,60,103,28.7,26
20-01-2025,PHC010,MED003,346,34,100,25.2,30
21-01-2025,PHC010,MED003,306,40,89,31.1,19
22-01-2025,PHC010,MED003,274,32,79,31.5,15
23-01-2025,PHC010,MED003,237,37,103,28.1,31
24-01-2025,PHC010,MED003,199,38,88,30,20
25-01-2025,PHC010,MED003,477,64,117,34.4,23
26-01-2025,PHC010,MED003,421,56,95,29.4,17
27-01-2025,PHC010,MED003,373,48,115,28.8,31
28-01-2025,PHC010,MED003,323,50,119,24.5,27
29-01-2025,PHC010,MED003,282,41,93,23.6,27
30-01-2025,PHC010,MED003,238,44,92,24.5,27
31-01-2025,PHC010,MED003,198,40,110,32.8,35
01-02-2025,PHC010,MED003,847,54,105,33.4,23
02-02-2025,PHC010,MED003,791,56,126,31.4,34
03-02-2025,PHC010,MED003,753,38,85,24.5,31
04-02-2025,PHC010,MED003,717,36,89,34,22
05-02-2025,PHC010,MED003,681,36,84,34.3,12
06-02-2025,PHC010,MED003,633,48,114,33.6,23
07-02-2025,PHC010,MED003,601,32,89,26.9,19
08-02-2025,PHC010,MED003,546,55,111,29.5,26
09-02-2025,PHC010,MED003,475,71,131,21.6,26
10-02-2025,PHC010,MED003,435,40,111,20.2,32
11-02-2025,PHC010,MED003,402,33,95,25.8,26
12-02-2025,PHC010,MED003,366,36,91,32.6,28
13-02-2025,PHC010,MED003,320,46,94,33.8,26
14-02-2025,PHC010,MED003,269,51,115,31.4,21
15-02-2025,PHC010,MED003,227,42,90,21.4,26
16-02-2025,PHC010,MED003,186,41,104,33.6,27
17-02-2025,PHC010,MED003,786,54,116,27,33
18-02-2025,PHC010,MED003,747,39,80,30.2,28
19-02-2025,PHC010,MED003,705,42,101,24.5,19
20-02-2025,PHC010,MED003,658,47,104,34,26
21-02-2025,PHC010,MED003,615,43,105,33.2,23
22-02-2025,PHC010,MED003,561,54,98,21.7,31
23-02-2025,PHC010,MED003,512,49,102,22.8,21
24-02-2025,PHC010,MED003,466,46,115,34,36
25-02-2025,PHC010,MED003,426,40,92,21.9,21
26-02-2025,PHC010,MED003,385,41,114,26.4,26
27-02-2025,PHC010,MED003,352,33,81,31.4,25
28-02-2025,PHC010,MED003,310,42,108,28.3,22
01-03-2025,PHC010,MED003,263,47,104,34.9,29
02-03-2025,PHC010,MED003,211,52,107,26.4,24
03-03-2025,PHC010,MED003,166,45,107,30.6,25
04-03-2025,PHC010,MED003,135,31,70,34.8,24
05-03-2025,PHC010,MED003,511,44,106,23.8,24
06-03-2025,PHC010,MED003,478,33,101,27.2,25
07-03-2025,PHC010,MED003,433,45,112,25.9,28
08-03-2025,PHC010,MED003,361,72,132,21.4,31
09-03-2025,PHC010,MED003,305,56,81,29.8,20
10-03-2025,PHC010,MED003,261,44,101,25.2,21
11-03-2025,PHC010,MED003,224,37,92,20.2,23
12-03-2025,PHC010,MED003,182,42,99,23.1,29
13-03-2025,PHC010,MED003,145,37,76,24.3,14
14-03-2025,PHC010,MED003,404,45,95,32,17
15-03-2025,PHC010,MED003,359,45,108,23.3,31
16-03-2025,PHC010,MED003,305,54,107,20.3,21
17-03-2025,PHC010,MED003,271,34,81,24.6,12
18-03-2025,PHC010,MED003,236,35,88,31.2,17
19-03-2025,PHC010,MED003,180,56,114,26.2,29
20-03-2025,PHC010,MED003,927,52,107,31.3,30
21-03-2025,PHC010,MED003,887,40,94,26.4,16
22-03-2025,PHC010,MED003,848,39,118,28.7,22
23-03-2025,PHC010,MED003,795,53,106,28.4,33
24-03-2025,PHC010,MED003,748,47,100,30,31
25-03-2025,PHC010,MED003,707,41,96,31.4,22
26-03-2025,PHC010,MED003,672,35,67,20.5,18
27-03-2025,PHC010,MED003,631,41,85,25.9,16
28-03-2025,PHC010,MED003,597,34,90,27.2,15
29-03-2025,PHC010,MED003,527,70,107,24.9,33
30-03-2025,PHC010,MED003,471,56,94,22.9,23
31-03-2025,PHC010,MED003,428,43,91,30,25
01-04-2025,PHC010,MED003,396,32,85,32.5,36
02-04-2025,PHC010,MED003,359,37,94,31.1,21
03-04-2025,PHC010,MED003,326,33,89,23.8,19
04-04-2025,PHC010,MED003,273,53,118,26.2,22
05-04-2025,PHC010,MED003,211,62,117,25.1,23
06-04-2025,PHC010,MED003,173,38,82,26,20
07-04-2025,PHC010,MED003,632,44,88,31.8,22
08-04-2025,PHC010,MED003,579,53,114,32.8,26
09-04-2025,PHC010,MED003,546,33,88,21.1,28
10-04-2025,PHC010,MED003,501,45,115,27.6,23
11-04-2025,PHC010,MED003,446,55,120,33.6,23
12-04-2025,PHC010,MED003,394,52,111,26.2,23
13-04-2025,PHC010,MED003,350,44,97,30.9,22
14-04-2025,PHC010,MED003,303,47,101,27.6,21
15-04-2025,PHC010,MED003,243,60,131,30.5,32
16-04-2025,PHC010,MED003,214,29,79,29.8,23
17-04-2025,PHC010,MED003,166,48,88,32.2,15
18-04-2025,PHC010,MED003,138,28,69,24,11
19-04-2025,PHC010,MED003,541,60,109,32.8,24
20-04-2025,PHC010,MED003,495,46,85,34.8,12
21-04-2025,PHC010,MED003,446,49,97,33.2,22
22-04-2025,PHC010,MED003,406,40,84,20.2,14
23-04-2025,PHC010,MED003,358,48,91,20.5,12
24-04-2025,PHC010,MED003,330,28,75,30.8,16
25-04-2025,PHC010,MED003,286,44,93,22.1,17
26-04-2025,PHC010,MED003,220,66,130,25.5,41
27-04-2025,PHC010,MED003,744,72,126,22.8,28
28-04-2025,PHC010,MED003,717,27,62,29.6,15
29-04-2025,PHC010,MED003,670,47,108,28.4,27
30-04-2025,PHC010,MED003,621,49,103,28,31
01-05-2025,PHC010,MED003,567,54,110,20,27
02-05-2025,PHC010,MED003,525,42,118,30.7,38
03-05-2025,PHC010,MED003,477,48,89,34.2,20
04-05-2025,PHC010,MED003,418,59,129,32.8,27
05-05-2025,PHC010,MED003,376,42,84,22.5,22
06-05-2025,PHC010,MED003,327,49,96,27.5,25
07-05-2025,PHC010,MED003,273,54,108,26.3,26
08-05-2025,PHC010,MED003,236,37,94,25.2,16
09-05-2025,PHC010,MED003,195,41,86,32.1,17
10-05-2025,PHC010,MED003,157,38,83,20.5,15
11-05-2025,PHC010,MED003,775,53,106,23,35
12-05-2025,PHC010,MED003,733,42,108,31.1,21
13-05-2025,PHC010,MED003,706,27,69,33.4,29
14-05-2025,PHC010,MED003,673,33,79,20.8,27
15-05-2025,PHC010,MED003,637,36,70,26.4,27
16-05-2025,PHC010,MED003,572,65,114,22,21
17-05-2025,PHC010,MED003,526,46,100,32.6,23
18-05-2025,PHC010,MED003,469,57,114,33.4,37
19-05-2025,PHC010,MED003,434,35,86,27.7,15
20-05-2025,PHC010,MED003,386,48,121,32.5,31
21-05-2025,PHC010,MED003,349,37,80,31,16
22-05-2025,PHC010,MED003,307,42,95,33.3,22
23-05-2025,PHC010,MED003,263,44,103,27.6,26
24-05-2025,PHC010,MED003,206,57,121,29.5,37
25-05-2025,PHC010,MED003,744,55,106,32.7,22
26-05-2025,PHC010,MED003,707,37,83,29.1,19
27-05-2025,PHC010,MED003,657,50,99,28,26
28-05-2025,PHC010,MED003,615,42,89,21.6,25
29-05-2025,PHC010,MED003,571,44,107,21.9,25
30-05-2025,PHC010,MED003,542,29,75,25.4,14
31-05-2025,PHC010,MED003,490,52,113,33.5,29
01-06-2025,PHC010,MED003,438,52,99,31.2,22
02-06-2025,PHC010,MED003,400,38,85,28.7,19
03-06-2025,PHC010,MED003,362,38,97,31.1,17
04-06-2025,PHC010,MED003,331,31,73,23.4,13
05-06-2025,PHC010,MED003,297,34,82,26.3,15
06-06-2025,PHC010,MED003,274,23,65,20.5,18
07-06-2025,PHC010,MED003,237,37,87,34.1,25
08-06-2025,PHC010,MED003,478,67,130,33.4,26
09-06-2025,PHC010,MED003,453,25,66,32.3,12
10-06-2025,PHC010,MED003,419,34,83,26.9,21
11-06-2025,PHC010,MED003,362,57,116,27.7,31
12-06-2025,PHC010,MED003,328,34,86,31.3,23
13-06-2025,PHC010,MED003,301,27,75,30.6,25
14-06-2025,PHC010,MED003,241,60,118,23.6,37
15-06-2025,PHC010,MED003,757,66,109,28.4,35
16-06-2025,PHC010,MED003,711,46,89,32.4,25
17-06-2025,PHC010,MED003,663,48,110,26.6,25
18-06-2025,PHC010,MED003,643,20,66,27.4,19
19-06-2025,PHC010,MED003,619,24,69,28.4,19
20-06-2025,PHC010,MED003,584,35,73,33.1,12
21-06-2025,PHC010,MED003,531,53,111,24.8,42
22-06-2025,PHC010,MED003,477,54,104,27.6,26
23-06-2025,PHC010,MED003,440,37,84,26.3,20
24-06-2025,PHC010,MED003,409,31,81,27.2,24
25-06-2025,PHC010,MED003,366,43,81,29.9,19
26-06-2025,PHC010,MED003,324,42,99,31.3,28
27-06-2025,PHC010,MED003,277,47,95,26.2,18
28-06-2025,PHC010,MED003,209,68,129,21.4,29
29-06-2025,PHC010,MED003,824,53,94,25.3,15
01-01-2025,PHC010,MED004,754,53,106,32.2,25
02-01-2025,PHC010,MED004,719,35,77,30.8,23
03-01-2025,PHC010,MED004,683,36,73,28.6,8
04-01-2025,PHC010,MED004,626,57,110,31.4,15
05-01-2025,PHC010,MED004,570,56,113,31,29
06-01-2025,PHC010,MED004,514,56,95,21.1,24
07-01-2025,PHC010,MED004,469,45,81,26.3,21
08-01-2025,PHC010,MED004,423,46,92,33,27
09-01-2025,PHC010,MED004,375,48,95,29.1,23
10-01-2025,PHC010,MED004,320,55,117,23.4,39
11-01-2025,PHC010,MED004,279,41,86,22.7,24
12-01-2025,PHC010,MED004,216,63,109,29.4,23
13-01-2025,PHC010,MED004,175,41,93,25.7,12
14-01-2025,PHC010,MED004,148,27,66,23.7,17
15-01-2025,PHC010,MED004,113,35,71,22.1,10
16-01-2025,PHC010,MED004,544,41,77,33.2,16
17-01-2025,PHC010,MED004,504,40,88,34.1,12
18-01-2025,PHC010,MED004,450,54,96,29.6,23
19-01-2025,PHC010,MED004,383,67,120,34.9,17
20-01-2025,PHC010,MED004,352,31,61,30,10
21-01-2025,PHC010,MED004,300,52,93,22.4,18
22-01-2025,PHC010,MED004,262,38,86,26.9,17
23-01-2025,PHC010,MED004,211,51,92,30.9,17
24-01-2025,PHC010,MED004,726,69,122,23.1,31
25-01-2025,PHC010,MED004,679,47,81,27,33
26-01-2025,PHC010,MED004,637,42,82,21.4,18
27-01-2025,PHC010,MED004,588,49,103,21.8,25
28-01-2025,PHC010,MED004,546,42,87,31.6,18
29-01-2025,PHC010,MED004,499,47,91,34.4,19
30-01-2025,PHC010,MED004,455,44,111,31.5,24
31-01-2025,PHC010,MED004,419,36,99,23.6,22
01-02-2025,PHC010,MED004,365,54,93,24.1,28
02-02-2025,PHC010,MED004,305,60,104,28.1,27
03-02-2025,PHC010,MED004,256,49,109,23.6,16
04-02-2025,PHC010,MED004,214,42,93,33.4,23
05-02-2025,PHC010,MED004,673,61,102,27.6,28
06-02-2025,PHC010,MED004,638,35,80,24.5,20
07-02-2025,PHC010,MED004,595,43,85,28.2,12
08-02-2025,PHC010,MED004,540,55,96,26.4,27
09-02-2025,PHC010,MED004,490,50,88,22.9,19
10-02-2025,PHC010,MED004,453,37,98,20.9,15
11-02-2025,PHC010,MED004,397,56,108,25.8,21
12-02-2025,PHC010,MED004,339,58,103,26.6,24
13-02-2025,PHC010,MED004,303,36,100,22.6,30
14-02-2025,PHC010,MED004,260,43,102,25.4,25
15-02-2025,PHC010,MED004,207,53,114,25.9,30
16-02-2025,PHC010,MED004,438,77,128,25.9,28
17-02-2025,PHC010,MED004,394,44,98,20.6,26
18-02-2025,PHC010,MED004,356,38,69,34.5,18
19-02-2025,PHC010,MED004,295,61,114,33.4,28
20-02-2025,PHC010,MED004,252,43,92,32.4,24
21-02-2025,PHC010,MED004,190,62,124,29.5,24
22-02-2025,PHC010,MED004,159,31,57,23.8,21
23-02-2025,PHC010,MED004,433,57,99,34.1,26
24-02-2025,PHC010,MED004,388,45,88,25.8,14
25-02-2025,PHC010,MED004,324,64,108,22.2,30
26-02-2025,PHC010,MED004,279,45,89,24.6,31
27-02-2025,PHC010,MED004,236,43,94,33.7,19
28-02-2025,PHC010,MED004,186,50,102,22.4,21
01-03-2025,PHC010,MED004,702,53,105,27.7,29
02-03-2025,PHC010,MED004,645,57,104,31,26
03-03-2025,PHC010,MED004,620,25,69,22.7,16
04-03-2025,PHC010,MED004,575,45,92,26.3,23
05-03-2025,PHC010,MED004,523,52,94,23,22
06-03-2025,PHC010,MED004,477,46,103,33.6,19
07-03-2025,PHC010,MED004,446,31,62,21.1,18
08-03-2025,PHC010,MED004,386,60,122,27.4,31
09-03-2025,PHC010,MED004,326,60,104,32.7,14
10-03-2025,PHC010,MED004,271,55,97,25.2,25
11-03-2025,PHC010,MED004,229,42,70,31.6,15
12-03-2025,PHC010,MED004,190,39,81,31.1,18
13-03-2025,PHC010,MED004,145,45,91,33.9,24
14-03-2025,PHC010,MED004,745,38,84,29.2,13
15-03-2025,PHC010,MED004,701,44,114,29.6,20
16-03-2025,PHC010,MED004,634,67,107,26.5,17
17-03-2025,PHC010,MED004,579,55,104,23,26
18-03-2025,PHC010,MED004,529,50,112,23.8,33
19-03-2025,PHC010,MED004,477,52,87,22.6,21
20-03-2025,PHC010,MED004,421,56,120,30.4,25
21-03-2025,PHC010,MED004,362,59,118,31.7,29
22-03-2025,PHC010,MED004,319,43,85,28.2,20
23-03-2025,PHC010,MED004,244,75,125,35,37
24-03-2025,PHC010,MED004,200,44,89,26.6,24
25-03-2025,PHC010,MED004,154,46,94,29.1,26
26-03-2025,PHC010,MED004,513,57,113,32.8,39
27-03-2025,PHC010,MED004,475,38,76,31.2,21
28-03-2025,PHC010,MED004,432,43,85,29,19
29-03-2025,PHC010,MED004,366,66,119,25.5,37
30-03-2025,PHC010,MED004,307,59,107,23.8,23
31-03-2025,PHC010,MED004,258,49,99,27.6,31
01-04-2025,PHC010,MED004,202,56,92,33.7,24
02-04-2025,PHC010,MED004,169,33,81,25.9,23
03-04-2025,PHC010,MED004,808,48,93,28.9,29
04-04-2025,PHC010,MED004,749,59,113,22.9,24
05-04-2025,PHC010,MED004,678,71,126,29.6,30
06-04-2025,PHC010,MED004,623,55,96,21.9,20
07-04-2025,PHC010,MED004,585,38,83,32.2,15
08-04-2025,PHC010,MED004,550,35,98,27.7,30
09-04-2025,PHC010,MED004,508,42,86,28.8,21
10-04-2025,PHC010,MED004,464,44,87,27.3,24
11-04-2025,PHC010,MED004,413,51,110,27.2,31
12-04-2025,PHC010,MED004,354,59,124,30.4,28
13-04-2025,PHC010,MED004,304,50,90,23.8,23
14-04-2025,PHC010,MED004,265,39,90,27.9,21
15-04-2025,PHC010,MED004,217,48,111,33.7,22
16-04-2025,PHC010,MED004,176,41,91,27.2,30
17-04-2025,PHC010,MED004,535,53,97,26.1,17
18-04-2025,PHC010,MED004,487,48,88,31.5,15
19-04-2025,PHC010,MED004,411,76,123,23.9,23
20-04-2025,PHC010,MED004,342,69,123,27.8,27
21-04-2025,PHC010,MED004,286,56,99,25.3,31
22-04-2025,PHC010,MED004,255,31,73,24.2,15
23-04-2025,PHC010,MED004,211,44,87,31.6,27
24-04-2025,PHC010,MED004,955,54,95,24.9,16
25-04-2025,PHC010,MED004,916,39,86,33.8,22
26-04-2025,PHC010,MED004,851,65,114,30,26
27-04-2025,PHC010,MED004,777,74,116,27,30
28-04-2025,PHC010,MED004,718,59,99,21,24
29-04-2025,PHC010,MED004,670,48,84,33.3,25
30-04-2025,PHC010,MED004,612,58,117,29.2,32
01-05-2025,PHC010,MED004,557,55,131,31.4,33
02-05-2025,PHC010,MED004,499,58,109,32.7,32
03-05-2025,PHC010,MED004,425,74,129,34.7,34
04-05-2025,PHC010,MED004,360,65,126,23.6,26
05-05-2025,PHC010,MED004,322,38,92,21.3,21
06-05-2025,PHC010,MED004,288,34,80,34.7,22
07-05-2025,PHC010,MED004,251,37,91,30.1,28
08-05-2025,PHC010,MED004,217,34,69,34.3,25
09-05-2025,PHC010,MED004,867,71,135,26.9,37
10-05-2025,PHC010,MED004,825,42,113,25,31
11-05-2025,PHC010,MED004,763,62,91,29.1,23
12-05-2025,PHC010,MED004,718,45,113,23.8,23
13-05-2025,PHC010,MED004,685,33,88,33.5,24
14-05-2025,PHC010,MED004,649,36,86,27.8,11
15-05-2025,PHC010,MED004,610,39,93,21.6,19
16-05-2025,PHC010,MED004,577,33,59,24.2,12
17-05-2025,PHC010,MED004,512,65,111,30.7,33
18-05-2025,PHC010,MED004,458,54,113,27.6,25
19-05-2025,PHC010,MED004,429,29,79,30.2,12
20-05-2025,PHC010,MED004,378,51,109,27.6,23
21-05-2025,PHC010,MED004,327,51,100,24.6,29
22-05-2025,PHC010,MED004,281,46,95,35,19
23-05-2025,PHC010,MED004,225,56,107,34,24
24-05-2025,PHC010,MED004,877,73,113,22.4,25
25-05-2025,PHC010,MED004,798,79,144,32.6,41
26-05-2025,PHC010,MED004,760,38,90,29.4,27
27-05-2025,PHC010,MED004,703,57,104,33.7,21
28-05-2025,PHC010,MED004,649,54,110,33.2,26
29-05-2025,PHC010,MED004,595,54,112,21.5,28
30-05-2025,PHC010,MED004,560,35,72,25.5,13
31-05-2025,PHC010,MED004,509,51,97,30.6,25
01-06-2025,PHC010,MED004,440,69,124,24.8,28
02-06-2025,PHC010,MED004,412,28,57,20.3,8
03-06-2025,PHC010,MED004,377,35,79,28.2,16
04-06-2025,PHC010,MED004,328,49,99,31.2,23
05-06-2025,PHC010,MED004,286,42,93,26.7,23
06-06-2025,PHC010,MED004,244,42,86,31.6,23
07-06-2025,PHC010,MED004,870,67,107,20.6,15
08-06-2025,PHC010,MED004,806,64,125,28.8,30
09-06-2025,PHC010,MED004,768,38,92,33.5,22
10-06-2025,PHC010,MED004,722,46,93,26.8,18
11-06-2025,PHC010,MED004,672,50,105,28.6,34
12-06-2025,PHC010,MED004,619,53,93,33,20
13-06-2025,PHC010,MED004,568,51,113,22.9,33
14-06-2025,PHC010,MED004,511,57,90,33.2,26
15-06-2025,PHC010,MED004,454,57,107,32.5,32
16-06-2025,PHC010,MED004,398,56,105,34.1,19
17-06-2025,PHC010,MED004,364,34,91,33.7,17
18-06-2025,PHC010,MED004,315,49,100,34.6,21
19-06-2025,PHC010,MED004,279,36,85,31.9,17
20-06-2025,PHC010,MED004,240,39,87,21.8,16
21-06-2025,PHC010,MED004,941,74,129,27.1,39
22-06-2025,PHC010,MED004,873,68,108,20.9,27
23-06-2025,PHC010,MED004,830,43,87,24.4,23
24-06-2025,PHC010,MED004,779,51,95,30.2,25
25-06-2025,PHC010,MED004,732,47,80,20,25
26-06-2025,PHC010,MED004,672,60,100,26.7,26
27-06-2025,PHC010,MED004,624,48,92,23.2,17
28-06-2025,PHC010,MED004,560,64,109,33.1,27
29-06-2025,PHC010,MED004,506,54,98,30.8,23
01-01-2025,PHC010,MED005,1407,31,106,27.7,27
02-01-2025,PHC010,MED005,1384,23,81,22,19
03-01-2025,PHC010,MED005,1345,39,113,26.6,20
04-01-2025,PHC010,MED005,1298,47,118,29.6,29
05-01-2025,PHC010,MED005,1252,46,127,24.8,31
06-01-2025,PHC010,MED005,1218,34,108,26.3,28
07-01-2025,PHC010,MED005,1183,35,100,27,20
08-01-2025,PHC010,MED005,1158,25,88,26.5,17
09-01-2025,PHC010,MED005,1121,37,116,21.6,30
10-01-2025,PHC010,MED005,1096,25,71,25.9,26
11-01-2025,PHC010,MED005,1046,50,118,30.5,31
12-01-2025,PHC010,MED005,1008,38,95,31.9,25
13-01-2025,PHC010,MED005,984,24,80,30.7,11
14-01-2025,PHC010,MED005,949,35,104,20.1,30
15-01-2025,PHC010,MED005,921,28,95,24.2,30
16-01-2025,PHC010,MED005,898,23,78,28.5,17
17-01-2025,PHC010,MED005,859,39,95,22.5,27
18-01-2025,PHC010,MED005,822,37,102,30,30
19-01-2025,PHC010,MED005,787,35,87,23.6,29
20-01-2025,PHC010,MED005,753,34,93,21.7,21
21-01-2025,PHC010,MED005,727,26,74,32.9,24
22-01-2025,PHC010,MED005,707,20,60,25,11
23-01-2025,PHC010,MED005,678,29,83,24.7,24
24-01-2025,PHC010,MED005,651,27,94,34.7,22
25-01-2025,PHC010,MED005,590,61,146,22.3,37
26-01-2025,PHC010,MED005,543,47,106,32,21
27-01-2025,PHC010,MED005,506,37,91,22.9,25
28-01-2025,PHC010,MED005,484,22,85,28.2,28
29-01-2025,PHC010,MED005,459,25,85,34,22
30-01-2025,PHC010,MED005,430,29,86,26.5,24
31-01-2025,PHC010,MED005,395,35,115,25,30
01-02-2025,PHC010,MED005,349,46,119,28.8,21
02-02-2025,PHC010,MED005,306,43,108,25.4,19
03-02-2025,PHC010,MED005,280,26,86,25,24
04-02-2025,PHC010,MED005,234,46,132,26.8,38
05-02-2025,PHC010,MED005,186,48,118,27.9,29
06-02-2025,PHC010,MED005,155,31,99,34.9,24
07-02-2025,PHC010,MED005,120,35,98,31.4,25
08-02-2025,PHC010,MED005,850,38,89,21.2,26
09-02-2025,PHC010,MED005,799,51,126,22.3,27
10-02-2025,PHC010,MED005,755,44,112,31.9,35
11-02-2025,PHC010,MED005,727,28,79,21.4,27
12-02-2025,PHC010,MED005,689,38,101,27.9,25
13-02-2025,PHC010,MED005,651,38,106,28,20
14-02-2025,PHC010,MED005,606,45,121,29,32
15-02-2025,PHC010,MED005,562,44,105,24.5,17
16-02-2025,PHC010,MED005,523,39,91,29.7,13
17-02-2025,PHC010,MED005,506,17,65,27.7,20
18-02-2025,PHC010,MED005,486,20,59,23.7,15
19-02-2025,PHC010,MED005,460,26,75,32.1,24
20-02-2025,PHC010,MED005,424,36,92,32.8,22
21-02-2025,PHC010,MED005,396,28,84,22.9,17
22-02-2025,PHC010,MED005,346,50,102,25.1,34
23-02-2025,PHC010,MED005,295,51,113,20.7,34
24-02-2025,PHC010,MED005,268,27,67,23.3,25
25-02-2025,PHC010,MED005,240,28,89,32,24
26-02-2025,PHC010,MED005,211,29,75,34.4,14
27-02-2025,PHC010,MED005,198,13,34,28.5,14
28-02-2025,PHC010,MED005,169,29,66,34.4,21
01-03-2025,PHC010,MED005,128,41,123,34.4,38
02-03-2025,PHC010,MED005,747,51,120,22.2,22
03-03-2025,PHC010,MED005,717,30,109,33,26
04-03-2025,PHC010,MED005,687,30,86,26.9,23
05-03-2025,PHC010,MED005,668,19,74,24,22
06-03-2025,PHC010,MED005,628,40,113,29,23
07-03-2025,PHC010,MED005,603,25,81,23.7,22
08-03-2025,PHC010,MED005,563,40,133,31.2,37
09-03-2025,PHC010,MED005,503,60,136,33.1,29
10-03-2025,PHC010,MED005,469,34,94,27.4,18
11-03-2025,PHC010,MED005,442,27,80,34.7,20
12-03-2025,PHC010,MED005,414,28,73,24.5,11
13-03-2025,PHC010,MED005,388,26,85,21.5,21
14-03-2025,PHC010,MED005,352,36,93,25.8,24
15-03-2025,PHC010,MED005,318,34,91,31.9,18
16-03-2025,PHC010,MED005,277,41,113,23.4,30
17-03-2025,PHC010,MED005,238,39,95,34.7,22
18-03-2025,PHC010,MED005,201,37,106,21.4,24
19-03-2025,PHC010,MED005,159,42,100,25.5,27
20-03-2025,PHC010,MED005,124,35,107,27.4,19
21-03-2025,PHC010,MED005,645,37,107,24.8,25
22-03-2025,PHC010,MED005,597,48,111,33.3,31
23-03-2025,PHC010,MED005,543,54,110,24.2,26
24-03-2025,PHC010,MED005,509,34,107,27.7,32
25-03-2025,PHC010,MED005,472,37,108,20.2,20
26-03-2025,PHC010,MED005,441,31,82,29.2,17
27-03-2025,PHC010,MED005,406,35,113,34.3,20
28-03-2025,PHC010,MED005,378,28,85,23.6,22
29-03-2025,PHC010,MED005,331,47,106,33.6,28
30-03-2025,PHC010,MED005,290,41,115,31.1,31
31-03-2025,PHC010,MED005,277,13,38,27.1,16
01-04-2025,PHC010,MED005,251,26,70,34.3,14
02-04-2025,PHC010,MED005,214,37,126,22,40
03-04-2025,PHC010,MED005,178,36,87,26.8,21
04-04-2025,PHC010,MED005,138,40,113,25.4,22
05-04-2025,PHC010,MED005,627,43,114,25.8,27
06-04-2025,PHC010,MED005,587,40,95,23.2,24
07-04-2025,PHC010,MED005,550,37,119,29.6,35
08-04-2025,PHC010,MED005,525,25,74,34.2,21
09-04-2025,PHC010,MED005,491,34,93,27.9,20
10-04-2025,PHC010,MED005,468,23,72,29.6,27
11-04-2025,PHC010,MED005,433,35,105,27.3,22
12-04-2025,PHC010,MED005,400,33,91,20.8,21
13-04-2025,PHC010,MED005,358,42,113,33.1,27
14-04-2025,PHC010,MED005,320,38,112,27,24
15-04-2025,PHC010,MED005,296,24,79,31.9,17
16-04-2025,PHC010,MED005,274,22,81,31.3,18
17-04-2025,PHC010,MED005,243,31,87,34,19
18-04-2025,PHC010,MED005,208,35,90,34.1,19
19-04-2025,PHC010,MED005,161,47,116,25.4,31
20-04-2025,PHC010,MED005,130,31,90,23.8,23
21-04-2025,PHC010,MED005,666,33,81,22.5,21
22-04-2025,PHC010,MED005,630,36,110,21.5,29
23-04-2025,PHC010,MED005,585,45,110,26.5,24
24-04-2025,PHC010,MED005,548,37,99,32.4,26
25-04-2025,PHC010,MED005,520,28,89,28.1,16
26-04-2025,PHC010,MED005,478,42,107,31.2,27
27-04-2025,PHC010,MED005,445,33,99,33.5,19
28-04-2025,PHC010,MED005,422,23,71,30,18
29-04-2025,PHC010,MED005,384,38,97,31.3,20
30-04-2025,PHC010,MED005,356,28,98,23.7,22
01-05-2025,PHC010,MED005,331,25,78,23.6,16
02-05-2025,PHC010,MED005,303,28,89,24.7,33
03-05-2025,PHC010,MED005,262,41,121,30,32
04-05-2025,PHC010,MED005,221,41,92,26.7,20
05-05-2025,PHC010,MED005,194,27,72,21,20
06-05-2025,PHC010,MED005,166,28,93,26.2,24
07-05-2025,PHC010,MED005,130,36,120,33,25
08-05-2025,PHC010,MED005,465,34,115,31.8,29
09-05-2025,PHC010,MED005,437,28,92,30.7,21
10-05-2025,PHC010,MED005,382,55,121,34.4,31
11-05-2025,PHC010,MED005,341,41,127,26.9,33
12-05-2025,PHC010,MED005,305,36,94,27.6,28
13-05-2025,PHC010,MED005,275,30,96,32.5,19
14-05-2025,PHC010,MED005,235,40,130,30.2,42
15-05-2025,PHC010,MED005,214,21,72,28.3,14
16-05-2025,PHC010,MED005,190,24,73,28.3,18
17-05-2025,PHC010,MED005,149,41,105,20.5,25
18-05-2025,PHC010,MED005,117,32,98,28.9,27
19-05-2025,PHC010,MED005,90,27,83,24.8,23
20-05-2025,PHC010,MED005,369,42,106,31.3,26
21-05-2025,PHC010,MED005,343,26,80,21.5,17
22-05-2025,PHC010,MED005,322,21,72,20.1,20
23-05-2025,PHC010,MED005,294,28,89,25.3,15
24-05-2025,PHC010,MED005,258,36,77,27.3,18
25-05-2025,PHC010,MED005,220,38,98,33.1,18
26-05-2025,PHC010,MED005,192,28,74,29.9,14
27-05-2025,PHC010,MED005,157,35,73,23,11
28-05-2025,PHC010,MED005,118,39,107,27,28
29-05-2025,PHC010,MED005,771,35,93,29.8,21
30-05-2025,PHC010,MED005,742,29,85,34.2,25
31-05-2025,PHC010,MED005,713,29,86,30.2,23
01-06-2025,PHC010,MED005,677,36,108,22,34
02-06-2025,PHC010,MED005,645,32,101,28,17
03-06-2025,PHC010,MED005,615,30,94,30.6,23
04-06-2025,PHC010,MED005,594,21,76,23.9,15
05-06-2025,PHC010,MED005,566,28,97,22.7,19
06-06-2025,PHC010,MED005,541,25,56,26.2,13
07-06-2025,PHC010,MED005,509,32,91,24,18
08-06-2025,PHC010,MED005,481,28,83,34.7,27
09-06-2025,PHC010,MED005,457,24,83,31.9,17
10-06-2025,PHC010,MED005,419,38,113,26.9,23
11-06-2025,PHC010,MED005,394,25,84,26.3,21
12-06-2025,PHC010,MED005,363,31,87,34.8,18
13-06-2025,PHC010,MED005,334,29,96,34.8,24
14-06-2025,PHC010,MED005,292,42,120,22.2,27
15-06-2025,PHC010,MED005,256,36,122,27.3,29
16-06-2025,PHC010,MED005,224,32,92,34.5,23
17-06-2025,PHC010,MED005,202,22,69,30.3,15
18-06-2025,PHC010,MED005,179,23,86,26.9,18
19-06-2025,PHC010,MED005,135,44,117,34.1,22
20-06-2025,PHC010,MED005,103,32,99,23.9,29
21-06-2025,PHC010,MED005,420,37,82,34,21
22-06-2025,PHC010,MED005,372,48,109,32.9,22
23-06-2025,PHC010,MED005,344,28,87,28.7,20
24-06-2025,PHC010,MED005,314,30,95,21,17
25-06-2025,PHC010,MED005,287,27,85,35,25
26-06-2025,PHC010,MED005,250,37,107,25.9,28
27-06-2025,PHC010,MED005,220,30,86,21.2,26
28-06-2025,PHC010,MED005,177,43,107,26.9,32
29-06-2025,PHC010,MED005,154,23,69,33.1,15
