date,phc_id,medicine_id,stock,patient_footfall,temperature,disease_cases,day_of_week,month,lag_1,lag_7,rolling_mean_7,daily_consumption
2025-01-08,PHC001,MED001,590,119,33.8,27,2,1,97.0,121.0,126.14285714285714,113
2025-01-09,PHC001,MED001,463,125,29.4,33,3,1,113.0,113.0,125.0,127
2025-01-10,PHC001,MED001,360,105,29.9,26,4,1,127.0,115.0,127.0,103
2025-01-11,PHC001,MED001,730,138,32.8,20,5,1,103.0,158.0,125.28571428571429,162
2025-01-12,PHC001,MED001,609,121,25.6,27,6,1,162.0,145.0,125.85714285714286,121
2025-01-13,PHC001,MED001,509,117,34.0,33,0,1,121.0,134.0,122.42857142857143,100
2025-01-14,PHC001,MED001,400,98,22.5,28,1,1,100.0,97.0,117.57142857142857,109
2025-01-15,PHC001,MED001,336,81,29.6,30,2,1,109.0,113.0,119.28571428571429,64
2025-01-16,PHC001,MED001,252,106,23.4,31,3,1,64.0,127.0,112.28571428571429,84
2025-01-17,PHC001,MED001,869,127,24.0,32,4,1,84.0,103.0,106.14285714285714,131
2025-01-18,PHC001,MED001,699,166,27.5,40,5,1,131.0,162.0,110.14285714285714,170
2025-01-19,PHC001,MED001,1088,148,22.1,32,6,1,170.0,121.0,111.28571428571429,186
2025-01-20,PHC001,MED001,938,133,33.5,32,0,1,186.0,100.0,120.57142857142857,150
2025-01-21,PHC001,MED001,840,106,35.0,28,1,1,150.0,109.0,127.71428571428571,98
2025-01-22,PHC001,MED001,727,114,29.4,30,2,1,98.0,64.0,126.14285714285714,113
2025-01-23,PHC001,MED001,645,118,21.0,24,3,1,113.0,84.0,133.14285714285714,82
2025-01-24,PHC001,MED001,508,148,32.9,23,4,1,82.0,131.0,132.85714285714286,137
2025-01-25,PHC001,MED001,976,155,30.2,39,5,1,137.0,170.0,133.71428571428572,160
2025-01-26,PHC001,MED001,817,129,22.4,30,6,1,160.0,186.0,132.28571428571428,159
2025-01-27,PHC001,MED001,652,138,30.8,34,0,1,159.0,150.0,128.42857142857142,165
2025-01-28,PHC001,MED001,543,110,29.4,25,1,1,165.0,98.0,130.57142857142858,109
2025-01-29,PHC001,MED001,425,124,23.0,26,2,1,109.0,113.0,132.14285714285714,118
2025-01-30,PHC001,MED001,919,121,33.8,41,3,1,118.0,82.0,132.85714285714286,112
2025-01-31,PHC001,MED001,799,113,33.9,29,4,1,112.0,137.0,137.14285714285714,120
2025-02-01,PHC001,MED001,676,112,33.2,27,5,2,120.0,160.0,134.71428571428572,123
2025-02-02,PHC001,MED001,1196,137,27.3,33,6,2,123.0,159.0,129.42857142857142,172
2025-02-03,PHC001,MED001,1066,125,34.2,36,0,2,172.0,165.0,131.28571428571428,130
2025-02-04,PHC001,MED001,920,124,29.1,36,1,2,130.0,109.0,126.28571428571429,146
2025-02-05,PHC001,MED001,839,107,30.7,27,2,2,146.0,118.0,131.57142857142858,81
2025-02-06,PHC001,MED001,740,96,25.6,28,3,2,81.0,112.0,126.28571428571429,99
2025-02-07,PHC001,MED001,638,105,20.3,26,4,2,99.0,120.0,124.42857142857143,102
2025-02-08,PHC001,MED001,517,113,20.1,26,5,2,102.0,123.0,121.85714285714286,121
2025-02-09,PHC001,MED001,942,126,25.0,32,6,2,121.0,172.0,121.57142857142857,138
2025-02-10,PHC001,MED001,812,116,23.2,36,0,2,138.0,130.0,116.71428571428571,130
2025-02-11,PHC001,MED001,687,140,31.8,29,1,2,130.0,146.0,116.71428571428571,125
2025-02-12,PHC001,MED001,588,118,21.5,26,2,2,125.0,81.0,113.71428571428571,99
2025-02-13,PHC001,MED001,468,121,30.1,22,3,2,99.0,99.0,116.28571428571429,120
2025-02-14,PHC001,MED001,367,121,26.0,30,4,2,120.0,102.0,119.28571428571429,101
2025-02-15,PHC001,MED001,696,157,26.7,39,5,2,101.0,121.0,119.14285714285714,187
2025-02-16,PHC001,MED001,1251,138,33.1,39,6,2,187.0,138.0,128.57142857142858,183
2025-02-17,PHC001,MED001,1130,127,35.0,30,0,2,183.0,130.0,135.0,121
2025-02-18,PHC001,MED001,994,135,33.9,22,1,2,121.0,125.0,133.71428571428572,136
2025-02-19,PHC001,MED001,889,107,26.0,23,2,2,136.0,99.0,135.28571428571428,105
2025-02-20,PHC001,MED001,767,128,34.8,33,3,2,105.0,120.0,136.14285714285714,122
2025-02-21,PHC001,MED001,625,140,34.4,29,4,2,122.0,101.0,136.42857142857142,142
2025-02-22,PHC001,MED001,1240,151,30.8,37,5,2,142.0,187.0,142.28571428571428,180
2025-02-23,PHC001,MED001,1068,142,20.9,43,6,2,180.0,183.0,141.28571428571428,172
2025-02-24,PHC001,MED001,943,112,27.2,29,0,2,172.0,121.0,139.71428571428572,125
2025-02-25,PHC001,MED001,834,105,32.8,31,1,2,125.0,136.0,140.28571428571428,109
2025-02-26,PHC001,MED001,744,119,32.9,30,2,2,109.0,105.0,136.42857142857142,90
2025-02-27,PHC001,MED001,618,135,20.6,27,3,2,90.0,122.0,134.28571428571428,126
2025-02-28,PHC001,MED001,490,133,28.5,36,4,2,126.0,142.0,134.85714285714286,128
2025-03-01,PHC001,MED001,708,142,24.0,33,5,3,128.0,180.0,132.85714285714286,149
2025-03-02,PHC001,MED001,576,125,24.7,27,6,3,149.0,172.0,128.42857142857142,132
2025-03-03,PHC001,MED001,466,108,34.9,9,0,3,132.0,125.0,122.71428571428571,110
2025-03-04,PHC001,MED001,1076,124,24.0,32,1,3,110.0,109.0,120.57142857142857,140
2025-03-05,PHC001,MED001,973,102,26.6,25,2,3,140.0,90.0,125.0,103
2025-03-06,PHC001,MED001,874,102,34.8,24,3,3,103.0,126.0,126.85714285714286,99
2025-03-07,PHC001,MED001,796,97,34.0,21,4,3,99.0,128.0,123.0,78
2025-03-08,PHC001,MED001,603,156,24.0,45,5,3,78.0,149.0,115.85714285714286,193
2025-03-09,PHC001,MED001,468,116,23.2,31,6,3,193.0,132.0,122.14285714285714,135
2025-03-10,PHC001,MED001,381,102,32.8,31,0,3,135.0,110.0,122.57142857142857,87
2025-03-11,PHC001,MED001,1000,114,29.5,29,1,3,87.0,140.0,119.28571428571429,105
2025-03-12,PHC001,MED001,899,114,31.6,28,2,3,105.0,103.0,114.28571428571429,101
2025-03-13,PHC001,MED001,815,105,26.4,25,3,3,101.0,99.0,114.0,84
2025-03-14,PHC001,MED001,687,120,33.2,30,4,3,84.0,78.0,111.85714285714286,128
2025-03-15,PHC001,MED001,572,121,22.2,33,5,3,128.0,193.0,119.0,115
2025-03-16,PHC001,MED001,1167,140,33.5,38,6,3,115.0,135.0,107.85714285714286,165
2025-03-17,PHC001,MED001,1073,86,30.0,16,0,3,165.0,87.0,112.14285714285714,94
2025-03-18,PHC001,MED001,954,103,33.1,30,1,3,94.0,105.0,113.14285714285714,119
2025-03-19,PHC001,MED001,852,110,22.4,30,2,3,119.0,101.0,115.14285714285714,102
2025-03-20,PHC001,MED001,725,117,26.2,26,3,3,102.0,84.0,115.28571428571429,127
2025-03-21,PHC001,MED001,601,145,30.0,37,4,3,127.0,128.0,121.42857142857143,124
2025-03-22,PHC001,MED001,460,130,22.4,28,5,3,124.0,115.0,120.85714285714286,141
2025-03-23,PHC001,MED001,1094,117,23.0,34,6,3,141.0,165.0,124.57142857142857,136
2025-03-24,PHC001,MED001,994,102,31.9,26,0,3,136.0,94.0,120.42857142857143,100
2025-03-25,PHC001,MED001,866,118,33.0,31,1,3,100.0,119.0,121.28571428571429,128
2025-03-26,PHC001,MED001,776,126,29.6,30,2,3,128.0,102.0,122.57142857142857,90
2025-03-27,PHC001,MED001,647,139,21.7,23,3,3,90.0,127.0,120.85714285714286,129
2025-03-28,PHC001,MED001,524,124,34.4,30,4,3,129.0,124.0,121.14285714285714,123
2025-03-29,PHC001,MED001,962,139,24.7,27,5,3,123.0,141.0,121.0,172
2025-03-30,PHC001,MED001,800,139,33.5,34,6,3,172.0,136.0,125.42857142857143,162
2025-03-31,PHC001,MED001,675,118,32.1,23,0,3,162.0,100.0,129.14285714285714,125
2025-04-01,PHC001,MED001,579,101,31.1,14,1,4,125.0,128.0,132.71428571428572,96
2025-04-02,PHC001,MED001,471,129,29.3,42,2,4,96.0,90.0,128.14285714285714,108
2025-04-03,PHC001,MED001,388,110,33.5,25,3,4,108.0,129.0,130.71428571428572,83
2025-04-04,PHC001,MED001,664,113,28.3,24,4,4,83.0,123.0,124.14285714285714,122
2025-04-05,PHC001,MED001,543,100,30.2,30,5,4,122.0,172.0,124.0,121
2025-04-06,PHC001,MED001,842,120,20.0,28,6,4,121.0,162.0,116.71428571428571,147
2025-04-07,PHC001,MED001,736,121,29.1,38,0,4,147.0,125.0,114.57142857142857,106
2025-04-08,PHC001,MED001,631,129,31.9,29,1,4,106.0,96.0,111.85714285714286,105
2025-04-09,PHC001,MED001,506,138,29.9,32,2,4,105.0,108.0,113.14285714285714,125
2025-04-10,PHC001,MED001,383,136,34.3,32,3,4,125.0,83.0,115.57142857142857,123
2025-04-11,PHC001,MED001,815,115,32.1,33,4,4,123.0,122.0,121.28571428571429,111
2025-04-12,PHC001,MED001,687,135,26.8,27,5,4,111.0,121.0,119.71428571428571,128
2025-04-13,PHC001,MED001,542,146,30.8,32,6,4,128.0,147.0,120.71428571428571,145
2025-04-14,PHC001,MED001,1146,124,33.4,35,0,4,145.0,106.0,120.42857142857143,136
2025-04-15,PHC001,MED001,1021,115,26.4,26,1,4,136.0,105.0,124.71428571428571,125
2025-04-16,PHC001,MED001,879,148,23.7,35,2,4,125.0,125.0,127.57142857142857,142
2025-04-17,PHC001,MED001,781,124,32.0,26,3,4,142.0,123.0,130.0,98
2025-04-18,PHC001,MED001,720,76,33.4,8,4,4,98.0,111.0,126.42857142857143,61
2025-04-19,PHC001,MED001,585,113,27.6,23,5,4,61.0,128.0,119.28571428571429,135
2025-04-20,PHC001,MED001,472,115,27.1,35,6,4,135.0,145.0,120.28571428571429,113
2025-04-21,PHC001,MED001,359,114,29.6,32,0,4,113.0,136.0,115.71428571428571,113
2025-04-22,PHC001,MED001,272,96,21.2,21,1,4,113.0,125.0,112.42857142857143,87
2025-04-23,PHC001,MED001,587,112,24.8,31,2,4,87.0,142.0,107.0,103
2025-04-24,PHC001,MED001,472,112,23.2,25,3,4,103.0,98.0,101.42857142857143,115
2025-04-25,PHC001,MED001,848,103,27.0,28,4,4,115.0,61.0,103.85714285714286,123
2025-04-26,PHC001,MED001,701,142,30.4,40,5,4,123.0,135.0,112.71428571428571,147
2025-04-27,PHC001,MED001,1199,147,25.7,30,6,4,147.0,113.0,114.42857142857143,187
2025-04-28,PHC001,MED001,1066,115,32.5,20,0,4,187.0,113.0,125.0,133
2025-04-29,PHC001,MED001,965,91,32.0,20,1,4,133.0,87.0,127.85714285714286,101
2025-04-30,PHC001,MED001,846,104,25.8,25,2,4,101.0,103.0,129.85714285714286,119
2025-05-01,PHC001,MED001,740,101,30.9,17,3,5,119.0,115.0,132.14285714285714,106
2025-05-02,PHC001,MED001,663,86,33.6,27,4,5,106.0,123.0,130.85714285714286,77
2025-05-03,PHC001,MED001,569,113,21.3,24,5,5,77.0,147.0,124.28571428571429,94
2025-05-04,PHC001,MED001,934,145,24.9,37,6,5,94.0,187.0,116.71428571428571,167
2025-05-05,PHC001,MED001,839,102,25.7,32,0,5,167.0,133.0,113.85714285714286,95
2025-05-06,PHC001,MED001,755,86,20.3,21,1,5,95.0,101.0,108.42857142857143,84
2025-05-07,PHC001,MED001,713,52,25.2,7,2,5,84.0,119.0,106.0,42
2025-05-08,PHC001,MED001,640,93,34.2,18,3,5,42.0,106.0,95.0,73
2025-05-09,PHC001,MED001,519,115,22.3,29,4,5,73.0,77.0,90.28571428571429,121
2025-05-10,PHC001,MED001,1057,147,30.5,33,5,5,121.0,94.0,96.57142857142857,154
2025-05-11,PHC001,MED001,934,118,34.5,34,6,5,154.0,167.0,105.14285714285714,123
2025-05-12,PHC001,MED001,842,89,28.7,24,0,5,123.0,95.0,98.85714285714286,92
2025-05-13,PHC001,MED001,742,132,33.6,30,1,5,92.0,84.0,98.42857142857143,100
2025-05-14,PHC001,MED001,589,139,32.5,36,2,5,100.0,42.0,100.71428571428571,153
2025-05-15,PHC001,MED001,489,115,24.5,36,3,5,153.0,73.0,116.57142857142857,100
2025-05-16,PHC001,MED001,416,89,20.6,24,4,5,100.0,121.0,120.42857142857143,73
2025-05-17,PHC001,MED001,811,110,21.0,25,5,5,73.0,154.0,113.57142857142857,120
2025-05-18,PHC001,MED001,674,130,34.4,33,6,5,120.0,123.0,108.71428571428571,137
2025-05-19,PHC001,MED001,598,96,30.6,16,0,5,137.0,92.0,110.71428571428571,76
2025-05-20,PHC001,MED001,480,124,32.1,34,1,5,76.0,100.0,108.42857142857143,118
2025-05-21,PHC001,MED001,386,98,26.5,23,2,5,118.0,153.0,111.0,94
2025-05-22,PHC001,MED001,304,102,21.3,31,3,5,94.0,100.0,102.57142857142857,82
2025-05-23,PHC001,MED001,508,123,27.0,28,4,5,82.0,73.0,100.0,110
2025-05-24,PHC001,MED001,850,122,27.3,26,5,5,110.0,120.0,105.28571428571429,139
2025-05-25,PHC001,MED001,700,136,33.2,29,6,5,139.0,137.0,108.0,150
2025-05-26,PHC001,MED001,596,103,21.3,37,0,5,150.0,76.0,109.85714285714286,104
2025-05-27,PHC001,MED001,493,111,31.4,22,1,5,104.0,118.0,113.85714285714286,103
2025-05-28,PHC001,MED001,398,94,21.4,14,2,5,103.0,94.0,111.71428571428571,95
2025-05-29,PHC001,MED001,865,118,24.6,37,3,5,95.0,82.0,111.85714285714286,104
2025-05-30,PHC001,MED001,723,106,28.3,17,4,5,104.0,110.0,115.0,142
2025-05-31,PHC001,MED001,592,122,24.6,34,5,5,142.0,139.0,119.57142857142857,131
2025-06-01,PHC001,MED001,1052,155,34.3,35,6,6,131.0,150.0,118.42857142857143,193
2025-06-02,PHC001,MED001,949,118,27.3,32,0,6,193.0,104.0,124.57142857142857,103
2025-06-03,PHC001,MED001,882,74,21.5,14,1,6,103.0,103.0,124.42857142857143,67
2025-06-04,PHC001,MED001,757,118,22.7,32,2,6,67.0,95.0,119.28571428571429,125
2025-06-05,PHC001,MED001,614,116,28.3,26,3,6,125.0,104.0,123.57142857142857,143
2025-06-06,PHC001,MED001,535,112,33.0,25,4,6,143.0,142.0,129.14285714285714,79
2025-06-07,PHC001,MED001,795,133,26.6,28,5,6,79.0,131.0,120.14285714285714,134
2025-06-08,PHC001,MED001,635,143,32.9,34,6,6,134.0,193.0,120.57142857142857,160
2025-06-09,PHC001,MED001,523,118,30.3,22,0,6,160.0,103.0,115.85714285714286,112
2025-06-10,PHC001,MED001,976,130,34.2,39,1,6,112.0,67.0,117.14285714285714,132
2025-06-11,PHC001,MED001,881,120,31.9,30,2,6,132.0,125.0,126.42857142857143,95
2025-06-12,PHC001,MED001,795,117,26.8,35,3,6,95.0,143.0,122.14285714285714,86
2025-06-13,PHC001,MED001,677,125,29.3,35,4,6,86.0,79.0,114.0,118
2025-06-14,PHC001,MED001,551,112,34.2,22,5,6,118.0,134.0,119.57142857142857,126
2025-06-15,PHC001,MED001,742,141,22.6,33,6,6,126.0,160.0,118.42857142857143,147
2025-06-16,PHC001,MED001,627,123,30.3,35,0,6,147.0,112.0,116.57142857142857,115
2025-06-17,PHC001,MED001,505,115,32.9,27,1,6,115.0,132.0,117.0,122
2025-06-18,PHC001,MED001,380,124,24.0,32,2,6,122.0,95.0,115.57142857142857,125
2025-06-19,PHC001,MED001,295,95,21.7,24,3,6,125.0,86.0,119.85714285714286,85
2025-06-20,PHC001,MED001,884,116,24.0,31,4,6,85.0,118.0,119.71428571428571,116
2025-06-21,PHC001,MED001,702,136,28.5,31,5,6,116.0,126.0,119.42857142857143,182
2025-06-22,PHC001,MED001,568,130,30.3,35,6,6,182.0,147.0,127.42857142857143,134
2025-06-23,PHC001,MED001,489,80,21.2,14,0,6,134.0,115.0,125.57142857142857,79
2025-06-24,PHC001,MED001,1153,130,24.8,33,1,6,79.0,122.0,120.42857142857143,128
2025-06-25,PHC001,MED001,1059,121,28.8,25,2,6,128.0,125.0,121.28571428571429,94
2025-06-26,PHC001,MED001,945,140,32.3,36,3,6,94.0,85.0,116.85714285714286,114
2025-06-27,PHC001,MED001,829,103,26.6,28,4,6,114.0,116.0,121.0,116
2025-06-28,PHC001,MED001,671,122,26.5,47,5,6,116.0,182.0,121.0,158
2025-06-29,PHC001,MED001,559,95,24.8,18,6,6,158.0,134.0,117.57142857142857,112
2025-01-08,PHC001,MED002,433,118,24.7,31,2,1,87.0,78.0,88.14285714285714,68
2025-01-09,PHC001,MED002,339,130,23.4,32,3,1,68.0,88.0,86.71428571428571,94
2025-01-10,PHC001,MED002,267,108,22.3,33,4,1,94.0,66.0,87.57142857142857,72
2025-01-11,PHC001,MED002,705,143,30.6,34,5,1,72.0,112.0,88.42857142857143,103
2025-01-12,PHC001,MED002,573,140,25.8,35,6,1,103.0,104.0,87.14285714285714,132
2025-01-13,PHC001,MED002,475,130,33.2,29,0,1,132.0,82.0,91.14285714285714,98
2025-01-14,PHC001,MED002,409,105,34.0,27,1,1,98.0,87.0,93.42857142857143,66
2025-01-15,PHC001,MED002,350,86,24.2,21,2,1,66.0,68.0,90.42857142857143,59
2025-01-16,PHC001,MED002,829,133,22.2,39,3,1,59.0,94.0,89.14285714285714,96
2025-01-17,PHC001,MED002,771,101,31.4,25,4,1,96.0,72.0,89.42857142857143,58
2025-01-18,PHC001,MED002,673,156,23.6,48,5,1,58.0,103.0,87.42857142857143,98
2025-01-19,PHC001,MED002,586,110,26.2,34,6,1,98.0,132.0,86.71428571428571,87
2025-01-20,PHC001,MED002,497,130,34.8,36,0,1,87.0,98.0,80.28571428571429,89
2025-01-21,PHC001,MED002,404,120,22.3,22,1,1,89.0,66.0,79.0,93
2025-01-22,PHC001,MED002,323,113,21.5,32,2,1,93.0,59.0,82.85714285714286,81
2025-01-23,PHC001,MED002,975,118,33.7,27,3,1,81.0,96.0,86.0,93
2025-01-24,PHC001,MED002,895,115,27.0,27,4,1,93.0,58.0,85.57142857142857,80
2025-01-25,PHC001,MED002,789,145,30.4,35,5,1,80.0,98.0,88.71428571428571,106
2025-01-26,PHC001,MED002,714,108,25.7,32,6,1,106.0,87.0,89.85714285714286,75
2025-01-27,PHC001,MED002,634,105,31.4,33,0,1,75.0,89.0,88.14285714285714,80
2025-01-28,PHC001,MED002,545,111,33.8,34,1,1,80.0,93.0,86.85714285714286,89
2025-01-29,PHC001,MED002,426,139,26.5,34,2,1,89.0,81.0,86.28571428571429,119
2025-01-30,PHC001,MED002,340,127,30.4,35,3,1,119.0,93.0,91.71428571428571,86
2025-01-31,PHC001,MED002,262,118,31.9,28,4,1,86.0,80.0,90.71428571428571,78
2025-02-01,PHC001,MED002,839,145,28.5,40,5,2,78.0,106.0,90.42857142857143,128
2025-02-02,PHC001,MED002,746,135,29.1,36,6,2,128.0,75.0,93.57142857142857,93
2025-02-03,PHC001,MED002,656,130,23.5,25,0,2,93.0,80.0,96.14285714285714,90
2025-02-04,PHC001,MED002,577,103,30.0,21,1,2,90.0,89.0,97.57142857142857,79
2025-02-05,PHC001,MED002,494,104,21.1,24,2,2,79.0,119.0,96.14285714285714,83
2025-02-06,PHC001,MED002,898,156,24.5,33,3,2,83.0,86.0,91.0,129
2025-02-07,PHC001,MED002,827,109,25.8,29,4,2,129.0,78.0,97.14285714285714,71
2025-02-08,PHC001,MED002,763,120,28.6,30,5,2,71.0,128.0,96.14285714285714,64
2025-02-09,PHC001,MED002,645,110,29.9,23,6,2,64.0,93.0,87.0,118
2025-02-10,PHC001,MED002,567,111,30.3,34,0,2,118.0,90.0,90.57142857142857,78
2025-02-11,PHC001,MED002,496,110,33.6,22,1,2,78.0,79.0,88.85714285714286,71
2025-02-12,PHC001,MED002,427,108,29.1,35,2,2,71.0,83.0,87.71428571428571,69
2025-02-13,PHC001,MED002,345,131,30.8,27,3,2,69.0,129.0,85.71428571428571,82
2025-02-14,PHC001,MED002,264,99,29.4,16,4,2,82.0,71.0,79.0,81
2025-02-15,PHC001,MED002,828,119,28.7,27,5,2,81.0,64.0,80.42857142857143,110
2025-02-16,PHC001,MED002,709,154,24.9,46,6,2,110.0,118.0,87.0,119
2025-02-17,PHC001,MED002,644,119,25.5,32,0,2,119.0,78.0,87.14285714285714,65
2025-02-18,PHC001,MED002,552,102,22.5,25,1,2,65.0,71.0,85.28571428571429,92
2025-02-19,PHC001,MED002,484,96,33.1,28,2,2,92.0,69.0,88.28571428571429,68
2025-02-20,PHC001,MED002,396,120,21.1,24,3,2,68.0,82.0,88.14285714285714,88
2025-02-21,PHC001,MED002,332,104,26.0,22,4,2,88.0,81.0,89.0,64
2025-02-22,PHC001,MED002,584,142,21.4,30,5,2,64.0,110.0,86.57142857142857,111
2025-02-23,PHC001,MED002,460,139,30.1,27,6,2,111.0,119.0,86.71428571428571,124
2025-02-24,PHC001,MED002,389,90,34.1,17,0,2,124.0,65.0,87.42857142857143,71
2025-02-25,PHC001,MED002,296,121,28.4,40,1,2,71.0,92.0,88.28571428571429,93
2025-02-26,PHC001,MED002,648,123,20.9,28,2,2,93.0,68.0,88.42857142857143,102
2025-02-27,PHC001,MED002,588,85,20.7,19,3,2,102.0,88.0,93.28571428571429,60
2025-02-28,PHC001,MED002,464,163,21.7,44,4,2,60.0,64.0,89.28571428571429,124
2025-03-01,PHC001,MED002,981,150,34.2,33,5,3,124.0,111.0,97.85714285714286,139
2025-03-02,PHC001,MED002,858,146,31.1,34,6,3,139.0,124.0,101.85714285714286,123
2025-03-03,PHC001,MED002,764,127,26.1,36,0,3,123.0,71.0,101.71428571428571,94
2025-03-04,PHC001,MED002,705,118,25.6,29,1,3,94.0,93.0,105.0,59
2025-03-05,PHC001,MED002,621,127,30.3,33,2,3,59.0,102.0,100.14285714285714,84
2025-03-06,PHC001,MED002,573,74,25.4,14,3,3,84.0,60.0,97.57142857142857,48
2025-03-07,PHC001,MED002,476,120,26.8,36,4,3,48.0,124.0,95.85714285714286,97
2025-03-08,PHC001,MED002,359,120,29.0,23,5,3,97.0,139.0,92.0,117
2025-03-09,PHC001,MED002,578,135,28.5,33,6,3,117.0,123.0,88.85714285714286,116
2025-03-10,PHC001,MED002,489,123,28.8,25,0,3,116.0,94.0,87.85714285714286,89
2025-03-11,PHC001,MED002,431,104,28.9,27,1,3,89.0,59.0,87.14285714285714,58
2025-03-12,PHC001,MED002,371,107,34.8,40,2,3,58.0,84.0,87.0,60
2025-03-13,PHC001,MED002,283,108,22.0,34,3,3,60.0,48.0,83.57142857142857,88
2025-03-14,PHC001,MED002,571,98,28.8,31,4,3,88.0,97.0,89.28571428571429,76
2025-03-15,PHC001,MED002,478,133,31.2,32,5,3,76.0,117.0,86.28571428571429,93
2025-03-16,PHC001,MED002,381,106,27.7,27,6,3,93.0,116.0,82.85714285714286,97
2025-03-17,PHC001,MED002,292,125,31.7,32,0,3,97.0,89.0,80.14285714285714,89
2025-03-18,PHC001,MED002,742,126,26.9,26,1,3,89.0,58.0,80.14285714285714,95
2025-03-19,PHC001,MED002,669,113,21.6,31,2,3,95.0,60.0,85.42857142857143,73
2025-03-20,PHC001,MED002,592,110,33.5,22,3,3,73.0,88.0,87.28571428571429,77
2025-03-21,PHC001,MED002,492,122,28.8,35,4,3,77.0,76.0,85.71428571428571,100
2025-03-22,PHC001,MED002,389,128,29.0,27,5,3,100.0,93.0,89.14285714285714,103
2025-03-23,PHC001,MED002,887,149,21.7,29,6,3,103.0,97.0,90.57142857142857,137
2025-03-24,PHC001,MED002,812,99,30.8,17,0,3,137.0,89.0,96.28571428571429,75
2025-03-25,PHC001,MED002,706,130,26.8,33,1,3,75.0,95.0,94.28571428571429,106
2025-03-26,PHC001,MED002,631,108,26.4,28,2,3,106.0,73.0,95.85714285714286,75
2025-03-27,PHC001,MED002,538,102,21.0,32,3,3,75.0,77.0,96.14285714285714,93
2025-03-28,PHC001,MED002,452,118,21.4,27,4,3,93.0,100.0,98.42857142857143,86
2025-03-29,PHC001,MED002,368,104,28.4,19,5,3,86.0,103.0,96.42857142857143,84
2025-03-30,PHC001,MED002,1013,128,25.3,34,6,3,84.0,137.0,93.71428571428571,99
2025-03-31,PHC001,MED002,945,93,24.3,24,0,3,99.0,75.0,88.28571428571429,68
2025-04-01,PHC001,MED002,862,112,27.6,30,1,4,68.0,106.0,87.28571428571429,83
2025-04-02,PHC001,MED002,782,128,28.3,34,2,4,83.0,75.0,84.0,80
2025-04-03,PHC001,MED002,709,123,23.4,33,3,4,80.0,93.0,84.71428571428571,73
2025-04-04,PHC001,MED002,638,123,30.1,31,4,4,73.0,86.0,81.85714285714286,71
2025-04-05,PHC001,MED002,550,112,29.9,25,5,4,71.0,84.0,79.71428571428571,88
2025-04-06,PHC001,MED002,427,128,33.8,30,6,4,88.0,99.0,80.28571428571429,123
2025-04-07,PHC001,MED002,353,109,22.1,29,0,4,123.0,68.0,83.71428571428571,74
2025-04-08,PHC001,MED002,301,110,21.4,26,1,4,74.0,83.0,84.57142857142857,52
2025-04-09,PHC001,MED002,227,100,26.8,24,2,4,52.0,80.0,80.14285714285714,74
2025-04-10,PHC001,MED002,868,125,28.9,25,3,4,74.0,73.0,79.28571428571429,111
2025-04-11,PHC001,MED002,785,123,29.3,31,4,4,111.0,71.0,84.71428571428571,83
2025-04-12,PHC001,MED002,698,121,26.6,27,5,4,83.0,88.0,86.42857142857143,87
2025-04-13,PHC001,MED002,602,128,21.7,40,6,4,87.0,123.0,86.28571428571429,96
2025-04-14,PHC001,MED002,528,119,30.0,27,0,4,96.0,74.0,82.42857142857143,74
2025-04-15,PHC001,MED002,426,129,29.0,33,1,4,74.0,52.0,82.42857142857143,102
2025-04-16,PHC001,MED002,338,115,23.8,29,2,4,102.0,74.0,89.57142857142857,88
2025-04-17,PHC001,MED002,912,113,31.2,28,3,4,88.0,111.0,91.57142857142857,86
2025-04-18,PHC001,MED002,806,127,30.0,32,4,4,86.0,83.0,88.0,106
2025-04-19,PHC001,MED002,717,122,31.1,34,5,4,106.0,87.0,91.28571428571429,89
2025-04-20,PHC001,MED002,596,138,26.4,38,6,4,89.0,96.0,91.57142857142857,121
2025-04-21,PHC001,MED002,544,97,24.3,28,0,4,121.0,74.0,95.14285714285714,52
2025-04-22,PHC001,MED002,419,136,26.9,39,1,4,52.0,102.0,92.0,125
2025-04-23,PHC001,MED002,331,109,26.6,22,2,4,125.0,88.0,95.28571428571429,88
2025-04-24,PHC001,MED002,918,124,33.1,29,3,4,88.0,86.0,95.28571428571429,94
2025-04-25,PHC001,MED002,844,107,22.5,30,4,4,94.0,106.0,96.42857142857143,74
2025-04-26,PHC001,MED002,734,131,25.2,21,5,4,74.0,89.0,91.85714285714286,110
2025-04-27,PHC001,MED002,624,128,32.2,22,6,4,110.0,121.0,94.85714285714286,110
2025-04-28,PHC001,MED002,518,123,31.4,32,0,4,110.0,52.0,93.28571428571429,106
2025-04-29,PHC001,MED002,453,109,31.6,24,1,4,106.0,125.0,101.0,65
2025-04-30,PHC001,MED002,378,115,33.9,29,2,4,65.0,88.0,92.42857142857143,75
2025-05-01,PHC001,MED002,306,95,29.4,20,3,5,75.0,94.0,90.57142857142857,72
2025-05-02,PHC001,MED002,236,98,26.6,25,4,5,72.0,74.0,87.42857142857143,70
2025-05-03,PHC001,MED002,676,128,20.8,35,5,5,70.0,110.0,86.85714285714286,91
2025-05-04,PHC001,MED002,569,131,24.3,37,6,5,91.0,110.0,84.14285714285714,107
2025-05-05,PHC001,MED002,513,89,21.4,11,0,5,107.0,106.0,83.71428571428571,56
2025-05-06,PHC001,MED002,450,106,31.1,15,1,5,56.0,65.0,76.57142857142857,63
2025-05-07,PHC001,MED002,342,146,28.6,39,2,5,63.0,75.0,76.28571428571429,108
2025-05-08,PHC001,MED002,964,133,26.8,20,3,5,108.0,72.0,81.0,93
2025-05-09,PHC001,MED002,883,125,30.7,28,4,5,93.0,70.0,84.0,81
2025-05-10,PHC001,MED002,763,131,26.6,32,5,5,81.0,91.0,85.57142857142857,120
2025-05-11,PHC001,MED002,665,123,25.6,30,6,5,120.0,107.0,89.71428571428571,98
2025-05-12,PHC001,MED002,561,129,31.8,28,0,5,98.0,56.0,88.42857142857143,104
2025-05-13,PHC001,MED002,485,111,21.4,26,1,5,104.0,63.0,95.28571428571429,76
2025-05-14,PHC001,MED002,424,103,33.6,24,2,5,76.0,108.0,97.14285714285714,61
2025-05-15,PHC001,MED002,329,124,28.7,27,3,5,61.0,93.0,90.42857142857143,95
2025-05-16,PHC001,MED002,847,125,25.9,38,4,5,95.0,81.0,90.71428571428571,86
2025-05-17,PHC001,MED002,746,130,28.4,30,5,5,86.0,120.0,91.42857142857143,101
2025-05-18,PHC001,MED002,632,121,34.2,35,6,5,101.0,98.0,88.71428571428571,114
2025-05-19,PHC001,MED002,533,147,21.4,36,0,5,114.0,104.0,91.0,99
2025-05-20,PHC001,MED002,460,99,34.3,29,1,5,99.0,76.0,90.28571428571429,73
2025-05-21,PHC001,MED002,382,100,22.9,32,2,5,73.0,61.0,89.85714285714286,78
2025-05-22,PHC001,MED002,857,114,27.6,26,3,5,78.0,95.0,92.28571428571429,101
2025-05-23,PHC001,MED002,772,130,20.6,23,4,5,101.0,86.0,93.14285714285714,85
2025-05-24,PHC001,MED002,631,153,22.4,41,5,5,85.0,101.0,93.0,141
2025-05-25,PHC001,MED002,500,144,32.1,28,6,5,141.0,114.0,98.71428571428571,131
2025-05-26,PHC001,MED002,396,128,23.6,25,0,5,131.0,99.0,101.14285714285714,104
2025-05-27,PHC001,MED002,330,103,31.2,27,1,5,104.0,73.0,101.85714285714286,66
2025-05-28,PHC001,MED002,949,120,27.0,26,2,5,66.0,78.0,100.85714285714286,108
2025-05-29,PHC001,MED002,875,122,28.6,37,3,5,108.0,101.0,105.14285714285714,74
2025-05-30,PHC001,MED002,795,124,26.3,32,4,5,74.0,85.0,101.28571428571429,80
2025-05-31,PHC001,MED002,684,137,29.1,37,5,5,80.0,141.0,100.57142857142857,111
2025-06-01,PHC001,MED002,581,128,34.0,27,6,6,111.0,131.0,96.28571428571429,103
2025-06-02,PHC001,MED002,501,110,21.9,21,0,6,103.0,104.0,92.28571428571429,80
2025-06-03,PHC001,MED002,415,119,32.5,24,1,6,80.0,66.0,88.85714285714286,86
2025-06-04,PHC001,MED002,808,142,32.3,41,2,6,86.0,108.0,91.71428571428571,119
2025-06-05,PHC001,MED002,742,91,23.5,28,3,6,119.0,74.0,93.28571428571429,66
2025-06-06,PHC001,MED002,633,129,20.4,32,4,6,66.0,80.0,92.14285714285714,109
2025-06-07,PHC001,MED002,554,119,22.1,24,5,6,109.0,111.0,96.28571428571429,79
2025-06-08,PHC001,MED002,441,125,30.4,40,6,6,79.0,103.0,91.71428571428571,113
2025-06-09,PHC001,MED002,348,132,21.2,32,0,6,113.0,80.0,93.14285714285714,93
2025-06-10,PHC001,MED002,270,113,28.2,37,1,6,93.0,86.0,95.0,78
2025-06-11,PHC001,MED002,522,96,24.5,27,2,6,78.0,119.0,93.85714285714286,72
2025-06-12,PHC001,MED002,422,116,29.3,36,3,6,72.0,66.0,87.14285714285714,100
2025-06-13,PHC001,MED002,333,125,29.5,25,4,6,100.0,109.0,92.0,89
2025-06-14,PHC001,MED002,824,110,24.4,23,5,6,89.0,79.0,89.14285714285714,101
2025-06-15,PHC001,MED002,705,132,21.3,26,6,6,101.0,113.0,92.28571428571429,119
2025-06-16,PHC001,MED002,650,120,27.9,29,0,6,119.0,93.0,93.14285714285714,55
2025-06-17,PHC001,MED002,572,112,27.1,23,1,6,55.0,78.0,87.71428571428571,78
2025-06-18,PHC001,MED002,497,86,23.8,10,2,6,78.0,72.0,87.71428571428571,75
2025-06-19,PHC001,MED002,398,117,29.4,24,3,6,75.0,100.0,88.14285714285714,99
2025-06-20,PHC001,MED002,299,118,25.0,21,4,6,99.0,89.0,88.0,99
2025-06-21,PHC001,MED002,728,137,31.7,35,5,6,99.0,101.0,89.42857142857143,108
2025-06-22,PHC001,MED002,587,148,22.7,36,6,6,108.0,119.0,90.42857142857143,141
2025-06-23,PHC001,MED002,491,132,23.0,34,0,6,141.0,55.0,93.57142857142857,96
2025-06-24,PHC001,MED002,405,122,24.7,20,1,6,96.0,78.0,99.42857142857143,86
2025-06-25,PHC001,MED002,322,128,20.5,34,2,6,86.0,75.0,100.57142857142857,83
2025-06-26,PHC001,MED002,668,107,32.9,23,3,6,83.0,99.0,101.71428571428571,93
2025-06-27,PHC001,MED002,570,121,33.3,33,4,6,93.0,99.0,100.85714285714286,98
2025-06-28,PHC001,MED002,442,130,25.8,21,5,6,98.0,108.0,100.71428571428571,128
2025-06-29,PHC001,MED002,1040,129,27.8,20,6,6,128.0,141.0,103.57142857142857,112
2025-01-08,PHC001,MED003,703,100,29.7,27,2,1,57.0,62.0,64.42857142857143,56
2025-01-09,PHC001,MED003,652,91,20.5,32,3,1,56.0,52.0,63.57142857142857,51
2025-01-10,PHC001,MED003,578,128,21.2,28,4,1,51.0,53.0,63.42857142857143,74
2025-01-11,PHC001,MED003,497,141,24.7,38,5,1,74.0,75.0,66.42857142857143,81
2025-01-12,PHC001,MED003,392,169,27.8,45,6,1,81.0,89.0,67.28571428571429,105
2025-01-13,PHC001,MED003,329,121,31.6,28,0,1,105.0,63.0,69.57142857142857,63
2025-01-14,PHC001,MED003,280,104,35.0,20,1,1,63.0,57.0,69.57142857142857,49
2025-01-15,PHC001,MED003,212,117,21.1,31,2,1,49.0,56.0,68.42857142857143,68
2025-01-16,PHC001,MED003,603,135,34.5,42,3,1,68.0,51.0,70.14285714285714,72
2025-01-17,PHC001,MED003,549,103,28.2,18,4,1,72.0,74.0,73.14285714285714,54
2025-01-18,PHC001,MED003,445,144,30.5,40,5,1,54.0,81.0,70.28571428571429,104
2025-01-19,PHC001,MED003,340,138,23.4,38,6,1,104.0,105.0,73.57142857142857,105
2025-01-20,PHC001,MED003,270,112,25.4,28,0,1,105.0,63.0,73.57142857142857,70
2025-01-21,PHC001,MED003,207,99,34.7,22,1,1,70.0,49.0,74.57142857142857,63
2025-01-22,PHC001,MED003,673,137,30.8,38,2,1,63.0,68.0,76.57142857142857,79
2025-01-23,PHC001,MED003,610,89,32.4,20,3,1,79.0,72.0,78.14285714285714,63
2025-01-24,PHC001,MED003,545,132,30.2,29,4,1,63.0,54.0,76.85714285714286,65
2025-01-25,PHC001,MED003,476,114,31.7,36,5,1,65.0,104.0,78.42857142857143,69
2025-01-26,PHC001,MED003,399,124,33.7,36,6,1,69.0,105.0,73.42857142857143,77
2025-01-27,PHC001,MED003,327,122,22.3,31,0,1,77.0,70.0,69.42857142857143,72
2025-01-28,PHC001,MED003,264,126,34.1,30,1,1,72.0,63.0,69.71428571428571,63
2025-01-29,PHC001,MED003,559,137,23.8,28,2,1,63.0,79.0,69.71428571428571,69
2025-01-30,PHC001,MED003,510,100,21.4,20,3,1,69.0,63.0,68.28571428571429,49
2025-01-31,PHC001,MED003,454,102,28.7,20,4,1,49.0,65.0,66.28571428571429,56
2025-02-01,PHC001,MED003,371,150,33.9,41,5,2,56.0,69.0,65.0,83
2025-02-02,PHC001,MED003,692,160,21.2,42,6,2,83.0,77.0,67.0,114
2025-02-03,PHC001,MED003,646,106,26.2,21,0,2,114.0,72.0,72.28571428571429,46
2025-02-04,PHC001,MED003,597,103,29.4,21,1,2,46.0,63.0,68.57142857142857,49
2025-02-05,PHC001,MED003,516,151,30.3,28,2,2,49.0,69.0,66.57142857142857,81
2025-02-06,PHC001,MED003,465,113,20.9,30,3,2,81.0,49.0,68.28571428571429,51
2025-02-07,PHC001,MED003,392,121,24.7,32,4,2,51.0,56.0,68.57142857142857,73
2025-02-08,PHC001,MED003,310,127,32.9,23,5,2,73.0,83.0,71.0,82
2025-02-09,PHC001,MED003,760,130,24.8,28,6,2,82.0,114.0,70.85714285714286,88
2025-02-10,PHC001,MED003,675,126,22.1,35,0,2,88.0,46.0,67.14285714285714,85
2025-02-11,PHC001,MED003,614,126,34.4,34,1,2,85.0,49.0,72.71428571428571,61
2025-02-12,PHC001,MED003,542,137,34.0,28,2,2,61.0,81.0,74.42857142857143,72
2025-02-13,PHC001,MED003,467,105,27.0,35,3,2,72.0,51.0,73.14285714285714,75
2025-02-14,PHC001,MED003,406,127,21.4,27,4,2,75.0,73.0,76.57142857142857,61
2025-02-15,PHC001,MED003,748,142,20.7,35,5,2,61.0,82.0,74.85714285714286,102
2025-02-16,PHC001,MED003,695,100,29.8,25,6,2,102.0,88.0,77.71428571428571,53
2025-02-17,PHC001,MED003,638,118,33.2,32,0,2,53.0,85.0,72.71428571428571,57
2025-02-18,PHC001,MED003,585,111,25.5,19,1,2,57.0,61.0,68.71428571428571,53
2025-02-19,PHC001,MED003,506,126,21.1,33,2,2,53.0,72.0,67.57142857142857,79
2025-02-20,PHC001,MED003,449,89,24.2,22,3,2,79.0,75.0,68.57142857142857,57
2025-02-21,PHC001,MED003,373,113,25.9,38,4,2,57.0,61.0,66.0,76
2025-02-22,PHC001,MED003,287,135,34.1,29,5,2,76.0,102.0,68.14285714285714,86
2025-02-23,PHC001,MED003,581,121,20.7,24,6,2,86.0,53.0,65.85714285714286,76
2025-02-24,PHC001,MED003,512,108,27.8,18,0,2,76.0,57.0,69.14285714285714,69
2025-02-25,PHC001,MED003,417,140,24.8,42,1,2,69.0,53.0,70.85714285714286,95
2025-02-26,PHC001,MED003,369,98,32.6,28,2,2,95.0,79.0,76.85714285714286,48
2025-02-27,PHC001,MED003,311,104,28.4,20,3,2,48.0,57.0,72.42857142857143,58
2025-02-28,PHC001,MED003,242,112,25.0,28,4,2,58.0,76.0,72.57142857142857,69
2025-03-01,PHC001,MED003,751,141,33.1,31,5,3,69.0,86.0,71.57142857142857,113
2025-03-02,PHC001,MED003,660,148,34.5,37,6,3,113.0,76.0,75.42857142857143,91
2025-03-03,PHC001,MED003,619,89,28.8,15,0,3,91.0,69.0,77.57142857142857,41
2025-03-04,PHC001,MED003,553,124,29.3,37,1,3,41.0,95.0,73.57142857142857,66
2025-03-05,PHC001,MED003,499,107,34.2,26,2,3,66.0,48.0,69.42857142857143,54
2025-03-06,PHC001,MED003,432,117,24.7,29,3,3,54.0,58.0,70.28571428571429,67
2025-03-07,PHC001,MED003,355,133,33.8,25,4,3,67.0,69.0,71.57142857142857,77
2025-03-08,PHC001,MED003,726,149,20.9,31,5,3,77.0,113.0,72.71428571428571,95
2025-03-09,PHC001,MED003,642,139,25.7,40,6,3,95.0,91.0,70.14285714285714,84
2025-03-10,PHC001,MED003,585,130,28.0,31,0,3,84.0,41.0,69.14285714285714,57
2025-03-11,PHC001,MED003,536,108,32.1,32,1,3,57.0,66.0,71.42857142857143,49
2025-03-12,PHC001,MED003,477,113,34.4,33,2,3,49.0,54.0,69.0,59
2025-03-13,PHC001,MED003,418,127,31.6,44,3,3,59.0,67.0,69.71428571428571,59
2025-03-14,PHC001,MED003,369,108,27.3,19,4,3,59.0,77.0,68.57142857142857,49
2025-03-15,PHC001,MED003,293,134,24.3,40,5,3,49.0,95.0,64.57142857142857,76
2025-03-16,PHC001,MED003,228,115,33.4,25,6,3,76.0,84.0,61.857142857142854,65
2025-03-17,PHC001,MED003,955,123,20.6,31,0,3,65.0,57.0,59.142857142857146,62
2025-03-18,PHC001,MED003,895,111,26.6,23,1,3,62.0,49.0,59.857142857142854,60
2025-03-19,PHC001,MED003,814,131,34.0,34,2,3,60.0,59.0,61.42857142857143,81
2025-03-20,PHC001,MED003,758,112,29.2,25,3,3,81.0,59.0,64.57142857142857,56
2025-03-21,PHC001,MED003,707,108,29.6,24,4,3,56.0,49.0,64.14285714285714,51
2025-03-22,PHC001,MED003,600,146,30.8,38,5,3,51.0,76.0,64.42857142857143,107
2025-03-23,PHC001,MED003,507,147,33.9,43,6,3,107.0,65.0,68.85714285714286,93
2025-03-24,PHC001,MED003,464,85,33.2,27,0,3,93.0,62.0,72.85714285714286,43
2025-03-25,PHC001,MED003,402,116,29.7,33,1,3,43.0,60.0,70.14285714285714,62
2025-03-26,PHC001,MED003,348,120,28.6,28,2,3,62.0,81.0,70.42857142857143,54
2025-03-27,PHC001,MED003,294,109,22.6,37,3,3,54.0,56.0,66.57142857142857,54
2025-03-28,PHC001,MED003,771,121,33.8,28,4,3,54.0,51.0,66.28571428571429,76
2025-03-29,PHC001,MED003,671,131,33.1,35,5,3,76.0,107.0,69.85714285714286,100
2025-03-30,PHC001,MED003,606,130,24.5,33,6,3,100.0,93.0,68.85714285714286,65
2025-03-31,PHC001,MED003,547,94,29.6,20,0,3,65.0,43.0,64.85714285714286,59
2025-04-01,PHC001,MED003,509,83,22.0,19,1,4,59.0,62.0,67.14285714285714,38
2025-04-02,PHC001,MED003,456,114,31.0,30,2,4,38.0,54.0,63.714285714285715,53
2025-04-03,PHC001,MED003,407,100,20.2,18,3,4,53.0,54.0,63.57142857142857,49
2025-04-04,PHC001,MED003,347,125,29.2,29,4,4,49.0,76.0,62.857142857142854,60
2025-04-05,PHC001,MED003,278,122,26.4,26,5,4,60.0,100.0,60.57142857142857,69
2025-04-06,PHC001,MED003,953,145,27.2,47,6,4,69.0,65.0,56.142857142857146,104
2025-04-07,PHC001,MED003,893,114,23.5,32,0,4,104.0,59.0,61.714285714285715,60
2025-04-08,PHC001,MED003,845,77,20.2,16,1,4,60.0,38.0,61.857142857142854,48
2025-04-09,PHC001,MED003,788,101,20.9,18,2,4,48.0,53.0,63.285714285714285,57
2025-04-10,PHC001,MED003,718,123,33.4,25,3,4,57.0,49.0,63.857142857142854,70
2025-04-11,PHC001,MED003,654,111,21.8,23,4,4,70.0,60.0,66.85714285714286,64
2025-04-12,PHC001,MED003,582,125,22.0,28,5,4,64.0,69.0,67.42857142857143,72
2025-04-13,PHC001,MED003,504,146,29.1,43,6,4,72.0,104.0,67.85714285714286,78
2025-04-14,PHC001,MED003,436,124,30.0,24,0,4,78.0,60.0,64.14285714285714,68
2025-04-15,PHC001,MED003,372,116,31.3,32,1,4,68.0,48.0,65.28571428571429,64
2025-04-16,PHC001,MED003,309,110,21.2,20,2,4,64.0,57.0,67.57142857142857,63
2025-04-17,PHC001,MED003,259,109,28.2,26,3,4,63.0,70.0,68.42857142857143,50
2025-04-18,PHC001,MED003,551,114,27.8,31,4,4,50.0,64.0,65.57142857142857,67
2025-04-19,PHC001,MED003,467,121,27.3,23,5,4,67.0,72.0,66.0,84
2025-04-20,PHC001,MED003,389,122,26.2,32,6,4,84.0,78.0,67.71428571428571,78
2025-04-21,PHC001,MED003,337,97,30.1,21,0,4,78.0,68.0,67.71428571428571,52
2025-04-22,PHC001,MED003,272,117,23.3,29,1,4,52.0,64.0,65.42857142857143,65
2025-04-23,PHC001,MED003,204,128,30.5,34,2,4,65.0,63.0,65.57142857142857,68
2025-04-24,PHC001,MED003,155,113,27.1,39,3,4,68.0,50.0,66.28571428571429,49
2025-04-25,PHC001,MED003,894,112,22.0,31,4,4,49.0,67.0,66.14285714285714,54
2025-04-26,PHC001,MED003,809,113,25.7,14,5,4,54.0,84.0,64.28571428571429,85
2025-04-27,PHC001,MED003,717,154,25.6,30,6,4,85.0,78.0,64.42857142857143,92
2025-04-28,PHC001,MED003,667,94,25.2,16,0,4,92.0,52.0,66.42857142857143,50
2025-04-29,PHC001,MED003,599,122,27.9,36,1,4,50.0,65.0,66.14285714285714,68
2025-04-30,PHC001,MED003,541,104,24.5,27,2,4,68.0,68.0,66.57142857142857,58
2025-05-01,PHC001,MED003,485,106,28.0,20,3,5,58.0,49.0,65.14285714285714,56
2025-05-02,PHC001,MED003,427,104,34.1,23,4,5,56.0,54.0,66.14285714285714,58
2025-05-03,PHC001,MED003,364,130,32.1,30,5,5,58.0,85.0,66.71428571428571,63
2025-05-04,PHC001,MED003,279,144,23.1,36,6,5,63.0,92.0,63.57142857142857,85
2025-05-05,PHC001,MED003,219,117,29.0,30,0,5,85.0,50.0,62.57142857142857,60
2025-05-06,PHC001,MED003,169,110,23.5,27,1,5,60.0,68.0,64.0,50
2025-05-07,PHC001,MED003,830,120,20.8,39,2,5,50.0,58.0,61.42857142857143,56
2025-05-08,PHC001,MED003,775,114,28.7,34,3,5,56.0,56.0,61.142857142857146,55
2025-05-09,PHC001,MED003,697,118,23.6,20,4,5,55.0,58.0,61.0,78
2025-05-10,PHC001,MED003,637,101,24.1,20,5,5,78.0,63.0,63.857142857142854,60
2025-05-11,PHC001,MED003,562,113,31.0,25,6,5,60.0,85.0,63.42857142857143,75
2025-05-12,PHC001,MED003,492,134,25.2,32,0,5,75.0,60.0,62.0,70
2025-05-13,PHC001,MED003,438,105,27.9,22,1,5,70.0,50.0,63.42857142857143,54
2025-05-14,PHC001,MED003,381,100,28.1,24,2,5,54.0,56.0,64.0,57
2025-05-15,PHC001,MED003,314,115,32.9,32,3,5,57.0,55.0,64.14285714285714,67
2025-05-16,PHC001,MED003,243,127,26.2,36,4,5,67.0,78.0,65.85714285714286,71
2025-05-17,PHC001,MED003,702,117,23.8,28,5,5,71.0,60.0,64.85714285714286,71
2025-05-18,PHC001,MED003,620,137,30.9,35,6,5,71.0,75.0,66.42857142857143,82
2025-05-19,PHC001,MED003,568,119,30.1,33,0,5,82.0,70.0,67.42857142857143,52
2025-05-20,PHC001,MED003,506,96,30.9,27,1,5,52.0,54.0,64.85714285714286,62
2025-05-21,PHC001,MED003,461,98,33.0,22,2,5,62.0,57.0,66.0,45
2025-05-22,PHC001,MED003,378,147,34.4,48,3,5,45.0,67.0,64.28571428571429,83
2025-05-23,PHC001,MED003,290,158,27.2,52,4,5,83.0,71.0,66.57142857142857,88
2025-05-24,PHC001,MED003,865,152,28.3,41,5,5,88.0,71.0,69.0,122
2025-05-25,PHC001,MED003,787,128,29.7,37,6,5,122.0,82.0,76.28571428571429,78
2025-05-26,PHC001,MED003,723,127,32.0,35,0,5,78.0,52.0,75.71428571428571,64
2025-05-27,PHC001,MED003,660,110,24.8,19,1,5,64.0,62.0,77.42857142857143,63
2025-05-28,PHC001,MED003,584,127,31.1,41,2,5,63.0,45.0,77.57142857142857,76
2025-05-29,PHC001,MED003,511,133,28.8,33,3,5,76.0,83.0,82.0,73
2025-05-30,PHC001,MED003,449,102,28.5,26,4,5,73.0,88.0,80.57142857142857,62
2025-05-31,PHC001,MED003,379,132,34.2,39,5,5,62.0,122.0,76.85714285714286,70
2025-06-01,PHC001,MED003,287,153,31.1,30,6,6,70.0,78.0,69.42857142857143,92
2025-06-02,PHC001,MED003,236,91,25.3,24,0,6,92.0,64.0,71.42857142857143,51
2025-06-03,PHC001,MED003,944,129,34.9,36,1,6,51.0,63.0,69.57142857142857,82
2025-06-04,PHC001,MED003,872,118,32.7,29,2,6,82.0,76.0,72.28571428571429,72
2025-06-05,PHC001,MED003,823,107,32.6,27,3,6,72.0,73.0,71.71428571428571,49
2025-06-06,PHC001,MED003,769,117,20.1,37,4,6,49.0,62.0,68.28571428571429,54
2025-06-07,PHC001,MED003,699,131,29.2,27,5,6,54.0,70.0,67.14285714285714,70
2025-06-08,PHC001,MED003,631,114,20.1,29,6,6,70.0,92.0,67.14285714285714,68
2025-06-09,PHC001,MED003,572,114,34.7,24,0,6,68.0,51.0,63.714285714285715,59
2025-06-10,PHC001,MED003,490,142,30.1,36,1,6,59.0,82.0,64.85714285714286,82
2025-06-11,PHC001,MED003,445,83,22.2,22,2,6,82.0,72.0,64.85714285714286,45
2025-06-12,PHC001,MED003,381,121,32.2,35,3,6,45.0,49.0,61.0,64
2025-06-13,PHC001,MED003,306,129,28.5,28,4,6,64.0,54.0,63.142857142857146,75
2025-06-14,PHC001,MED003,948,142,30.3,35,5,6,75.0,70.0,66.14285714285714,97
2025-06-15,PHC001,MED003,879,114,26.1,27,6,6,97.0,68.0,70.0,69
2025-06-16,PHC001,MED003,825,102,29.6,29,0,6,69.0,59.0,70.14285714285714,54
2025-06-17,PHC001,MED003,775,108,25.0,31,1,6,54.0,82.0,69.42857142857143,50
2025-06-18,PHC001,MED003,685,154,33.4,36,2,6,50.0,45.0,64.85714285714286,90
2025-06-19,PHC001,MED003,632,109,28.5,33,3,6,90.0,64.0,71.28571428571429,53
2025-06-20,PHC001,MED003,574,110,30.3,38,4,6,53.0,75.0,69.71428571428571,58
2025-06-21,PHC001,MED003,485,150,32.8,35,5,6,58.0,97.0,67.28571428571429,89
2025-06-22,PHC001,MED003,386,142,22.2,35,6,6,89.0,69.0,66.14285714285714,99
2025-06-23,PHC001,MED003,339,89,28.5,26,0,6,99.0,54.0,70.42857142857143,47
2025-06-24,PHC001,MED003,296,88,30.2,18,1,6,47.0,50.0,69.42857142857143,43
2025-06-25,PHC001,MED003,248,111,30.3,27,2,6,43.0,90.0,68.42857142857143,48
2025-06-26,PHC001,MED003,505,136,25.2,37,3,6,48.0,53.0,62.42857142857143,81
2025-06-27,PHC001,MED003,426,121,34.3,25,4,6,81.0,58.0,66.42857142857143,79
2025-06-28,PHC001,MED003,358,111,20.4,32,5,6,79.0,89.0,69.42857142857143,68
2025-06-29,PHC001,MED003,763,178,34.1,39,6,6,68.0,99.0,66.42857142857143,116
2025-01-08,PHC001,MED004,910,122,33.5,28,2,1,70.0,50.0,67.14285714285714,73
2025-01-09,PHC001,MED004,839,125,27.8,31,3,1,73.0,52.0,70.42857142857143,71
2025-01-10,PHC001,MED004,771,106,22.2,26,4,1,71.0,61.0,73.14285714285714,68
2025-01-11,PHC001,MED004,676,137,24.5,37,5,1,68.0,92.0,74.14285714285714,95
2025-01-12,PHC001,MED004,601,118,27.4,37,6,1,95.0,74.0,74.57142857142857,75
2025-01-13,PHC001,MED004,533,102,22.0,21,0,1,75.0,71.0,74.71428571428571,68
2025-01-14,PHC001,MED004,471,115,32.9,31,1,1,68.0,70.0,74.28571428571429,62
2025-01-15,PHC001,MED004,418,99,32.4,26,2,1,62.0,73.0,73.14285714285714,53
2025-01-16,PHC001,MED004,350,98,30.4,22,3,1,53.0,71.0,70.28571428571429,68
2025-01-17,PHC001,MED004,292,105,26.0,26,4,1,68.0,68.0,69.85714285714286,58
2025-01-18,PHC001,MED004,676,154,31.7,29,5,1,58.0,95.0,68.42857142857143,82
2025-01-19,PHC001,MED004,589,112,25.9,34,6,1,82.0,75.0,66.57142857142857,87
2025-01-20,PHC001,MED004,518,127,30.2,26,0,1,87.0,68.0,68.28571428571429,71
2025-01-21,PHC001,MED004,472,79,26.9,15,1,1,71.0,62.0,68.71428571428571,46
2025-01-22,PHC001,MED004,401,99,32.3,22,2,1,46.0,53.0,66.42857142857143,71
2025-01-23,PHC001,MED004,333,119,27.5,24,3,1,71.0,68.0,69.0,68
2025-01-24,PHC001,MED004,278,106,31.8,22,4,1,68.0,58.0,69.0,55
2025-01-25,PHC001,MED004,941,172,27.2,49,5,1,55.0,82.0,68.57142857142857,108
2025-01-26,PHC001,MED004,849,142,20.6,39,6,1,108.0,87.0,72.28571428571429,92
2025-01-27,PHC001,MED004,783,137,32.2,32,0,1,92.0,71.0,73.0,66
2025-01-28,PHC001,MED004,720,96,30.0,26,1,1,66.0,46.0,72.28571428571429,63
2025-01-29,PHC001,MED004,650,125,28.4,37,2,1,63.0,71.0,74.71428571428571,70
2025-01-30,PHC001,MED004,591,97,31.9,28,3,1,70.0,68.0,74.57142857142857,59
2025-01-31,PHC001,MED004,523,120,23.3,31,4,1,59.0,55.0,73.28571428571429,68
2025-02-01,PHC001,MED004,455,112,25.6,26,5,2,68.0,108.0,75.14285714285714,68
2025-02-02,PHC001,MED004,365,109,30.4,28,6,2,68.0,92.0,69.42857142857143,90
2025-02-03,PHC001,MED004,274,157,33.8,35,0,2,90.0,66.0,69.14285714285714,91
2025-02-04,PHC001,MED004,900,139,31.0,39,1,2,91.0,63.0,72.71428571428571,75
2025-02-05,PHC001,MED004,818,125,27.1,32,2,2,75.0,70.0,74.42857142857143,82
2025-02-06,PHC001,MED004,768,93,24.8,26,3,2,82.0,59.0,76.14285714285714,50
2025-02-07,PHC001,MED004,674,140,29.7,42,4,2,50.0,68.0,74.85714285714286,94
2025-02-08,PHC001,MED004,588,128,34.8,29,5,2,94.0,68.0,78.57142857142857,86
2025-02-09,PHC001,MED004,480,141,34.4,38,6,2,86.0,90.0,81.14285714285714,108
2025-02-10,PHC001,MED004,417,116,22.8,34,0,2,108.0,91.0,83.71428571428571,63
2025-02-11,PHC001,MED004,355,102,23.0,32,1,2,63.0,75.0,79.71428571428571,62
2025-02-12,PHC001,MED004,291,102,30.6,22,2,2,62.0,82.0,77.85714285714286,64
2025-02-13,PHC001,MED004,958,138,21.5,35,3,2,64.0,50.0,75.28571428571429,79
2025-02-14,PHC001,MED004,890,100,23.0,23,4,2,79.0,94.0,79.42857142857143,68
2025-02-15,PHC001,MED004,787,146,24.7,23,5,2,68.0,86.0,75.71428571428571,103
2025-02-16,PHC001,MED004,711,120,21.7,33,6,2,103.0,108.0,78.14285714285714,76
2025-02-17,PHC001,MED004,622,128,32.0,35,0,2,76.0,63.0,73.57142857142857,89
2025-02-18,PHC001,MED004,545,132,30.1,29,1,2,89.0,62.0,77.28571428571429,77
2025-02-19,PHC001,MED004,464,124,22.1,34,2,2,77.0,64.0,79.42857142857143,81
2025-02-20,PHC001,MED004,411,99,28.6,29,3,2,81.0,79.0,81.85714285714286,53
2025-02-21,PHC001,MED004,341,122,34.0,19,4,2,53.0,68.0,78.14285714285714,70
2025-02-22,PHC001,MED004,854,136,24.3,36,5,2,70.0,103.0,78.42857142857143,104
2025-02-23,PHC001,MED004,738,158,20.1,43,6,2,104.0,76.0,78.57142857142857,116
2025-02-24,PHC001,MED004,668,132,34.5,39,0,2,116.0,89.0,84.28571428571429,70
2025-02-25,PHC001,MED004,606,114,32.6,26,1,2,70.0,77.0,81.57142857142857,62
2025-02-26,PHC001,MED004,539,108,20.5,27,2,2,62.0,81.0,79.42857142857143,67
2025-02-27,PHC001,MED004,466,102,22.5,24,3,2,67.0,53.0,77.42857142857143,73
2025-02-28,PHC001,MED004,413,90,31.5,24,4,2,73.0,70.0,80.28571428571429,53
2025-03-01,PHC001,MED004,794,129,32.3,38,5,3,53.0,104.0,77.85714285714286,106
2025-03-02,PHC001,MED004,729,107,31.4,24,6,3,106.0,116.0,78.14285714285714,65
2025-03-03,PHC001,MED004,656,118,29.8,22,0,3,65.0,70.0,70.85714285714286,73
2025-03-04,PHC001,MED004,591,115,20.5,38,1,3,73.0,62.0,71.28571428571429,65
2025-03-05,PHC001,MED004,498,144,21.8,44,2,3,65.0,67.0,71.71428571428571,93
2025-03-06,PHC001,MED004,436,118,31.1,26,3,3,93.0,73.0,75.42857142857143,62
2025-03-07,PHC001,MED004,390,87,29.2,17,4,3,62.0,53.0,73.85714285714286,46
2025-03-08,PHC001,MED004,311,137,32.1,25,5,3,46.0,106.0,72.85714285714286,79
2025-03-09,PHC001,MED004,680,124,34.7,28,6,3,79.0,65.0,69.0,80
2025-03-10,PHC001,MED004,603,111,32.9,31,0,3,80.0,73.0,71.14285714285714,77
2025-03-11,PHC001,MED004,526,112,31.8,38,1,3,77.0,65.0,71.71428571428571,77
2025-03-12,PHC001,MED004,419,155,33.0,31,2,3,77.0,93.0,73.42857142857143,107
2025-03-13,PHC001,MED004,323,136,32.4,34,3,3,107.0,62.0,75.42857142857143,96
2025-03-14,PHC001,MED004,260,116,27.3,21,4,3,96.0,46.0,80.28571428571429,63
2025-03-15,PHC001,MED004,918,126,29.5,26,5,3,63.0,79.0,82.71428571428571,92
2025-03-16,PHC001,MED004,834,133,31.2,28,6,3,92.0,80.0,84.57142857142857,84
2025-03-17,PHC001,MED004,781,85,28.7,15,0,3,84.0,77.0,85.14285714285714,53
2025-03-18,PHC001,MED004,687,134,21.4,26,1,3,53.0,77.0,81.71428571428571,94
2025-03-19,PHC001,MED004,635,111,31.9,24,2,3,94.0,107.0,84.14285714285714,52
2025-03-20,PHC001,MED004,590,83,32.4,28,3,3,52.0,96.0,76.28571428571429,45
2025-03-21,PHC001,MED004,510,115,22.0,27,4,3,45.0,63.0,69.0,80
2025-03-22,PHC001,MED004,407,147,33.4,29,5,3,80.0,92.0,71.42857142857143,103
2025-03-23,PHC001,MED004,332,127,20.2,25,6,3,103.0,84.0,73.0,75
2025-03-24,PHC001,MED004,900,122,26.8,29,0,3,75.0,53.0,71.71428571428571,84
2025-03-25,PHC001,MED004,840,113,24.5,36,1,3,84.0,94.0,76.14285714285714,60
2025-03-26,PHC001,MED004,759,136,21.4,26,2,3,60.0,52.0,71.28571428571429,81
2025-03-27,PHC001,MED004,697,119,20.8,26,3,3,81.0,45.0,75.42857142857143,62
2025-03-28,PHC001,MED004,640,97,31.3,18,4,3,62.0,80.0,77.85714285714286,57
2025-03-29,PHC001,MED004,540,134,21.2,36,5,3,57.0,103.0,74.57142857142857,100
2025-03-30,PHC001,MED004,448,116,26.7,25,6,3,100.0,75.0,74.14285714285714,92
2025-03-31,PHC001,MED004,364,115,30.4,35,0,3,92.0,84.0,76.57142857142857,84
2025-04-01,PHC001,MED004,304,104,21.3,26,1,4,84.0,60.0,76.57142857142857,60
2025-04-02,PHC001,MED004,238,108,25.7,24,2,4,60.0,81.0,76.57142857142857,66
2025-04-03,PHC001,MED004,755,126,29.6,22,3,4,66.0,62.0,74.42857142857143,71
2025-04-04,PHC001,MED004,692,109,26.6,34,4,4,71.0,57.0,75.71428571428571,63
2025-04-05,PHC001,MED004,620,128,22.3,25,5,4,63.0,100.0,76.57142857142857,72
2025-04-06,PHC001,MED004,528,144,21.5,37,6,4,72.0,92.0,72.57142857142857,92
2025-04-07,PHC001,MED004,454,115,25.8,22,0,4,92.0,84.0,72.57142857142857,74
2025-04-08,PHC001,MED004,384,111,21.3,30,1,4,74.0,60.0,71.14285714285714,70
2025-04-09,PHC001,MED004,327,95,29.1,21,2,4,70.0,66.0,72.57142857142857,57
2025-04-10,PHC001,MED004,281,92,24.5,27,3,4,57.0,71.0,71.28571428571429,46
2025-04-11,PHC001,MED004,225,96,31.2,23,4,4,46.0,63.0,67.71428571428571,56
2025-04-12,PHC001,MED004,506,136,27.4,43,5,4,56.0,72.0,66.71428571428571,76
2025-04-13,PHC001,MED004,414,133,21.1,40,6,4,76.0,92.0,67.28571428571429,92
2025-04-14,PHC001,MED004,341,113,25.8,25,0,4,92.0,74.0,67.28571428571429,73
2025-04-15,PHC001,MED004,263,123,28.2,26,1,4,73.0,70.0,67.14285714285714,78
2025-04-16,PHC001,MED004,493,129,28.8,34,2,4,78.0,57.0,68.28571428571429,77
2025-04-17,PHC001,MED004,422,114,20.9,29,3,4,77.0,46.0,71.14285714285714,71
2025-04-18,PHC001,MED004,370,97,26.2,20,4,4,71.0,56.0,74.71428571428571,52
2025-04-19,PHC001,MED004,286,130,28.0,30,5,4,52.0,76.0,74.14285714285714,84
2025-04-20,PHC001,MED004,902,123,23.0,28,6,4,84.0,92.0,75.28571428571429,97
2025-04-21,PHC001,MED004,827,122,28.8,34,0,4,97.0,73.0,76.0,75
2025-04-22,PHC001,MED004,775,93,26.6,20,1,4,75.0,78.0,76.28571428571429,52
2025-04-23,PHC001,MED004,694,125,23.7,30,2,4,52.0,77.0,72.57142857142857,81
2025-04-24,PHC001,MED004,628,111,30.0,26,3,4,81.0,71.0,73.14285714285714,66
2025-04-25,PHC001,MED004,560,109,20.2,24,4,4,66.0,52.0,72.42857142857143,68
2025-04-26,PHC001,MED004,465,133,27.8,28,5,4,68.0,84.0,74.71428571428571,95
2025-04-27,PHC001,MED004,367,137,25.6,30,6,4,95.0,97.0,76.28571428571429,98
2025-04-28,PHC001,MED004,318,84,33.5,20,0,4,98.0,75.0,76.42857142857143,49
2025-04-29,PHC001,MED004,254,106,27.9,31,1,4,49.0,52.0,72.71428571428571,64
2025-04-30,PHC001,MED004,495,155,27.7,34,2,4,64.0,81.0,74.42857142857143,87
2025-05-01,PHC001,MED004,441,95,25.5,23,3,5,87.0,66.0,75.28571428571429,54
2025-05-02,PHC001,MED004,378,121,23.4,23,4,5,54.0,68.0,73.57142857142857,63
2025-05-03,PHC001,MED004,294,127,32.9,31,5,5,63.0,95.0,72.85714285714286,84
2025-05-04,PHC001,MED004,930,148,34.0,34,6,5,84.0,98.0,71.28571428571429,103
2025-05-05,PHC001,MED004,852,141,30.7,37,0,5,103.0,49.0,72.0,78
2025-05-06,PHC001,MED004,775,105,24.8,26,1,5,78.0,64.0,76.14285714285714,77
2025-05-07,PHC001,MED004,705,123,21.8,24,2,5,77.0,87.0,78.0,70
2025-05-08,PHC001,MED004,632,110,20.7,28,3,5,70.0,54.0,75.57142857142857,73
2025-05-09,PHC001,MED004,579,89,33.0,28,4,5,73.0,63.0,78.28571428571429,53
2025-05-10,PHC001,MED004,493,119,25.5,34,5,5,53.0,84.0,76.85714285714286,86
2025-05-11,PHC001,MED004,408,125,31.1,39,6,5,86.0,103.0,77.14285714285714,85
2025-05-12,PHC001,MED004,337,129,31.6,49,0,5,85.0,78.0,74.57142857142857,71
2025-05-13,PHC001,MED004,260,112,31.9,21,1,5,71.0,77.0,73.57142857142857,77
2025-05-14,PHC001,MED004,828,143,29.5,41,2,5,77.0,70.0,73.57142857142857,87
2025-05-15,PHC001,MED004,755,141,20.0,26,3,5,87.0,73.0,76.0,73
2025-05-16,PHC001,MED004,704,90,27.9,22,4,5,73.0,53.0,76.0,51
2025-05-17,PHC001,MED004,595,133,20.9,39,5,5,51.0,86.0,75.71428571428571,109
2025-05-18,PHC001,MED004,491,131,33.5,42,6,5,109.0,85.0,79.0,104
2025-05-19,PHC001,MED004,433,91,25.6,21,0,5,104.0,71.0,81.71428571428571,58
2025-05-20,PHC001,MED004,362,113,32.3,30,1,5,58.0,77.0,79.85714285714286,71
2025-05-21,PHC001,MED004,275,132,26.5,35,2,5,71.0,87.0,79.0,87
2025-05-22,PHC001,MED004,858,112,32.0,27,3,5,87.0,73.0,79.0,75
2025-05-23,PHC001,MED004,782,121,26.8,26,4,5,75.0,51.0,79.28571428571429,76
2025-05-24,PHC001,MED004,645,167,21.6,47,5,5,76.0,109.0,82.85714285714286,137
2025-05-25,PHC001,MED004,534,144,24.7,39,6,5,137.0,104.0,86.85714285714286,111
2025-05-26,PHC001,MED004,467,124,27.0,31,0,5,111.0,58.0,87.85714285714286,67
2025-05-27,PHC001,MED004,399,118,32.1,27,1,5,67.0,71.0,89.14285714285714,68
2025-05-28,PHC001,MED004,319,136,32.8,31,2,5,68.0,87.0,88.71428571428571,80
2025-05-29,PHC001,MED004,242,128,34.5,38,3,5,80.0,75.0,87.71428571428571,77
2025-05-30,PHC001,MED004,940,117,22.6,26,4,5,77.0,76.0,88.0,89
2025-05-31,PHC001,MED004,863,118,31.2,32,5,5,89.0,137.0,89.85714285714286,77
2025-06-01,PHC001,MED004,772,148,20.2,37,6,6,77.0,111.0,81.28571428571429,91
2025-06-02,PHC001,MED004,690,135,22.0,21,0,6,91.0,67.0,78.42857142857143,82
2025-06-03,PHC001,MED004,639,101,28.7,20,1,6,82.0,68.0,80.57142857142857,51
2025-06-04,PHC001,MED004,558,113,20.3,37,2,6,51.0,80.0,78.14285714285714,81
2025-06-05,PHC001,MED004,483,127,33.6,29,3,6,81.0,77.0,78.28571428571429,75
2025-06-06,PHC001,MED004,418,121,20.6,26,4,6,75.0,89.0,78.0,65
2025-06-07,PHC001,MED004,337,134,25.9,25,5,6,65.0,77.0,74.57142857142857,81
2025-06-08,PHC001,MED004,674,154,22.6,39,6,6,81.0,91.0,75.14285714285714,106
2025-06-09,PHC001,MED004,600,124,29.2,28,0,6,106.0,82.0,77.28571428571429,74
2025-06-10,PHC001,MED004,536,98,27.5,19,1,6,74.0,51.0,76.14285714285714,64
2025-06-11,PHC001,MED004,471,103,26.3,29,2,6,64.0,81.0,78.0,65
2025-06-12,PHC001,MED004,404,98,23.7,17,3,6,65.0,75.0,75.71428571428571,67
2025-06-13,PHC001,MED004,335,114,30.7,33,4,6,67.0,65.0,74.57142857142857,69
2025-06-14,PHC001,MED004,269,106,25.2,27,5,6,69.0,81.0,75.14285714285714,66
2025-06-15,PHC001,MED004,495,126,29.0,31,6,6,66.0,106.0,73.0,89
2025-06-16,PHC001,MED004,402,135,20.9,28,0,6,89.0,74.0,70.57142857142857,93
2025-06-17,PHC001,MED004,366,113,34.6,30,1,6,93.0,64.0,73.28571428571429,36
2025-06-18,PHC001,MED004,278,132,24.0,37,2,6,36.0,65.0,69.28571428571429,88
2025-06-19,PHC001,MED004,220,84,23.3,36,3,6,88.0,67.0,72.57142857142857,58
2025-06-20,PHC001,MED004,521,130,25.3,25,4,6,58.0,69.0,71.28571428571429,89
2025-06-21,PHC001,MED004,438,107,31.1,27,5,6,89.0,66.0,74.14285714285714,83
2025-06-22,PHC001,MED004,362,119,30.6,34,6,6,83.0,89.0,76.57142857142857,76
2025-06-23,PHC001,MED004,978,130,32.6,40,0,6,76.0,93.0,74.71428571428571,98
2025-06-24,PHC001,MED004,904,127,24.6,27,1,6,98.0,36.0,75.42857142857143,74
2025-06-25,PHC001,MED004,827,115,27.9,29,2,6,74.0,88.0,80.85714285714286,77
2025-06-26,PHC001,MED004,723,148,23.0,37,3,6,77.0,58.0,79.28571428571429,104
2025-06-27,PHC001,MED004,650,132,24.9,41,4,6,104.0,89.0,85.85714285714286,73
2025-06-28,PHC001,MED004,538,151,33.8,38,5,6,73.0,83.0,83.57142857142857,112
2025-06-29,PHC001,MED004,481,103,25.6,33,6,6,112.0,76.0,87.71428571428571,57
2025-01-08,PHC001,MED005,1084,126,29.6,33,2,1,55.0,35.0,48.142857142857146,43
2025-01-09,PHC001,MED005,1027,128,25.0,35,3,1,43.0,53.0,49.285714285714285,57
2025-01-10,PHC001,MED005,970,121,34.4,27,4,1,57.0,31.0,49.857142857142854,57
2025-01-11,PHC001,MED005,904,141,30.9,28,5,1,57.0,51.0,53.57142857142857,66
2025-01-12,PHC001,MED005,829,133,25.3,35,6,1,66.0,62.0,55.714285714285715,75
2025-01-13,PHC001,MED005,785,120,20.7,22,0,1,75.0,50.0,57.57142857142857,44
2025-01-14,PHC001,MED005,730,120,33.2,32,1,1,44.0,55.0,56.714285714285715,55
2025-01-15,PHC001,MED005,684,106,32.4,30,2,1,55.0,43.0,56.714285714285715,46
2025-01-16,PHC001,MED005,648,95,26.8,23,3,1,46.0,57.0,57.142857142857146,36
2025-01-17,PHC001,MED005,600,115,20.3,27,4,1,36.0,57.0,54.142857142857146,48
2025-01-18,PHC001,MED005,518,139,22.4,29,5,1,48.0,66.0,52.857142857142854,82
2025-01-19,PHC001,MED005,453,163,34.7,46,6,1,82.0,75.0,55.142857142857146,65
2025-01-20,PHC001,MED005,397,151,26.5,43,0,1,65.0,44.0,53.714285714285715,56
2025-01-21,PHC001,MED005,349,103,26.5,20,1,1,56.0,55.0,55.42857142857143,48
2025-01-22,PHC001,MED005,299,119,28.3,34,2,1,48.0,46.0,54.42857142857143,50
2025-01-23,PHC001,MED005,244,131,29.9,29,3,1,50.0,36.0,55.0,55
2025-01-24,PHC001,MED005,187,121,27.4,25,4,1,55.0,48.0,57.714285714285715,57
2025-01-25,PHC001,MED005,661,133,21.3,33,5,1,57.0,82.0,59.0,71
2025-01-26,PHC001,MED005,603,113,22.6,28,6,1,71.0,65.0,57.42857142857143,58
2025-01-27,PHC001,MED005,556,113,32.7,30,0,1,58.0,56.0,56.42857142857143,47
2025-01-28,PHC001,MED005,500,128,21.4,24,1,1,47.0,48.0,55.142857142857146,56
2025-01-29,PHC001,MED005,458,105,33.3,25,2,1,56.0,50.0,56.285714285714285,42
2025-01-30,PHC001,MED005,396,126,23.4,31,3,1,42.0,55.0,55.142857142857146,62
2025-01-31,PHC001,MED005,352,114,31.3,30,4,1,62.0,57.0,56.142857142857146,44
2025-02-01,PHC001,MED005,287,126,34.6,28,5,2,44.0,71.0,54.285714285714285,65
2025-02-02,PHC001,MED005,231,115,32.6,25,6,2,65.0,58.0,53.42857142857143,56
2025-02-03,PHC001,MED005,193,100,27.1,15,0,2,56.0,47.0,53.142857142857146,38
2025-02-04,PHC001,MED005,691,127,21.2,27,1,2,38.0,56.0,51.857142857142854,59
2025-02-05,PHC001,MED005,653,101,28.6,19,2,2,59.0,42.0,52.285714285714285,38
2025-02-06,PHC001,MED005,617,123,34.2,30,3,2,38.0,62.0,51.714285714285715,36
2025-02-07,PHC001,MED005,562,126,22.9,33,4,2,36.0,44.0,48.0,55
2025-02-08,PHC001,MED005,493,137,30.2,34,5,2,55.0,65.0,49.57142857142857,69
2025-02-09,PHC001,MED005,409,158,24.8,43,6,2,69.0,56.0,50.142857142857146,84
2025-02-10,PHC001,MED005,370,110,21.3,18,0,2,84.0,38.0,54.142857142857146,39
2025-02-11,PHC001,MED005,331,108,33.8,30,1,2,39.0,59.0,54.285714285714285,39
2025-02-12,PHC001,MED005,274,137,28.8,34,2,2,39.0,38.0,51.42857142857143,57
2025-02-13,PHC001,MED005,224,107,28.7,30,3,2,57.0,36.0,54.142857142857146,50
2025-02-14,PHC001,MED005,172,121,21.6,29,4,2,50.0,55.0,56.142857142857146,52
2025-02-15,PHC001,MED005,130,106,33.2,33,5,2,52.0,69.0,55.714285714285715,42
2025-02-16,PHC001,MED005,578,130,28.6,39,6,2,42.0,84.0,51.857142857142854,58
2025-02-17,PHC001,MED005,523,116,30.4,33,0,2,58.0,39.0,48.142857142857146,55
2025-02-18,PHC001,MED005,461,145,25.0,38,1,2,55.0,39.0,50.42857142857143,62
2025-02-19,PHC001,MED005,409,139,20.3,44,2,2,62.0,57.0,53.714285714285715,52
2025-02-20,PHC001,MED005,368,119,24.2,25,3,2,52.0,50.0,53.0,41
2025-02-21,PHC001,MED005,312,115,22.0,36,4,2,41.0,52.0,51.714285714285715,56
2025-02-22,PHC001,MED005,241,147,32.4,35,5,2,56.0,42.0,52.285714285714285,71
2025-02-23,PHC001,MED005,894,147,23.2,34,6,2,71.0,58.0,56.42857142857143,68
2025-02-24,PHC001,MED005,852,100,27.7,28,0,2,68.0,55.0,57.857142857142854,42
2025-02-25,PHC001,MED005,803,118,30.6,29,1,2,42.0,62.0,56.0,49
2025-02-26,PHC001,MED005,766,93,27.9,28,2,2,49.0,52.0,54.142857142857146,37
2025-02-27,PHC001,MED005,721,110,20.9,29,3,2,37.0,41.0,52.0,45
2025-02-28,PHC001,MED005,667,119,25.4,30,4,2,45.0,56.0,52.57142857142857,54
2025-03-01,PHC001,MED005,592,145,33.8,31,5,3,54.0,71.0,52.285714285714285,75
2025-03-02,PHC001,MED005,551,127,27.3,28,6,3,75.0,68.0,52.857142857142854,41
2025-03-03,PHC001,MED005,499,127,25.2,25,0,3,41.0,42.0,49.0,52
2025-03-04,PHC001,MED005,450,120,32.5,26,1,3,52.0,49.0,50.42857142857143,49
2025-03-05,PHC001,MED005,400,116,31.7,38,2,3,49.0,37.0,50.42857142857143,50
2025-03-06,PHC001,MED005,351,117,23.4,32,3,3,50.0,45.0,52.285714285714285,49
2025-03-07,PHC001,MED005,297,135,34.5,23,4,3,49.0,54.0,52.857142857142854,54
2025-03-08,PHC001,MED005,233,124,22.0,25,5,3,54.0,75.0,52.857142857142854,64
2025-03-09,PHC001,MED005,812,155,34.1,39,6,3,64.0,41.0,51.285714285714285,85
2025-03-10,PHC001,MED005,761,135,26.4,32,0,3,85.0,52.0,57.57142857142857,51
2025-03-11,PHC001,MED005,703,124,30.2,30,1,3,51.0,49.0,57.42857142857143,58
2025-03-12,PHC001,MED005,662,121,21.5,25,2,3,58.0,50.0,58.714285714285715,41
2025-03-13,PHC001,MED005,620,113,29.7,30,3,3,41.0,49.0,57.42857142857143,42
2025-03-14,PHC001,MED005,563,104,21.6,23,4,3,42.0,54.0,56.42857142857143,57
2025-03-15,PHC001,MED005,505,149,23.9,30,5,3,57.0,64.0,56.857142857142854,58
2025-03-16,PHC001,MED005,438,124,24.5,20,6,3,58.0,85.0,56.0,67
2025-03-17,PHC001,MED005,389,135,32.0,41,0,3,67.0,51.0,53.42857142857143,49
2025-03-18,PHC001,MED005,350,96,30.2,19,1,3,49.0,58.0,53.142857142857146,39
2025-03-19,PHC001,MED005,311,93,26.3,27,2,3,39.0,41.0,50.42857142857143,39
2025-03-20,PHC001,MED005,268,111,30.6,28,3,3,39.0,42.0,50.142857142857146,43
2025-03-21,PHC001,MED005,225,110,28.0,26,4,3,43.0,57.0,50.285714285714285,43
2025-03-22,PHC001,MED005,173,139,30.1,24,5,3,43.0,58.0,48.285714285714285,52
2025-03-23,PHC001,MED005,472,130,22.7,38,6,3,52.0,67.0,47.42857142857143,50
2025-03-24,PHC001,MED005,443,90,30.9,24,0,3,50.0,49.0,45.0,29
2025-03-25,PHC001,MED005,403,102,29.8,35,1,3,29.0,39.0,42.142857142857146,40
2025-03-26,PHC001,MED005,364,116,33.1,32,2,3,40.0,39.0,42.285714285714285,39
2025-03-27,PHC001,MED005,302,129,27.0,27,3,3,39.0,43.0,42.285714285714285,62
2025-03-28,PHC001,MED005,259,118,29.5,30,4,3,62.0,43.0,45.0,43
2025-03-29,PHC001,MED005,198,121,21.8,27,5,3,43.0,52.0,45.0,61
2025-03-30,PHC001,MED005,535,124,26.2,25,6,3,61.0,50.0,46.285714285714285,65
2025-03-31,PHC001,MED005,474,108,33.4,18,0,3,65.0,29.0,48.42857142857143,61
2025-04-01,PHC001,MED005,424,123,32.9,30,1,4,61.0,40.0,53.0,50
2025-04-02,PHC001,MED005,361,120,24.7,22,2,4,50.0,39.0,54.42857142857143,63
2025-04-03,PHC001,MED005,308,130,23.1,34,3,4,63.0,62.0,57.857142857142854,53
2025-04-04,PHC001,MED005,263,95,31.7,28,4,4,53.0,43.0,56.57142857142857,45
2025-04-05,PHC001,MED005,205,142,26.4,39,5,4,45.0,61.0,56.857142857142854,58
2025-04-06,PHC001,MED005,926,139,31.0,40,6,4,58.0,65.0,56.42857142857143,65
2025-04-07,PHC001,MED005,871,127,32.5,32,0,4,65.0,61.0,56.42857142857143,55
2025-04-08,PHC001,MED005,820,135,30.4,31,1,4,55.0,50.0,55.57142857142857,51
2025-04-09,PHC001,MED005,778,110,25.8,29,2,4,51.0,63.0,55.714285714285715,42
2025-04-10,PHC001,MED005,737,109,24.4,29,3,4,42.0,53.0,52.714285714285715,41
2025-04-11,PHC001,MED005,678,111,25.1,21,4,4,41.0,45.0,51.0,59
2025-04-12,PHC001,MED005,620,100,25.4,19,5,4,59.0,58.0,53.0,58
2025-04-13,PHC001,MED005,556,145,33.8,47,6,4,58.0,65.0,53.0,64
2025-04-14,PHC001,MED005,509,120,31.0,29,0,4,64.0,55.0,52.857142857142854,47
2025-04-15,PHC001,MED005,465,107,25.5,25,1,4,47.0,51.0,51.714285714285715,44
2025-04-16,PHC001,MED005,422,111,28.0,30,2,4,44.0,42.0,50.714285714285715,43
2025-04-17,PHC001,MED005,355,161,29.9,45,3,4,43.0,41.0,50.857142857142854,67
2025-04-18,PHC001,MED005,313,112,25.7,26,4,4,67.0,59.0,54.57142857142857,42
2025-04-19,PHC001,MED005,260,115,22.3,27,5,4,42.0,58.0,52.142857142857146,53
2025-04-20,PHC001,MED005,196,112,29.9,25,6,4,53.0,64.0,51.42857142857143,64
2025-04-21,PHC001,MED005,147,112,22.1,34,0,4,64.0,47.0,51.42857142857143,49
2025-04-22,PHC001,MED005,458,108,21.7,26,1,4,49.0,44.0,51.714285714285715,43
2025-04-23,PHC001,MED005,412,94,31.7,23,2,4,43.0,43.0,51.57142857142857,46
2025-04-24,PHC001,MED005,375,79,22.4,16,3,4,46.0,67.0,52.0,37
2025-04-25,PHC001,MED005,343,83,30.3,17,4,4,37.0,42.0,47.714285714285715,32
2025-04-26,PHC001,MED005,277,133,21.7,35,5,4,32.0,53.0,46.285714285714285,66
2025-04-27,PHC001,MED005,219,116,34.2,26,6,4,66.0,64.0,48.142857142857146,58
2025-04-28,PHC001,MED005,184,108,29.7,25,0,4,58.0,49.0,47.285714285714285,35
2025-04-29,PHC001,MED005,145,75,24.0,22,1,4,35.0,43.0,45.285714285714285,39
2025-04-30,PHC001,MED005,746,123,25.4,37,2,4,39.0,46.0,44.714285714285715,45
2025-05-01,PHC001,MED005,704,105,21.4,33,3,5,45.0,37.0,44.57142857142857,42
2025-05-02,PHC001,MED005,666,110,22.6,31,4,5,42.0,32.0,45.285714285714285,38
2025-05-03,PHC001,MED005,608,121,29.3,34,5,5,38.0,66.0,46.142857142857146,58
2025-05-04,PHC001,MED005,553,127,26.0,33,6,5,58.0,58.0,45.0,55
2025-05-05,PHC001,MED005,496,126,25.8,30,0,5,55.0,35.0,44.57142857142857,57
2025-05-06,PHC001,MED005,465,93,21.7,17,1,5,57.0,39.0,47.714285714285715,31
2025-05-07,PHC001,MED005,416,113,34.1,26,2,5,31.0,45.0,46.57142857142857,49
2025-05-08,PHC001,MED005,370,127,30.2,24,3,5,49.0,42.0,47.142857142857146,46
2025-05-09,PHC001,MED005,312,120,25.4,34,4,5,46.0,38.0,47.714285714285715,58
2025-05-10,PHC001,MED005,266,136,22.0,41,5,5,58.0,58.0,50.57142857142857,46
2025-05-11,PHC001,MED005,655,138,26.2,33,6,5,46.0,55.0,48.857142857142854,71
2025-05-12,PHC001,MED005,605,118,27.9,39,0,5,71.0,57.0,51.142857142857146,50
2025-05-13,PHC001,MED005,547,113,23.4,20,1,5,50.0,31.0,50.142857142857146,58
2025-05-14,PHC001,MED005,504,106,29.3,18,2,5,58.0,49.0,54.0,43
2025-05-15,PHC001,MED005,469,92,27.2,26,3,5,43.0,46.0,53.142857142857146,35
2025-05-16,PHC001,MED005,422,96,33.4,29,4,5,35.0,58.0,51.57142857142857,47
2025-05-17,PHC001,MED005,368,130,34.0,32,5,5,47.0,46.0,50.0,54
2025-05-18,PHC001,MED005,304,131,31.3,29,6,5,54.0,71.0,51.142857142857146,64
2025-05-19,PHC001,MED005,265,108,24.2,31,0,5,64.0,50.0,50.142857142857146,39
2025-05-20,PHC001,MED005,210,113,21.2,21,1,5,39.0,58.0,48.57142857142857,55
2025-05-21,PHC001,MED005,174,96,21.3,26,2,5,55.0,43.0,48.142857142857146,36
2025-05-22,PHC001,MED005,633,114,20.3,36,3,5,36.0,35.0,47.142857142857146,47
2025-05-23,PHC001,MED005,585,98,20.0,27,4,5,47.0,47.0,48.857142857142854,48
2025-05-24,PHC001,MED005,519,143,27.6,32,5,5,48.0,54.0,49.0,66
2025-05-25,PHC001,MED005,453,137,34.3,41,6,5,66.0,64.0,50.714285714285715,66
2025-05-26,PHC001,MED005,395,118,28.4,30,0,5,66.0,39.0,51.0,58
2025-05-27,PHC001,MED005,352,102,29.9,21,1,5,58.0,55.0,53.714285714285715,43
2025-05-28,PHC001,MED005,310,107,25.1,26,2,5,43.0,36.0,52.0,42
2025-05-29,PHC001,MED005,263,133,24.4,21,3,5,42.0,47.0,52.857142857142854,47
2025-05-30,PHC001,MED005,214,111,22.1,30,4,5,47.0,48.0,52.857142857142854,49
2025-05-31,PHC001,MED005,935,127,21.6,23,5,5,49.0,66.0,53.0,55
2025-06-01,PHC001,MED005,881,125,32.4,33,6,6,55.0,66.0,51.42857142857143,54
2025-06-02,PHC001,MED005,826,119,31.4,33,0,6,54.0,58.0,49.714285714285715,55
2025-06-03,PHC001,MED005,780,120,33.4,28,1,6,55.0,43.0,49.285714285714285,46
2025-06-04,PHC001,MED005,741,95,27.6,25,2,6,46.0,42.0,49.714285714285715,39
2025-06-05,PHC001,MED005,702,114,26.5,27,3,6,39.0,47.0,49.285714285714285,39
2025-06-06,PHC001,MED005,662,85,31.7,15,4,6,39.0,49.0,48.142857142857146,40
2025-06-07,PHC001,MED005,595,119,21.6,33,5,6,40.0,55.0,46.857142857142854,67
2025-06-08,PHC001,MED005,533,120,24.8,24,6,6,67.0,54.0,48.57142857142857,62
2025-06-09,PHC001,MED005,495,104,23.7,20,0,6,62.0,55.0,49.714285714285715,38
2025-06-10,PHC001,MED005,452,103,24.4,28,1,6,38.0,46.0,47.285714285714285,43
2025-06-11,PHC001,MED005,415,107,27.7,18,2,6,43.0,39.0,46.857142857142854,37
2025-06-12,PHC001,MED005,364,125,24.7,25,3,6,37.0,39.0,46.57142857142857,51
2025-06-13,PHC001,MED005,321,95,30.7,24,4,6,51.0,40.0,48.285714285714285,43
2025-06-14,PHC001,MED005,269,118,22.0,19,5,6,43.0,67.0,48.714285714285715,52
2025-06-15,PHC001,MED005,219,92,29.6,25,6,6,52.0,62.0,46.57142857142857,50
2025-06-16,PHC001,MED005,185,108,28.4,18,0,6,50.0,38.0,44.857142857142854,34
2025-06-17,PHC001,MED005,152,96,33.4,22,1,6,34.0,43.0,44.285714285714285,33
2025-06-18,PHC001,MED005,115,84,26.3,18,2,6,33.0,37.0,42.857142857142854,37
2025-06-19,PHC001,MED005,501,115,20.8,27,3,6,37.0,51.0,42.857142857142854,50
2025-06-20,PHC001,MED005,453,114,24.3,25,4,6,50.0,43.0,42.714285714285715,48
2025-06-21,PHC001,MED005,382,160,31.3,38,5,6,48.0,52.0,43.42857142857143,71
2025-06-22,PHC001,MED005,294,158,21.5,41,6,6,71.0,50.0,46.142857142857146,88
2025-06-23,PHC001,MED005,259,96,28.4,29,0,6,88.0,34.0,51.57142857142857,35
2025-06-24,PHC001,MED005,211,116,32.0,37,1,6,35.0,33.0,51.714285714285715,48
2025-06-25,PHC001,MED005,954,136,34.4,38,2,6,48.0,37.0,53.857142857142854,56
2025-06-26,PHC001,MED005,911,99,20.8,12,3,6,56.0,50.0,56.57142857142857,43
2025-06-27,PHC001,MED005,874,104,26.6,32,4,6,43.0,48.0,55.57142857142857,37
2025-06-28,PHC001,MED005,814,135,30.6,40,5,6,37.0,71.0,54.0,60
2025-06-29,PHC001,MED005,746,146,30.9,36,6,6,60.0,88.0,52.42857142857143,68
2025-01-08,PHC002,MED001,405,90,21.4,17,2,1,60.0,66.0,69.71428571428571,66
2025-01-09,PHC002,MED001,350,85,25.0,24,3,1,66.0,72.0,69.71428571428571,55
2025-01-10,PHC002,MED001,297,91,34.9,22,4,1,55.0,59.0,67.28571428571429,53
2025-01-11,PHC002,MED001,976,114,20.1,15,5,1,53.0,95.0,66.42857142857143,84
2025-01-12,PHC002,MED001,925,81,23.7,13,6,1,84.0,93.0,64.85714285714286,51
2025-01-13,PHC002,MED001,846,113,25.7,30,0,1,51.0,43.0,58.857142857142854,79
2025-01-14,PHC002,MED001,783,76,20.4,18,1,1,79.0,60.0,64.0,63
2025-01-15,PHC002,MED001,749,57,27.7,13,2,1,63.0,66.0,64.42857142857143,34
2025-01-16,PHC002,MED001,682,82,24.8,18,3,1,34.0,55.0,59.857142857142854,67
2025-01-17,PHC002,MED001,618,89,34.6,23,4,1,67.0,53.0,61.57142857142857,64
2025-01-18,PHC002,MED001,560,77,29.4,16,5,1,64.0,84.0,63.142857142857146,58
2025-01-19,PHC002,MED001,473,101,32.5,32,6,1,58.0,51.0,59.42857142857143,87
2025-01-20,PHC002,MED001,406,110,26.5,33,0,1,87.0,79.0,64.57142857142857,67
2025-01-21,PHC002,MED001,334,85,30.3,19,1,1,67.0,63.0,62.857142857142854,72
2025-01-22,PHC002,MED001,272,87,22.7,23,2,1,72.0,34.0,64.14285714285714,62
2025-01-23,PHC002,MED001,207,83,32.3,22,3,1,62.0,67.0,68.14285714285714,65
2025-01-24,PHC002,MED001,651,75,24.7,13,4,1,65.0,64.0,67.85714285714286,55
2025-01-25,PHC002,MED001,590,87,29.6,16,5,1,55.0,58.0,66.57142857142857,61
2025-01-26,PHC002,MED001,531,79,21.1,13,6,1,61.0,87.0,67.0,59
2025-01-27,PHC002,MED001,468,89,31.8,21,0,1,59.0,67.0,63.0,63
2025-01-28,PHC002,MED001,412,89,25.9,22,1,1,63.0,72.0,62.42857142857143,56
2025-01-29,PHC002,MED001,354,74,28.0,13,2,1,56.0,62.0,60.142857142857146,58
2025-01-30,PHC002,MED001,296,94,34.4,25,3,1,58.0,65.0,59.57142857142857,58
2025-01-31,PHC002,MED001,228,97,33.7,30,4,1,58.0,55.0,58.57142857142857,68
2025-02-01,PHC002,MED001,745,72,28.3,9,5,2,68.0,61.0,60.42857142857143,67
2025-02-02,PHC002,MED001,679,98,28.6,25,6,2,67.0,59.0,61.285714285714285,66
2025-02-03,PHC002,MED001,613,95,31.1,26,0,2,66.0,63.0,62.285714285714285,66
2025-02-04,PHC002,MED001,556,81,33.6,16,1,2,66.0,56.0,62.714285714285715,57
2025-02-05,PHC002,MED001,497,76,23.8,21,2,2,57.0,58.0,62.857142857142854,59
2025-02-06,PHC002,MED001,416,100,28.5,29,3,2,59.0,58.0,63.0,81
2025-02-07,PHC002,MED001,355,91,29.7,29,4,2,81.0,68.0,66.28571428571429,61
2025-02-08,PHC002,MED001,1046,116,23.8,32,5,2,61.0,67.0,65.28571428571429,96
2025-02-09,PHC002,MED001,951,114,29.8,27,6,2,96.0,66.0,69.42857142857143,95
2025-02-10,PHC002,MED001,886,100,33.5,29,0,2,95.0,66.0,73.57142857142857,65
2025-02-11,PHC002,MED001,823,98,28.8,21,1,2,65.0,57.0,73.42857142857143,63
2025-02-12,PHC002,MED001,775,70,24.7,15,2,2,63.0,59.0,74.28571428571429,48
2025-02-13,PHC002,MED001,712,84,31.1,21,3,2,48.0,81.0,72.71428571428571,63
2025-02-14,PHC002,MED001,674,57,22.0,17,4,2,63.0,61.0,70.14285714285714,38
2025-02-15,PHC002,MED001,621,65,24.6,11,5,2,38.0,96.0,66.85714285714286,53
2025-02-16,PHC002,MED001,542,87,29.1,20,6,2,53.0,95.0,60.714285714285715,79
2025-02-17,PHC002,MED001,497,58,23.9,18,0,2,79.0,65.0,58.42857142857143,45
2025-02-18,PHC002,MED001,426,88,21.1,20,1,2,45.0,63.0,55.57142857142857,71
2025-02-19,PHC002,MED001,364,85,26.1,27,2,2,71.0,48.0,56.714285714285715,62
2025-02-20,PHC002,MED001,342,55,28.3,7,3,2,62.0,63.0,58.714285714285715,22
2025-02-21,PHC002,MED001,292,68,25.5,8,4,2,22.0,38.0,52.857142857142854,50
2025-02-22,PHC002,MED001,774,100,31.0,33,5,2,50.0,53.0,54.57142857142857,79
2025-02-23,PHC002,MED001,676,112,20.2,32,6,2,79.0,79.0,58.285714285714285,98
2025-02-24,PHC002,MED001,619,86,34.7,34,0,2,98.0,45.0,61.0,57
2025-02-25,PHC002,MED001,574,60,28.5,16,1,2,57.0,71.0,62.714285714285715,45
2025-02-26,PHC002,MED001,536,55,22.2,9,2,2,45.0,62.0,59.0,38
2025-02-27,PHC002,MED001,500,48,23.5,20,3,2,38.0,22.0,55.57142857142857,36
2025-02-28,PHC002,MED001,453,82,30.0,24,4,2,36.0,50.0,57.57142857142857,47
2025-03-01,PHC002,MED001,362,93,33.2,14,5,3,47.0,79.0,57.142857142857146,91
2025-03-02,PHC002,MED001,698,117,21.5,31,6,3,91.0,98.0,58.857142857142854,104
2025-03-03,PHC002,MED001,650,79,28.2,21,0,3,104.0,57.0,59.714285714285715,48
2025-03-04,PHC002,MED001,596,93,25.5,29,1,3,48.0,45.0,58.42857142857143,54
2025-03-05,PHC002,MED001,556,60,33.6,10,2,3,54.0,38.0,59.714285714285715,40
2025-03-06,PHC002,MED001,516,69,33.0,16,3,3,40.0,36.0,60.0,40
2025-03-07,PHC002,MED001,464,84,22.1,16,4,3,40.0,47.0,60.57142857142857,52
2025-03-08,PHC002,MED001,385,99,29.7,26,5,3,52.0,91.0,61.285714285714285,79
2025-03-09,PHC002,MED001,291,105,21.8,21,6,3,79.0,104.0,59.57142857142857,94
2025-03-10,PHC002,MED001,241,86,30.8,30,0,3,94.0,48.0,58.142857142857146,50
2025-03-11,PHC002,MED001,490,85,32.5,21,1,3,50.0,54.0,58.42857142857143,62
2025-03-12,PHC002,MED001,428,83,28.9,23,2,3,62.0,40.0,59.57142857142857,62
2025-03-13,PHC002,MED001,364,97,22.5,26,3,3,62.0,40.0,62.714285714285715,64
2025-03-14,PHC002,MED001,284,99,26.1,21,4,3,64.0,52.0,66.14285714285714,80
2025-03-15,PHC002,MED001,221,91,32.3,28,5,3,80.0,79.0,70.14285714285714,63
2025-03-16,PHC002,MED001,560,105,29.1,25,6,3,63.0,94.0,67.85714285714286,73
2025-03-17,PHC002,MED001,509,86,31.9,24,0,3,73.0,50.0,64.85714285714286,51
2025-03-18,PHC002,MED001,449,87,29.9,18,1,3,51.0,62.0,65.0,60
2025-03-19,PHC002,MED001,366,107,28.9,23,2,3,60.0,62.0,64.71428571428571,83
2025-03-20,PHC002,MED001,302,85,21.6,26,3,3,83.0,64.0,67.71428571428571,64
2025-03-21,PHC002,MED001,573,111,22.2,22,4,3,64.0,80.0,67.71428571428571,78
2025-03-22,PHC002,MED001,474,110,29.0,37,5,3,78.0,63.0,67.42857142857143,99
2025-03-23,PHC002,MED001,410,83,29.9,20,6,3,99.0,73.0,72.57142857142857,64
2025-03-24,PHC002,MED001,328,98,20.0,20,0,3,64.0,51.0,71.28571428571429,82
2025-03-25,PHC002,MED001,272,74,33.1,13,1,3,82.0,60.0,75.71428571428571,56
2025-03-26,PHC002,MED001,228,78,34.1,14,2,3,56.0,83.0,75.14285714285714,44
2025-03-27,PHC002,MED001,883,86,33.6,16,3,3,44.0,64.0,69.57142857142857,73
2025-03-28,PHC002,MED001,830,81,22.0,18,4,3,73.0,78.0,70.85714285714286,53
2025-03-29,PHC002,MED001,755,97,33.2,26,5,3,53.0,99.0,67.28571428571429,75
2025-03-30,PHC002,MED001,680,87,30.6,23,6,3,75.0,64.0,63.857142857142854,75
2025-03-31,PHC002,MED001,633,64,29.8,16,0,3,75.0,82.0,65.42857142857143,47
2025-04-01,PHC002,MED001,576,78,25.4,15,1,4,47.0,56.0,60.42857142857143,57
2025-04-02,PHC002,MED001,493,101,26.4,25,2,4,57.0,44.0,60.57142857142857,83
2025-04-03,PHC002,MED001,443,75,30.2,21,3,4,83.0,73.0,66.14285714285714,50
2025-04-04,PHC002,MED001,404,68,25.6,18,4,4,50.0,53.0,62.857142857142854,39
2025-04-05,PHC002,MED001,345,85,24.6,19,5,4,39.0,75.0,60.857142857142854,59
2025-04-06,PHC002,MED001,277,115,29.9,27,6,4,59.0,75.0,58.57142857142857,68
2025-04-07,PHC002,MED001,218,83,30.5,15,0,4,68.0,47.0,57.57142857142857,59
2025-04-08,PHC002,MED001,808,92,28.3,19,1,4,59.0,57.0,59.285714285714285,66
2025-04-09,PHC002,MED001,761,81,25.8,18,2,4,66.0,83.0,60.57142857142857,47
2025-04-10,PHC002,MED001,723,63,29.0,18,3,4,47.0,50.0,55.42857142857143,38
2025-04-11,PHC002,MED001,669,93,25.6,25,4,4,38.0,39.0,53.714285714285715,54
2025-04-12,PHC002,MED001,609,80,29.8,24,5,4,54.0,59.0,55.857142857142854,60
2025-04-13,PHC002,MED001,539,87,20.9,34,6,4,60.0,68.0,56.0,70
2025-04-14,PHC002,MED001,488,74,32.8,17,0,4,70.0,59.0,56.285714285714285,51
2025-04-15,PHC002,MED001,417,99,22.9,22,1,4,51.0,66.0,55.142857142857146,71
2025-04-16,PHC002,MED001,378,66,30.1,14,2,4,71.0,47.0,55.857142857142854,39
2025-04-17,PHC002,MED001,326,69,34.6,22,3,4,39.0,38.0,54.714285714285715,52
2025-04-18,PHC002,MED001,257,89,26.1,16,4,4,52.0,54.0,56.714285714285715,69
2025-04-19,PHC002,MED001,840,96,30.6,24,5,4,69.0,60.0,58.857142857142854,88
2025-04-20,PHC002,MED001,787,86,25.2,26,6,4,88.0,70.0,62.857142857142854,53
2025-04-21,PHC002,MED001,713,95,29.1,22,0,4,53.0,51.0,60.42857142857143,74
2025-04-22,PHC002,MED001,634,116,26.1,25,1,4,74.0,71.0,63.714285714285715,79
2025-04-23,PHC002,MED001,558,88,24.4,23,2,4,79.0,39.0,64.85714285714286,76
2025-04-24,PHC002,MED001,509,74,32.2,28,3,4,76.0,52.0,70.14285714285714,49
2025-04-25,PHC002,MED001,473,62,34.5,12,4,4,49.0,69.0,69.71428571428571,36
2025-04-26,PHC002,MED001,424,86,26.9,22,5,4,36.0,88.0,65.0,49
2025-04-27,PHC002,MED001,359,76,20.4,20,6,4,49.0,53.0,59.42857142857143,65
2025-04-28,PHC002,MED001,314,87,30.2,11,0,4,65.0,74.0,61.142857142857146,45
2025-04-29,PHC002,MED001,253,85,34.3,25,1,4,45.0,79.0,57.0,61
2025-04-30,PHC002,MED001,197,83,21.4,22,2,4,61.0,76.0,54.42857142857143,56
2025-05-01,PHC002,MED001,626,70,21.1,9,3,5,56.0,49.0,51.57142857142857,52
2025-05-02,PHC002,MED001,568,76,22.7,20,4,5,52.0,36.0,52.0,58
2025-05-03,PHC002,MED001,496,95,22.9,12,5,5,58.0,49.0,55.142857142857146,72
2025-05-04,PHC002,MED001,424,85,23.4,21,6,5,72.0,65.0,58.42857142857143,72
2025-05-05,PHC002,MED001,357,98,25.3,16,0,5,72.0,45.0,59.42857142857143,67
2025-05-06,PHC002,MED001,299,76,27.4,29,1,5,67.0,61.0,62.57142857142857,58
2025-05-07,PHC002,MED001,678,113,34.4,28,2,5,58.0,56.0,62.142857142857146,82
2025-05-08,PHC002,MED001,629,71,33.5,5,3,5,82.0,52.0,65.85714285714286,49
2025-05-09,PHC002,MED001,559,95,34.8,19,4,5,49.0,58.0,65.42857142857143,70
2025-05-10,PHC002,MED001,478,89,20.8,23,5,5,70.0,72.0,67.14285714285714,81
2025-05-11,PHC002,MED001,408,101,28.1,19,6,5,81.0,72.0,68.42857142857143,70
2025-05-12,PHC002,MED001,355,83,34.6,19,0,5,70.0,67.0,68.14285714285714,53
2025-05-13,PHC002,MED001,297,78,30.3,14,1,5,53.0,58.0,66.14285714285714,58
2025-05-14,PHC002,MED001,242,84,29.2,17,2,5,58.0,82.0,66.14285714285714,55
2025-05-15,PHC002,MED001,194,82,23.6,26,3,5,55.0,49.0,62.285714285714285,48
2025-05-16,PHC002,MED001,785,87,23.2,17,4,5,48.0,70.0,62.142857142857146,67
2025-05-17,PHC002,MED001,719,96,26.0,19,5,5,67.0,81.0,61.714285714285715,66
2025-05-18,PHC002,MED001,639,102,32.2,33,6,5,66.0,70.0,59.57142857142857,80
2025-05-19,PHC002,MED001,582,78,28.3,10,0,5,80.0,53.0,61.0,57
2025-05-20,PHC002,MED001,539,75,27.1,21,1,5,57.0,58.0,61.57142857142857,43
2025-05-21,PHC002,MED001,460,99,22.0,25,2,5,43.0,55.0,59.42857142857143,79
2025-05-22,PHC002,MED001,412,70,27.3,13,3,5,79.0,48.0,62.857142857142854,48
2025-05-23,PHC002,MED001,349,83,20.7,30,4,5,48.0,67.0,62.857142857142854,63
2025-05-24,PHC002,MED001,607,101,32.6,26,5,5,63.0,66.0,62.285714285714285,91
2025-05-25,PHC002,MED001,556,83,25.4,22,6,5,91.0,80.0,65.85714285714286,51
2025-05-26,PHC002,MED001,505,70,21.8,17,0,5,51.0,57.0,61.714285714285715,51
2025-05-27,PHC002,MED001,439,109,23.0,17,1,5,51.0,43.0,60.857142857142854,66
2025-05-28,PHC002,MED001,376,73,25.3,22,2,5,66.0,79.0,64.14285714285714,63
2025-05-29,PHC002,MED001,317,75,31.0,13,3,5,63.0,48.0,61.857142857142854,59
2025-05-30,PHC002,MED001,254,74,22.2,16,4,5,59.0,63.0,63.42857142857143,63
2025-05-31,PHC002,MED001,914,109,25.1,35,5,5,63.0,91.0,63.42857142857143,74
2025-06-01,PHC002,MED001,854,81,25.2,21,6,6,74.0,51.0,61.0,60
2025-06-02,PHC002,MED001,809,75,30.7,25,0,6,60.0,51.0,62.285714285714285,45
2025-06-03,PHC002,MED001,766,74,34.1,25,1,6,45.0,66.0,61.42857142857143,43
2025-06-04,PHC002,MED001,704,83,26.8,14,2,6,43.0,63.0,58.142857142857146,62
2025-06-05,PHC002,MED001,626,109,23.8,29,3,6,62.0,59.0,58.0,78
2025-06-06,PHC002,MED001,573,82,23.2,12,4,6,78.0,63.0,60.714285714285715,53
2025-06-07,PHC002,MED001,499,100,20.8,30,5,6,53.0,74.0,59.285714285714285,74
2025-06-08,PHC002,MED001,412,98,34.9,18,6,6,74.0,60.0,59.285714285714285,87
2025-06-09,PHC002,MED001,337,96,25.8,33,0,6,87.0,45.0,63.142857142857146,75
2025-06-10,PHC002,MED001,272,86,26.6,29,1,6,75.0,43.0,67.42857142857143,65
2025-06-11,PHC002,MED001,204,96,25.4,24,2,6,65.0,62.0,70.57142857142857,68
2025-06-12,PHC002,MED001,694,109,27.0,22,3,6,68.0,78.0,71.42857142857143,90
2025-06-13,PHC002,MED001,650,58,30.5,5,4,6,90.0,53.0,73.14285714285714,44
2025-06-14,PHC002,MED001,575,105,29.5,32,5,6,44.0,74.0,71.85714285714286,75
2025-06-15,PHC002,MED001,512,81,24.6,13,6,6,75.0,87.0,72.0,63
2025-06-16,PHC002,MED001,467,72,32.1,23,0,6,63.0,75.0,68.57142857142857,45
2025-06-17,PHC002,MED001,399,88,20.0,21,1,6,45.0,65.0,64.28571428571429,68
2025-06-18,PHC002,MED001,333,95,25.2,14,2,6,68.0,68.0,64.71428571428571,66
2025-06-19,PHC002,MED001,283,83,27.2,31,3,6,66.0,90.0,64.42857142857143,50
2025-06-20,PHC002,MED001,213,99,24.4,25,4,6,50.0,44.0,58.714285714285715,70
2025-06-21,PHC002,MED001,629,97,28.4,20,5,6,70.0,75.0,62.42857142857143,86
2025-06-22,PHC002,MED001,547,96,29.7,31,6,6,86.0,63.0,64.0,82
2025-06-23,PHC002,MED001,490,74,27.7,24,0,6,82.0,45.0,66.71428571428571,57
2025-06-24,PHC002,MED001,428,89,30.4,15,1,6,57.0,68.0,68.42857142857143,62
2025-06-25,PHC002,MED001,354,105,22.8,22,2,6,62.0,66.0,67.57142857142857,74
2025-06-26,PHC002,MED001,297,90,21.7,23,3,6,74.0,50.0,68.71428571428571,57
2025-06-27,PHC002,MED001,242,88,24.8,20,4,6,57.0,70.0,69.71428571428571,55
2025-06-28,PHC002,MED001,498,118,20.3,40,5,6,55.0,86.0,67.57142857142857,108
2025-06-29,PHC002,MED001,435,93,23.5,21,6,6,108.0,82.0,70.71428571428571,63
2025-01-08,PHC002,MED002,233,95,34.4,25,2,1,54.0,48.0,52.42857142857143,54
2025-01-09,PHC002,MED002,187,91,30.9,21,3,1,54.0,37.0,53.285714285714285,46
2025-01-10,PHC002,MED002,151,64,24.5,20,4,1,46.0,52.0,54.57142857142857,36
2025-01-11,PHC002,MED002,614,92,30.0,24,5,1,36.0,62.0,52.285714285714285,59
2025-01-12,PHC002,MED002,555,94,24.1,22,6,1,59.0,66.0,51.857142857142854,59
2025-01-13,PHC002,MED002,492,102,20.1,31,0,1,59.0,48.0,50.857142857142854,63
2025-01-14,PHC002,MED002,444,90,25.6,15,1,1,63.0,54.0,53.0,48
2025-01-15,PHC002,MED002,407,90,21.4,24,2,1,48.0,54.0,52.142857142857146,37
2025-01-16,PHC002,MED002,376,60,20.9,22,3,1,37.0,46.0,49.714285714285715,31
2025-01-17,PHC002,MED002,338,69,31.9,11,4,1,31.0,36.0,47.57142857142857,38
2025-01-18,PHC002,MED002,277,103,31.4,34,5,1,38.0,59.0,47.857142857142854,61
2025-01-19,PHC002,MED002,218,101,22.9,20,6,1,61.0,59.0,48.142857142857146,59
2025-01-20,PHC002,MED002,174,70,27.3,24,0,1,59.0,63.0,48.142857142857146,44
2025-01-21,PHC002,MED002,135,71,30.5,19,1,1,44.0,48.0,45.42857142857143,39
2025-01-22,PHC002,MED002,803,92,24.1,18,2,1,39.0,37.0,44.142857142857146,57
2025-01-23,PHC002,MED002,776,59,22.4,8,3,1,57.0,31.0,47.0,27
2025-01-24,PHC002,MED002,739,80,26.8,22,4,1,27.0,38.0,46.42857142857143,37
2025-01-25,PHC002,MED002,671,98,31.0,18,5,1,37.0,61.0,46.285714285714285,68
2025-01-26,PHC002,MED002,614,82,24.8,15,6,1,68.0,59.0,47.285714285714285,57
2025-01-27,PHC002,MED002,545,119,32.3,34,0,1,57.0,44.0,47.0,69
2025-01-28,PHC002,MED002,493,104,24.2,26,1,1,69.0,39.0,50.57142857142857,52
2025-01-29,PHC002,MED002,455,72,21.4,20,2,1,52.0,57.0,52.42857142857143,38
2025-01-30,PHC002,MED002,413,79,20.5,22,3,1,38.0,27.0,49.714285714285715,42
2025-01-31,PHC002,MED002,371,91,20.5,24,4,1,42.0,37.0,51.857142857142854,42
2025-02-01,PHC002,MED002,322,84,28.9,14,5,2,42.0,68.0,52.57142857142857,49
2025-02-02,PHC002,MED002,244,106,30.8,27,6,2,49.0,57.0,49.857142857142854,78
2025-02-03,PHC002,MED002,211,86,32.5,15,0,2,78.0,69.0,52.857142857142854,33
2025-02-04,PHC002,MED002,180,62,25.4,16,1,2,33.0,52.0,47.714285714285715,31
2025-02-05,PHC002,MED002,159,52,20.9,16,2,2,31.0,38.0,44.714285714285715,21
2025-02-06,PHC002,MED002,123,69,31.0,13,3,2,21.0,42.0,42.285714285714285,36
2025-02-07,PHC002,MED002,496,78,21.5,20,4,2,36.0,42.0,41.42857142857143,45
2025-02-08,PHC002,MED002,446,86,27.9,20,5,2,45.0,49.0,41.857142857142854,50
2025-02-09,PHC002,MED002,365,117,26.2,32,6,2,50.0,78.0,42.0,81
2025-02-10,PHC002,MED002,323,100,25.4,29,0,2,81.0,33.0,42.42857142857143,42
2025-02-11,PHC002,MED002,280,89,22.7,24,1,2,42.0,31.0,43.714285714285715,43
2025-02-12,PHC002,MED002,238,72,22.4,20,2,2,43.0,21.0,45.42857142857143,42
2025-02-13,PHC002,MED002,191,83,34.9,18,3,2,42.0,36.0,48.42857142857143,47
2025-02-14,PHC002,MED002,158,77,31.5,23,4,2,47.0,45.0,50.0,33
2025-02-15,PHC002,MED002,793,106,23.2,21,5,2,33.0,50.0,48.285714285714285,57
2025-02-16,PHC002,MED002,762,72,25.4,15,6,2,57.0,81.0,49.285714285714285,31
2025-02-17,PHC002,MED002,713,94,24.3,24,0,2,31.0,42.0,42.142857142857146,49
2025-02-18,PHC002,MED002,648,91,33.4,23,1,2,49.0,43.0,43.142857142857146,65
2025-02-19,PHC002,MED002,599,85,31.6,22,2,2,65.0,42.0,46.285714285714285,49
2025-02-20,PHC002,MED002,550,109,33.8,24,3,2,49.0,47.0,47.285714285714285,49
2025-02-21,PHC002,MED002,508,82,26.9,18,4,2,49.0,33.0,47.57142857142857,42
2025-02-22,PHC002,MED002,445,102,33.3,28,5,2,42.0,57.0,48.857142857142854,63
2025-02-23,PHC002,MED002,369,107,28.5,24,6,2,63.0,31.0,49.714285714285715,76
2025-02-24,PHC002,MED002,330,84,24.9,22,0,2,76.0,49.0,56.142857142857146,39
2025-02-25,PHC002,MED002,289,85,32.3,27,1,2,39.0,65.0,54.714285714285715,41
2025-02-26,PHC002,MED002,232,101,20.6,29,2,2,41.0,49.0,51.285714285714285,57
2025-02-27,PHC002,MED002,205,69,25.0,19,3,2,57.0,49.0,52.42857142857143,27
2025-02-28,PHC002,MED002,828,95,34.0,20,4,2,27.0,42.0,49.285714285714285,59
2025-03-01,PHC002,MED002,767,113,20.2,24,5,3,59.0,63.0,51.714285714285715,61
2025-03-02,PHC002,MED002,703,98,24.6,19,6,3,61.0,76.0,51.42857142857143,64
2025-03-03,PHC002,MED002,654,88,23.3,25,0,3,64.0,39.0,49.714285714285715,49
2025-03-04,PHC002,MED002,609,106,25.9,29,1,3,49.0,41.0,51.142857142857146,45
2025-03-05,PHC002,MED002,564,90,24.3,18,2,3,45.0,57.0,51.714285714285715,45
2025-03-06,PHC002,MED002,527,77,21.2,20,3,3,45.0,27.0,50.0,37
2025-03-07,PHC002,MED002,485,81,27.5,18,4,3,37.0,59.0,51.42857142857143,42
2025-03-08,PHC002,MED002,436,97,22.0,21,5,3,42.0,61.0,49.0,49
2025-03-09,PHC002,MED002,387,89,29.2,20,6,3,49.0,64.0,47.285714285714285,49
2025-03-10,PHC002,MED002,345,82,21.1,16,0,3,49.0,49.0,45.142857142857146,42
2025-03-11,PHC002,MED002,310,70,30.1,19,1,3,42.0,45.0,44.142857142857146,35
2025-03-12,PHC002,MED002,275,71,24.8,19,2,3,35.0,45.0,42.714285714285715,35
2025-03-13,PHC002,MED002,219,81,29.2,15,3,3,35.0,37.0,41.285714285714285,56
2025-03-14,PHC002,MED002,559,99,22.2,24,4,3,56.0,42.0,44.0,62
2025-03-15,PHC002,MED002,502,103,30.9,24,5,3,62.0,49.0,46.857142857142854,57
2025-03-16,PHC002,MED002,435,117,23.6,33,6,3,57.0,49.0,48.0,67
2025-03-17,PHC002,MED002,398,77,25.1,21,0,3,67.0,42.0,50.57142857142857,37
2025-03-18,PHC002,MED002,357,87,27.1,17,1,3,37.0,35.0,49.857142857142854,41
2025-03-19,PHC002,MED002,294,104,31.3,27,2,3,41.0,35.0,50.714285714285715,63
2025-03-20,PHC002,MED002,263,63,34.9,13,3,3,63.0,56.0,54.714285714285715,31
2025-03-21,PHC002,MED002,224,62,27.9,7,4,3,31.0,62.0,51.142857142857146,39
2025-03-22,PHC002,MED002,168,95,23.0,25,5,3,39.0,57.0,47.857142857142854,56
2025-03-23,PHC002,MED002,751,84,21.0,9,6,3,56.0,67.0,47.714285714285715,55
2025-03-24,PHC002,MED002,708,79,29.9,29,0,3,55.0,37.0,46.0,43
2025-03-25,PHC002,MED002,670,81,23.5,25,1,3,43.0,41.0,46.857142857142854,38
2025-03-26,PHC002,MED002,645,53,21.5,22,2,3,38.0,63.0,46.42857142857143,25
2025-03-27,PHC002,MED002,586,111,27.5,24,3,3,25.0,31.0,41.0,59
2025-03-28,PHC002,MED002,559,50,20.3,15,4,3,59.0,39.0,45.0,27
2025-03-29,PHC002,MED002,480,114,22.4,25,5,3,27.0,56.0,43.285714285714285,79
2025-03-30,PHC002,MED002,423,88,29.4,25,6,3,79.0,55.0,46.57142857142857,57
2025-03-31,PHC002,MED002,355,124,29.4,21,0,3,57.0,43.0,46.857142857142854,68
2025-04-01,PHC002,MED002,294,106,32.2,19,1,4,68.0,38.0,50.42857142857143,61
2025-04-02,PHC002,MED002,248,87,33.5,21,2,4,61.0,25.0,53.714285714285715,46
2025-04-03,PHC002,MED002,202,79,25.7,17,3,4,46.0,59.0,56.714285714285715,46
2025-04-04,PHC002,MED002,165,78,23.6,16,4,4,46.0,27.0,54.857142857142854,37
2025-04-05,PHC002,MED002,507,118,33.6,40,5,4,37.0,79.0,56.285714285714285,63
2025-04-06,PHC002,MED002,450,112,30.3,24,6,4,63.0,57.0,54.0,57
2025-04-07,PHC002,MED002,398,85,30.3,23,0,4,57.0,68.0,54.0,52
2025-04-08,PHC002,MED002,363,63,31.6,5,1,4,52.0,61.0,51.714285714285715,35
2025-04-09,PHC002,MED002,321,72,22.4,12,2,4,35.0,46.0,48.0,42
2025-04-10,PHC002,MED002,278,91,32.6,22,3,4,42.0,46.0,47.42857142857143,43
2025-04-11,PHC002,MED002,221,85,24.8,22,4,4,43.0,37.0,47.0,57
2025-04-12,PHC002,MED002,784,89,32.3,19,5,4,57.0,63.0,49.857142857142854,63
2025-04-13,PHC002,MED002,716,107,31.7,25,6,4,63.0,57.0,49.857142857142854,68
2025-04-14,PHC002,MED002,678,89,24.0,22,0,4,68.0,52.0,51.42857142857143,38
2025-04-15,PHC002,MED002,642,73,23.5,16,1,4,38.0,35.0,49.42857142857143,36
2025-04-16,PHC002,MED002,610,70,27.5,15,2,4,36.0,42.0,49.57142857142857,32
2025-04-17,PHC002,MED002,574,64,25.6,11,3,4,32.0,43.0,48.142857142857146,36
2025-04-18,PHC002,MED002,536,69,20.5,19,4,4,36.0,57.0,47.142857142857146,38
2025-04-19,PHC002,MED002,488,96,24.0,23,5,4,38.0,63.0,44.42857142857143,48
2025-04-20,PHC002,MED002,423,108,21.0,35,6,4,48.0,68.0,42.285714285714285,65
2025-04-21,PHC002,MED002,365,122,33.0,24,0,4,65.0,38.0,41.857142857142854,58
2025-04-22,PHC002,MED002,319,84,26.1,17,1,4,58.0,36.0,44.714285714285715,46
2025-04-23,PHC002,MED002,266,107,25.7,28,2,4,46.0,32.0,46.142857142857146,53
2025-04-24,PHC002,MED002,220,102,27.9,25,3,4,53.0,36.0,49.142857142857146,46
2025-04-25,PHC002,MED002,177,102,27.8,19,4,4,46.0,38.0,50.57142857142857,43
2025-04-26,PHC002,MED002,608,104,27.8,41,5,4,43.0,48.0,51.285714285714285,71
2025-04-27,PHC002,MED002,544,100,25.8,24,6,4,71.0,65.0,54.57142857142857,64
2025-04-28,PHC002,MED002,517,45,33.3,13,0,4,64.0,58.0,54.42857142857143,27
2025-04-29,PHC002,MED002,474,85,22.5,17,1,4,27.0,46.0,50.0,43
2025-04-30,PHC002,MED002,427,115,27.0,24,2,4,43.0,53.0,49.57142857142857,47
2025-05-01,PHC002,MED002,385,79,27.5,18,3,5,47.0,46.0,48.714285714285715,42
2025-05-02,PHC002,MED002,339,101,25.9,30,4,5,42.0,43.0,48.142857142857146,46
2025-05-03,PHC002,MED002,274,94,26.8,24,5,5,46.0,71.0,48.57142857142857,65
2025-05-04,PHC002,MED002,232,76,24.9,20,6,5,65.0,64.0,47.714285714285715,42
2025-05-05,PHC002,MED002,198,69,22.5,10,0,5,42.0,27.0,44.57142857142857,34
2025-05-06,PHC002,MED002,166,77,21.3,17,1,5,34.0,43.0,45.57142857142857,32
2025-05-07,PHC002,MED002,129,77,34.6,11,2,5,32.0,47.0,44.0,37
2025-05-08,PHC002,MED002,561,77,22.6,17,3,5,37.0,42.0,42.57142857142857,39
2025-05-09,PHC002,MED002,527,63,22.3,12,4,5,39.0,46.0,42.142857142857146,34
2025-05-10,PHC002,MED002,481,89,24.6,21,5,5,34.0,65.0,40.42857142857143,46
2025-05-11,PHC002,MED002,421,97,29.4,18,6,5,46.0,42.0,37.714285714285715,60
2025-05-12,PHC002,MED002,368,88,23.8,24,0,5,60.0,34.0,40.285714285714285,53
2025-05-13,PHC002,MED002,333,55,28.2,16,1,5,53.0,32.0,43.0,35
2025-05-14,PHC002,MED002,283,84,27.1,21,2,5,35.0,37.0,43.42857142857143,50
2025-05-15,PHC002,MED002,242,78,29.0,20,3,5,50.0,39.0,45.285714285714285,41
2025-05-16,PHC002,MED002,194,102,32.4,20,4,5,41.0,34.0,45.57142857142857,48
2025-05-17,PHC002,MED002,758,104,29.8,26,5,5,48.0,46.0,47.57142857142857,77
2025-05-18,PHC002,MED002,701,102,25.0,19,6,5,77.0,60.0,52.0,57
2025-05-19,PHC002,MED002,652,89,34.9,23,0,5,57.0,53.0,51.57142857142857,49
2025-05-20,PHC002,MED002,611,93,28.6,19,1,5,49.0,35.0,51.0,41
2025-05-21,PHC002,MED002,587,47,31.2,6,2,5,41.0,50.0,51.857142857142854,24
2025-05-22,PHC002,MED002,546,86,33.5,22,3,5,24.0,41.0,48.142857142857146,41
2025-05-23,PHC002,MED002,490,94,32.6,15,4,5,41.0,48.0,48.142857142857146,56
2025-05-24,PHC002,MED002,417,102,24.9,32,5,5,56.0,77.0,49.285714285714285,73
2025-05-25,PHC002,MED002,355,87,23.1,23,6,5,73.0,57.0,48.714285714285715,62
2025-05-26,PHC002,MED002,308,90,21.3,28,0,5,62.0,49.0,49.42857142857143,47
2025-05-27,PHC002,MED002,266,80,31.8,13,1,5,47.0,41.0,49.142857142857146,42
2025-05-28,PHC002,MED002,232,68,28.6,19,2,5,42.0,24.0,49.285714285714285,34
2025-05-29,PHC002,MED002,206,59,29.2,6,3,5,34.0,41.0,50.714285714285715,26
2025-05-30,PHC002,MED002,160,84,33.3,11,4,5,26.0,56.0,48.57142857142857,46
2025-05-31,PHC002,MED002,806,97,22.9,28,5,5,46.0,73.0,47.142857142857146,61
2025-06-01,PHC002,MED002,735,107,32.0,33,6,6,61.0,62.0,45.42857142857143,71
2025-06-02,PHC002,MED002,693,99,25.0,24,0,6,71.0,47.0,46.714285714285715,42
2025-06-03,PHC002,MED002,655,75,24.2,22,1,6,42.0,42.0,46.0,38
2025-06-04,PHC002,MED002,612,86,27.6,17,2,6,38.0,34.0,45.42857142857143,43
2025-06-05,PHC002,MED002,574,85,30.9,19,3,6,43.0,26.0,46.714285714285715,38
2025-06-06,PHC002,MED002,536,80,22.6,19,4,6,38.0,46.0,48.42857142857143,38
2025-06-07,PHC002,MED002,488,107,32.0,21,5,6,38.0,61.0,47.285714285714285,48
2025-06-08,PHC002,MED002,432,85,29.4,16,6,6,48.0,71.0,45.42857142857143,56
2025-06-09,PHC002,MED002,389,71,26.2,13,0,6,56.0,42.0,43.285714285714285,43
2025-06-10,PHC002,MED002,348,82,24.5,11,1,6,43.0,38.0,43.42857142857143,41
2025-06-11,PHC002,MED002,313,70,30.3,14,2,6,41.0,43.0,43.857142857142854,35
2025-06-12,PHC002,MED002,260,93,25.3,13,3,6,35.0,38.0,42.714285714285715,53
2025-06-13,PHC002,MED002,215,81,29.4,34,4,6,53.0,38.0,44.857142857142854,45
2025-06-14,PHC002,MED002,164,106,25.8,21,5,6,45.0,48.0,45.857142857142854,51
2025-06-15,PHC002,MED002,126,79,24.7,19,6,6,51.0,56.0,46.285714285714285,38
2025-06-16,PHC002,MED002,860,98,27.5,25,0,6,38.0,43.0,43.714285714285715,52
2025-06-17,PHC002,MED002,801,99,22.6,22,1,6,52.0,41.0,45.0,59
2025-06-18,PHC002,MED002,754,80,23.0,20,2,6,59.0,35.0,47.57142857142857,47
2025-06-19,PHC002,MED002,717,93,22.3,26,3,6,47.0,53.0,49.285714285714285,37
2025-06-20,PHC002,MED002,679,74,33.1,23,4,6,37.0,45.0,47.0,38
2025-06-21,PHC002,MED002,616,108,34.7,27,5,6,38.0,51.0,46.0,63
2025-06-22,PHC002,MED002,583,49,23.1,10,6,6,63.0,38.0,47.714285714285715,33
2025-06-23,PHC002,MED002,539,86,24.7,23,0,6,33.0,52.0,47.0,44
2025-06-24,PHC002,MED002,487,111,33.1,30,1,6,44.0,59.0,45.857142857142854,52
2025-06-25,PHC002,MED002,420,110,31.2,34,2,6,52.0,47.0,44.857142857142854,67
2025-06-26,PHC002,MED002,360,108,29.6,28,3,6,67.0,37.0,47.714285714285715,60
2025-06-27,PHC002,MED002,302,93,31.6,21,4,6,60.0,38.0,51.0,58
2025-06-28,PHC002,MED002,233,90,22.4,18,5,6,58.0,63.0,53.857142857142854,69
2025-06-29,PHC002,MED002,740,120,28.1,27,6,6,69.0,33.0,54.714285714285715,74
2025-01-08,PHC002,MED003,543,64,30.5,23,2,1,33.0,27.0,36.57142857142857,27
2025-01-09,PHC002,MED003,507,94,29.7,25,3,1,27.0,36.0,36.57142857142857,36
2025-01-10,PHC002,MED003,482,66,33.4,19,4,1,36.0,36.0,36.57142857142857,25
2025-01-11,PHC002,MED003,436,95,22.8,28,5,1,25.0,46.0,35.0,46
2025-01-12,PHC002,MED003,400,89,27.3,25,6,1,46.0,43.0,35.0,36
2025-01-13,PHC002,MED003,363,90,27.2,23,0,1,36.0,35.0,34.0,37
2025-01-14,PHC002,MED003,331,73,27.6,14,1,1,37.0,33.0,34.285714285714285,32
2025-01-15,PHC002,MED003,308,63,21.6,20,2,1,32.0,27.0,34.142857142857146,23
2025-01-16,PHC002,MED003,272,81,28.9,18,3,1,23.0,36.0,33.57142857142857,36
2025-01-17,PHC002,MED003,241,84,22.4,24,4,1,36.0,25.0,33.57142857142857,31
2025-01-18,PHC002,MED003,190,96,26.5,25,5,1,31.0,46.0,34.42857142857143,51
2025-01-19,PHC002,MED003,781,115,25.1,27,6,1,51.0,36.0,35.142857142857146,51
2025-01-20,PHC002,MED003,748,74,28.6,28,0,1,51.0,37.0,37.285714285714285,33
2025-01-21,PHC002,MED003,729,63,26.9,16,1,1,33.0,32.0,36.714285714285715,19
2025-01-22,PHC002,MED003,692,74,21.0,24,2,1,19.0,23.0,34.857142857142854,37
2025-01-23,PHC002,MED003,655,104,31.6,31,3,1,37.0,36.0,36.857142857142854,37
2025-01-24,PHC002,MED003,619,95,32.3,22,4,1,37.0,31.0,37.0,36
2025-01-25,PHC002,MED003,560,120,29.5,22,5,1,36.0,51.0,37.714285714285715,59
2025-01-26,PHC002,MED003,510,96,25.8,27,6,1,59.0,51.0,38.857142857142854,50
2025-01-27,PHC002,MED003,482,74,30.2,16,0,1,50.0,33.0,38.714285714285715,28
2025-01-28,PHC002,MED003,443,101,34.1,28,1,1,28.0,19.0,38.0,39
2025-01-29,PHC002,MED003,425,44,25.2,16,2,1,39.0,37.0,40.857142857142854,18
2025-01-30,PHC002,MED003,391,84,21.9,26,3,1,18.0,37.0,38.142857142857146,34
2025-01-31,PHC002,MED003,357,79,28.2,24,4,1,34.0,36.0,37.714285714285715,34
2025-02-01,PHC002,MED003,317,103,32.9,27,5,2,34.0,59.0,37.42857142857143,40
2025-02-02,PHC002,MED003,276,103,30.5,23,6,2,40.0,50.0,34.714285714285715,41
2025-02-03,PHC002,MED003,239,91,28.2,19,0,2,41.0,28.0,33.42857142857143,37
2025-02-04,PHC002,MED003,217,74,22.8,13,1,2,37.0,39.0,34.714285714285715,22
2025-02-05,PHC002,MED003,179,106,35.0,28,2,2,22.0,18.0,32.285714285714285,38
2025-02-06,PHC002,MED003,143,79,21.1,17,3,2,38.0,34.0,35.142857142857146,36
2025-02-07,PHC002,MED003,110,85,34.9,15,4,2,36.0,34.0,35.42857142857143,33
2025-02-08,PHC002,MED003,679,114,26.2,32,5,2,33.0,40.0,35.285714285714285,40
2025-02-09,PHC002,MED003,637,103,26.8,32,6,2,40.0,41.0,35.285714285714285,42
2025-02-10,PHC002,MED003,615,58,25.8,18,0,2,42.0,37.0,35.42857142857143,22
2025-02-11,PHC002,MED003,577,99,31.0,30,1,2,22.0,22.0,33.285714285714285,38
2025-02-12,PHC002,MED003,547,80,33.9,16,2,2,38.0,38.0,35.57142857142857,30
2025-02-13,PHC002,MED003,515,81,25.5,25,3,2,30.0,36.0,34.42857142857143,32
2025-02-14,PHC002,MED003,497,49,21.2,6,4,2,32.0,33.0,33.857142857142854,18
2025-02-15,PHC002,MED003,468,77,24.2,24,5,2,18.0,40.0,31.714285714285715,29
2025-02-16,PHC002,MED003,433,77,29.2,18,6,2,29.0,42.0,30.142857142857142,35
2025-02-17,PHC002,MED003,398,104,30.3,22,0,2,35.0,22.0,29.142857142857142,35
2025-02-18,PHC002,MED003,370,64,29.2,14,1,2,35.0,38.0,31.0,28
2025-02-19,PHC002,MED003,341,72,33.6,23,2,2,28.0,30.0,29.571428571428573,29
2025-02-20,PHC002,MED003,310,71,25.3,15,3,2,29.0,32.0,29.428571428571427,31
2025-02-21,PHC002,MED003,273,81,29.0,24,4,2,31.0,18.0,29.285714285714285,37
2025-02-22,PHC002,MED003,238,87,23.9,30,5,2,37.0,29.0,32.0,35
2025-02-23,PHC002,MED003,204,81,24.4,13,6,2,35.0,35.0,32.857142857142854,34
2025-02-24,PHC002,MED003,170,83,27.3,19,0,2,34.0,35.0,32.714285714285715,34
2025-02-25,PHC002,MED003,138,87,29.2,22,1,2,34.0,28.0,32.57142857142857,32
2025-02-26,PHC002,MED003,112,81,31.1,24,2,2,32.0,29.0,33.142857142857146,26
2025-02-27,PHC002,MED003,91,63,25.5,15,3,2,26.0,31.0,32.714285714285715,21
2025-02-28,PHC002,MED003,366,95,23.5,31,4,2,21.0,37.0,31.285714285714285,41
2025-03-01,PHC002,MED003,311,112,22.2,26,5,3,41.0,35.0,31.857142857142858,55
2025-03-02,PHC002,MED003,257,104,27.4,24,6,3,55.0,34.0,34.714285714285715,54
2025-03-03,PHC002,MED003,223,82,29.6,20,0,3,54.0,34.0,37.57142857142857,34
2025-03-04,PHC002,MED003,194,89,25.2,30,1,3,34.0,32.0,37.57142857142857,29
2025-03-05,PHC002,MED003,169,63,26.0,18,2,3,29.0,26.0,37.142857142857146,25
2025-03-06,PHC002,MED003,144,75,31.3,26,3,3,25.0,21.0,37.0,25
2025-03-07,PHC002,MED003,118,80,22.2,18,4,3,25.0,41.0,37.57142857142857,26
2025-03-08,PHC002,MED003,875,97,33.9,23,5,3,26.0,55.0,35.42857142857143,35
2025-03-09,PHC002,MED003,833,103,21.5,13,6,3,35.0,54.0,32.57142857142857,42
2025-03-10,PHC002,MED003,810,69,32.7,16,0,3,42.0,34.0,30.857142857142858,23
2025-03-11,PHC002,MED003,781,69,32.0,16,1,3,23.0,29.0,29.285714285714285,29
2025-03-12,PHC002,MED003,751,82,26.9,27,2,3,29.0,25.0,29.285714285714285,30
2025-03-13,PHC002,MED003,728,73,27.8,14,3,3,30.0,25.0,30.0,23
2025-03-14,PHC002,MED003,704,62,24.7,5,4,3,23.0,26.0,29.714285714285715,24
2025-03-15,PHC002,MED003,659,96,27.9,28,5,3,24.0,35.0,29.428571428571427,45
2025-03-16,PHC002,MED003,619,90,30.9,18,6,3,45.0,42.0,30.857142857142858,40
2025-03-17,PHC002,MED003,586,87,28.9,20,0,3,40.0,23.0,30.571428571428573,33
2025-03-18,PHC002,MED003,543,91,29.0,20,1,3,33.0,29.0,32.0,43
2025-03-19,PHC002,MED003,497,109,25.6,33,2,3,43.0,30.0,34.0,46
2025-03-20,PHC002,MED003,463,85,32.0,14,3,3,46.0,23.0,36.285714285714285,34
2025-03-21,PHC002,MED003,424,90,29.9,24,4,3,34.0,24.0,37.857142857142854,39
2025-03-22,PHC002,MED003,373,110,34.9,30,5,3,39.0,45.0,40.0,51
2025-03-23,PHC002,MED003,346,73,23.9,14,6,3,51.0,40.0,40.857142857142854,27
2025-03-24,PHC002,MED003,323,85,20.9,17,0,3,27.0,33.0,39.0,23
2025-03-25,PHC002,MED003,267,115,22.7,28,1,3,23.0,43.0,37.57142857142857,56
2025-03-26,PHC002,MED003,225,121,23.0,36,2,3,56.0,46.0,39.42857142857143,42
2025-03-27,PHC002,MED003,182,97,26.5,29,3,3,42.0,34.0,38.857142857142854,43
2025-03-28,PHC002,MED003,151,78,26.6,17,4,3,43.0,39.0,40.142857142857146,31
2025-03-29,PHC002,MED003,409,100,31.7,32,5,3,31.0,51.0,39.0,51
2025-03-30,PHC002,MED003,353,102,29.6,23,6,3,51.0,27.0,39.0,56
2025-03-31,PHC002,MED003,317,74,33.6,17,0,3,56.0,23.0,43.142857142857146,36
2025-04-01,PHC002,MED003,296,67,34.1,14,1,4,36.0,56.0,45.0,21
2025-04-02,PHC002,MED003,270,84,31.8,25,2,4,21.0,42.0,40.0,26
2025-04-03,PHC002,MED003,238,82,34.3,20,3,4,26.0,43.0,37.714285714285715,32
2025-04-04,PHC002,MED003,216,67,25.4,6,4,4,32.0,31.0,36.142857142857146,22
2025-04-05,PHC002,MED003,176,89,29.5,17,5,4,22.0,51.0,34.857142857142854,40
2025-04-06,PHC002,MED003,138,94,21.2,11,6,4,40.0,56.0,33.285714285714285,38
2025-04-07,PHC002,MED003,116,58,29.7,16,0,4,38.0,36.0,30.714285714285715,22
2025-04-08,PHC002,MED003,839,87,30.4,19,1,4,22.0,21.0,28.714285714285715,35
2025-04-09,PHC002,MED003,797,101,27.3,29,2,4,35.0,26.0,30.714285714285715,42
2025-04-10,PHC002,MED003,769,72,20.4,18,3,4,42.0,32.0,33.0,28
2025-04-11,PHC002,MED003,731,94,25.8,23,4,4,28.0,22.0,32.42857142857143,38
2025-04-12,PHC002,MED003,698,75,32.2,5,5,4,38.0,40.0,34.714285714285715,33
2025-04-13,PHC002,MED003,659,98,25.1,24,6,4,33.0,38.0,33.714285714285715,39
2025-04-14,PHC002,MED003,617,103,29.8,22,0,4,39.0,22.0,33.857142857142854,42
2025-04-15,PHC002,MED003,602,48,33.1,10,1,4,42.0,35.0,36.714285714285715,15
2025-04-16,PHC002,MED003,571,77,31.0,19,2,4,15.0,42.0,33.857142857142854,31
2025-04-17,PHC002,MED003,542,80,33.6,20,3,4,31.0,28.0,32.285714285714285,29
2025-04-18,PHC002,MED003,513,75,29.5,18,4,4,29.0,38.0,32.42857142857143,29
2025-04-19,PHC002,MED003,468,119,21.5,24,5,4,29.0,33.0,31.142857142857142,45
2025-04-20,PHC002,MED003,430,77,21.7,27,6,4,45.0,39.0,32.857142857142854,38
2025-04-21,PHC002,MED003,403,66,20.9,12,0,4,38.0,42.0,32.714285714285715,27
2025-04-22,PHC002,MED003,371,96,26.0,28,1,4,27.0,15.0,30.571428571428573,32
2025-04-23,PHC002,MED003,337,100,28.2,30,2,4,32.0,31.0,33.0,34
2025-04-24,PHC002,MED003,288,118,22.6,29,3,4,34.0,29.0,33.42857142857143,49
2025-04-25,PHC002,MED003,248,94,31.4,25,4,4,49.0,29.0,36.285714285714285,40
2025-04-26,PHC002,MED003,194,108,28.7,28,5,4,40.0,45.0,37.857142857142854,54
2025-04-27,PHC002,MED003,894,113,29.5,34,6,4,54.0,38.0,39.142857142857146,50
2025-04-28,PHC002,MED003,858,89,22.7,21,0,4,50.0,27.0,40.857142857142854,36
2025-04-29,PHC002,MED003,824,102,33.3,29,1,4,36.0,32.0,42.142857142857146,34
2025-04-30,PHC002,MED003,792,97,23.1,25,2,4,34.0,34.0,42.42857142857143,32
2025-05-01,PHC002,MED003,762,71,26.2,13,3,5,32.0,49.0,42.142857142857146,30
2025-05-02,PHC002,MED003,734,75,27.5,21,4,5,30.0,40.0,39.42857142857143,28
2025-05-03,PHC002,MED003,684,116,31.7,26,5,5,28.0,54.0,37.714285714285715,50
2025-05-04,PHC002,MED003,640,97,28.0,24,6,5,50.0,50.0,37.142857142857146,44
2025-05-05,PHC002,MED003,607,95,31.4,26,0,5,44.0,36.0,36.285714285714285,33
2025-05-06,PHC002,MED003,582,80,24.1,20,1,5,33.0,34.0,35.857142857142854,25
2025-05-07,PHC002,MED003,543,92,30.3,31,2,5,25.0,32.0,34.57142857142857,39
2025-05-08,PHC002,MED003,508,80,20.6,23,3,5,39.0,30.0,35.57142857142857,35
2025-05-09,PHC002,MED003,482,76,26.5,15,4,5,35.0,28.0,36.285714285714285,26
2025-05-10,PHC002,MED003,431,119,31.1,29,5,5,26.0,50.0,36.0,51
2025-05-11,PHC002,MED003,388,104,31.8,24,6,5,51.0,44.0,36.142857142857146,43
2025-05-12,PHC002,MED003,360,84,28.9,27,0,5,43.0,33.0,36.0,28
2025-05-13,PHC002,MED003,333,78,30.2,22,1,5,28.0,25.0,35.285714285714285,27
2025-05-14,PHC002,MED003,290,106,31.1,25,2,5,27.0,39.0,35.57142857142857,43
2025-05-15,PHC002,MED003,259,93,23.3,19,3,5,43.0,35.0,36.142857142857146,31
2025-05-16,PHC002,MED003,227,86,33.9,23,4,5,31.0,26.0,35.57142857142857,32
2025-05-17,PHC002,MED003,192,81,22.0,21,5,5,32.0,51.0,36.42857142857143,35
2025-05-18,PHC002,MED003,159,75,21.9,22,6,5,35.0,43.0,34.142857142857146,33
2025-05-19,PHC002,MED003,125,81,22.0,18,0,5,33.0,28.0,32.714285714285715,34
2025-05-20,PHC002,MED003,95,70,33.3,19,1,5,34.0,27.0,33.57142857142857,30
2025-05-21,PHC002,MED003,72,62,29.6,10,2,5,30.0,43.0,34.0,23
2025-05-22,PHC002,MED003,781,77,21.3,28,3,5,23.0,31.0,31.142857142857142,29
2025-05-23,PHC002,MED003,763,53,23.2,11,4,5,29.0,32.0,30.857142857142858,18
2025-05-24,PHC002,MED003,717,98,33.1,29,5,5,18.0,35.0,28.857142857142858,46
2025-05-25,PHC002,MED003,661,96,23.3,29,6,5,46.0,33.0,30.428571428571427,56
2025-05-26,PHC002,MED003,638,67,26.3,25,0,5,56.0,34.0,33.714285714285715,23
2025-05-27,PHC002,MED003,593,127,31.0,35,1,5,23.0,30.0,32.142857142857146,45
2025-05-28,PHC002,MED003,555,83,30.4,13,2,5,45.0,23.0,34.285714285714285,38
2025-05-29,PHC002,MED003,515,97,21.2,27,3,5,38.0,29.0,36.42857142857143,40
2025-05-30,PHC002,MED003,490,60,25.4,12,4,5,40.0,18.0,38.0,25
2025-05-31,PHC002,MED003,449,99,20.2,43,5,5,25.0,46.0,39.0,41
2025-06-01,PHC002,MED003,410,88,28.8,15,6,6,41.0,56.0,38.285714285714285,39
2025-06-02,PHC002,MED003,373,100,22.1,24,0,6,39.0,23.0,35.857142857142854,37
2025-06-03,PHC002,MED003,349,74,30.6,23,1,6,37.0,45.0,37.857142857142854,24
2025-06-04,PHC002,MED003,312,104,25.8,26,2,6,24.0,38.0,34.857142857142854,37
2025-06-05,PHC002,MED003,282,66,30.5,14,3,6,37.0,40.0,34.714285714285715,30
2025-06-06,PHC002,MED003,258,68,23.1,12,4,6,30.0,25.0,33.285714285714285,24
2025-06-07,PHC002,MED003,217,76,27.7,13,5,6,24.0,41.0,33.142857142857146,41
2025-06-08,PHC002,MED003,174,108,20.8,24,6,6,41.0,39.0,33.142857142857146,43
2025-06-09,PHC002,MED003,137,94,29.7,28,0,6,43.0,37.0,33.714285714285715,37
2025-06-10,PHC002,MED003,105,78,31.6,13,1,6,37.0,24.0,33.714285714285715,32
2025-06-11,PHC002,MED003,756,93,31.1,16,2,6,32.0,37.0,34.857142857142854,34
2025-06-12,PHC002,MED003,737,50,23.1,6,3,6,34.0,30.0,34.42857142857143,19
2025-06-13,PHC002,MED003,707,72,30.2,15,4,6,19.0,24.0,32.857142857142854,30
2025-06-14,PHC002,MED003,671,95,25.2,25,5,6,30.0,41.0,33.714285714285715,36
2025-06-15,PHC002,MED003,622,97,30.2,29,6,6,36.0,43.0,33.0,49
2025-06-16,PHC002,MED003,592,71,29.3,16,0,6,49.0,37.0,33.857142857142854,30
2025-06-17,PHC002,MED003,578,49,21.0,16,1,6,30.0,32.0,32.857142857142854,14
2025-06-18,PHC002,MED003,537,96,21.2,20,2,6,14.0,34.0,30.285714285714285,41
2025-06-19,PHC002,MED003,508,76,24.1,21,3,6,41.0,19.0,31.285714285714285,29
2025-06-20,PHC002,MED003,483,77,33.1,13,4,6,29.0,30.0,32.714285714285715,25
2025-06-21,PHC002,MED003,427,93,28.1,19,5,6,25.0,36.0,32.0,56
2025-06-22,PHC002,MED003,382,105,26.7,29,6,6,56.0,49.0,34.857142857142854,45
2025-06-23,PHC002,MED003,350,73,23.5,27,0,6,45.0,30.0,34.285714285714285,32
2025-06-24,PHC002,MED003,313,103,26.2,23,1,6,32.0,14.0,34.57142857142857,37
2025-06-25,PHC002,MED003,266,101,30.5,22,2,6,37.0,41.0,37.857142857142854,47
2025-06-26,PHC002,MED003,224,92,24.6,18,3,6,47.0,29.0,38.714285714285715,42
2025-06-27,PHC002,MED003,179,103,27.3,27,4,6,42.0,25.0,40.57142857142857,45
2025-06-28,PHC002,MED003,512,121,20.7,28,5,6,45.0,56.0,43.42857142857143,52
2025-06-29,PHC002,MED003,463,109,28.0,25,6,6,52.0,45.0,42.857142857142854,49
2025-01-08,PHC002,MED004,377,81,24.3,18,2,1,38.0,44.0,39.857142857142854,30
2025-01-09,PHC002,MED004,320,123,28.6,25,3,1,30.0,32.0,37.857142857142854,57
2025-01-10,PHC002,MED004,281,98,30.3,29,4,1,57.0,37.0,41.42857142857143,39
2025-01-11,PHC002,MED004,240,92,22.1,12,5,1,39.0,50.0,41.714285714285715,41
2025-01-12,PHC002,MED004,189,92,26.7,15,6,1,41.0,46.0,40.42857142857143,51
2025-01-13,PHC002,MED004,154,87,29.6,22,0,1,51.0,32.0,41.142857142857146,35
2025-01-14,PHC002,MED004,122,78,20.3,23,1,1,35.0,38.0,41.57142857142857,32
2025-01-15,PHC002,MED004,489,67,30.1,15,2,1,32.0,30.0,40.714285714285715,32
2025-01-16,PHC002,MED004,449,92,27.7,16,3,1,32.0,57.0,41.0,40
2025-01-17,PHC002,MED004,405,104,26.0,28,4,1,40.0,39.0,38.57142857142857,44
2025-01-18,PHC002,MED004,364,80,25.2,19,5,1,44.0,41.0,39.285714285714285,41
2025-01-19,PHC002,MED004,316,90,28.4,27,6,1,41.0,51.0,39.285714285714285,48
2025-01-20,PHC002,MED004,272,114,26.6,28,0,1,48.0,35.0,38.857142857142854,44
2025-01-21,PHC002,MED004,230,96,33.5,30,1,1,44.0,32.0,40.142857142857146,42
2025-01-22,PHC002,MED004,204,68,22.2,20,2,1,42.0,32.0,41.57142857142857,26
2025-01-23,PHC002,MED004,178,68,27.9,31,3,1,26.0,40.0,40.714285714285715,26
2025-01-24,PHC002,MED004,758,113,20.1,24,4,1,26.0,44.0,38.714285714285715,47
2025-01-25,PHC002,MED004,705,109,28.3,24,5,1,47.0,41.0,39.142857142857146,53
2025-01-26,PHC002,MED004,666,71,25.7,19,6,1,53.0,48.0,40.857142857142854,39
2025-01-27,PHC002,MED004,629,79,32.4,19,0,1,39.0,44.0,39.57142857142857,37
2025-01-28,PHC002,MED004,598,72,20.4,12,1,1,37.0,42.0,38.57142857142857,31
2025-01-29,PHC002,MED004,552,95,34.3,23,2,1,31.0,26.0,37.0,46
2025-01-30,PHC002,MED004,528,68,26.3,10,3,1,46.0,26.0,39.857142857142854,24
2025-01-31,PHC002,MED004,502,60,23.7,15,4,1,24.0,47.0,39.57142857142857,26
2025-02-01,PHC002,MED004,452,104,31.2,27,5,2,26.0,53.0,36.57142857142857,50
2025-02-02,PHC002,MED004,418,79,33.0,16,6,2,50.0,39.0,36.142857142857146,34
2025-02-03,PHC002,MED004,390,71,27.7,16,0,2,34.0,37.0,35.42857142857143,28
2025-02-04,PHC002,MED004,364,57,22.4,9,1,2,28.0,31.0,34.142857142857146,26
2025-02-05,PHC002,MED004,329,88,22.4,23,2,2,26.0,46.0,33.42857142857143,35
2025-02-06,PHC002,MED004,297,81,33.7,25,3,2,35.0,24.0,31.857142857142858,32
2025-02-07,PHC002,MED004,260,93,27.7,11,4,2,32.0,26.0,33.0,37
2025-02-08,PHC002,MED004,213,97,21.4,21,5,2,37.0,50.0,34.57142857142857,47
2025-02-09,PHC002,MED004,182,77,30.3,25,6,2,47.0,34.0,34.142857142857146,31
2025-02-10,PHC002,MED004,145,76,30.3,26,0,2,31.0,28.0,33.714285714285715,37
2025-02-11,PHC002,MED004,595,94,27.8,23,1,2,37.0,26.0,35.0,40
2025-02-12,PHC002,MED004,557,86,33.8,16,2,2,40.0,35.0,37.0,38
2025-02-13,PHC002,MED004,518,92,31.9,13,3,2,38.0,32.0,37.42857142857143,39
2025-02-14,PHC002,MED004,488,62,34.3,12,4,2,39.0,37.0,38.42857142857143,30
2025-02-15,PHC002,MED004,458,76,26.3,16,5,2,30.0,47.0,37.42857142857143,30
2025-02-16,PHC002,MED004,401,102,22.0,24,6,2,30.0,31.0,35.0,57
2025-02-17,PHC002,MED004,366,85,26.6,20,0,2,57.0,37.0,38.714285714285715,35
2025-02-18,PHC002,MED004,320,101,34.6,24,1,2,35.0,40.0,38.42857142857143,46
2025-02-19,PHC002,MED004,281,94,21.9,23,2,2,46.0,38.0,39.285714285714285,39
2025-02-20,PHC002,MED004,245,75,24.6,11,3,2,39.0,39.0,39.42857142857143,36
2025-02-21,PHC002,MED004,185,124,21.7,23,4,2,36.0,30.0,39.0,60
2025-02-22,PHC002,MED004,764,113,26.5,28,5,2,60.0,30.0,43.285714285714285,58
2025-02-23,PHC002,MED004,713,99,21.8,23,6,2,58.0,57.0,47.285714285714285,51
2025-02-24,PHC002,MED004,676,83,30.0,22,0,2,51.0,35.0,46.42857142857143,37
2025-02-25,PHC002,MED004,652,57,33.5,17,1,2,37.0,46.0,46.714285714285715,24
2025-02-26,PHC002,MED004,606,89,21.4,26,2,2,24.0,39.0,43.57142857142857,46
2025-02-27,PHC002,MED004,583,54,22.4,17,3,2,46.0,36.0,44.57142857142857,23
2025-02-28,PHC002,MED004,558,59,23.6,14,4,2,23.0,60.0,42.714285714285715,25
2025-03-01,PHC002,MED004,510,93,23.3,22,5,3,25.0,58.0,37.714285714285715,48
2025-03-02,PHC002,MED004,478,100,33.5,28,6,3,48.0,51.0,36.285714285714285,32
2025-03-03,PHC002,MED004,446,74,27.6,21,0,3,32.0,37.0,33.57142857142857,32
2025-03-04,PHC002,MED004,423,79,28.8,15,1,3,32.0,24.0,32.857142857142854,23
2025-03-05,PHC002,MED004,378,97,25.7,26,2,3,23.0,46.0,32.714285714285715,45
2025-03-06,PHC002,MED004,340,85,21.7,24,3,3,45.0,23.0,32.57142857142857,38
2025-03-07,PHC002,MED004,304,82,31.4,22,4,3,38.0,25.0,34.714285714285715,36
2025-03-08,PHC002,MED004,262,90,20.6,16,5,3,36.0,48.0,36.285714285714285,42
2025-03-09,PHC002,MED004,204,102,24.7,24,6,3,42.0,32.0,35.42857142857143,58
2025-03-10,PHC002,MED004,165,99,28.3,23,0,3,58.0,32.0,39.142857142857146,39
2025-03-11,PHC002,MED004,658,112,32.6,28,1,3,39.0,23.0,40.142857142857146,50
2025-03-12,PHC002,MED004,620,96,20.2,22,2,3,50.0,45.0,44.0,38
2025-03-13,PHC002,MED004,591,63,30.1,10,3,3,38.0,38.0,43.0,29
2025-03-14,PHC002,MED004,543,94,30.4,26,4,3,29.0,36.0,41.714285714285715,48
2025-03-15,PHC002,MED004,499,92,25.5,25,5,3,48.0,42.0,43.42857142857143,44
2025-03-16,PHC002,MED004,453,99,32.7,27,6,3,44.0,58.0,43.714285714285715,46
2025-03-17,PHC002,MED004,412,89,31.5,17,0,3,46.0,39.0,42.0,41
2025-03-18,PHC002,MED004,372,85,31.3,14,1,3,41.0,50.0,42.285714285714285,40
2025-03-19,PHC002,MED004,348,49,34.3,7,2,3,40.0,38.0,40.857142857142854,24
2025-03-20,PHC002,MED004,306,101,22.2,24,3,3,24.0,29.0,38.857142857142854,42
2025-03-21,PHC002,MED004,269,85,34.1,17,4,3,42.0,48.0,40.714285714285715,37
2025-03-22,PHC002,MED004,210,120,32.5,31,5,3,37.0,44.0,39.142857142857146,59
2025-03-23,PHC002,MED004,609,96,24.9,26,6,3,59.0,46.0,41.285714285714285,56
2025-03-24,PHC002,MED004,574,78,21.1,17,0,3,56.0,41.0,42.714285714285715,35
2025-03-25,PHC002,MED004,551,57,29.9,15,1,3,35.0,40.0,41.857142857142854,23
2025-03-26,PHC002,MED004,516,71,25.2,17,2,3,23.0,24.0,39.42857142857143,35
2025-03-27,PHC002,MED004,486,68,26.5,18,3,3,35.0,42.0,41.0,30
2025-03-28,PHC002,MED004,447,96,24.7,21,4,3,30.0,37.0,39.285714285714285,39
2025-03-29,PHC002,MED004,390,107,32.9,32,5,3,39.0,59.0,39.57142857142857,57
2025-03-30,PHC002,MED004,338,88,27.4,29,6,3,57.0,56.0,39.285714285714285,52
2025-03-31,PHC002,MED004,292,101,30.1,22,0,3,52.0,35.0,38.714285714285715,46
2025-04-01,PHC002,MED004,270,71,28.6,11,1,4,46.0,23.0,40.285714285714285,22
2025-04-02,PHC002,MED004,234,87,27.4,16,2,4,22.0,35.0,40.142857142857146,36
2025-04-03,PHC002,MED004,187,103,25.3,24,3,4,36.0,30.0,40.285714285714285,47
2025-04-04,PHC002,MED004,153,81,32.6,21,4,4,47.0,39.0,42.714285714285715,34
2025-04-05,PHC002,MED004,460,81,20.4,26,5,4,34.0,57.0,42.0,42
2025-04-06,PHC002,MED004,411,87,26.2,7,6,4,42.0,52.0,39.857142857142854,49
2025-04-07,PHC002,MED004,372,94,23.5,24,0,4,49.0,46.0,39.42857142857143,39
2025-04-08,PHC002,MED004,343,89,21.7,18,1,4,39.0,22.0,38.42857142857143,29
2025-04-09,PHC002,MED004,307,92,20.6,28,2,4,29.0,36.0,39.42857142857143,36
2025-04-10,PHC002,MED004,278,70,20.3,12,3,4,36.0,47.0,39.42857142857143,29
2025-04-11,PHC002,MED004,247,80,24.7,20,4,4,29.0,34.0,36.857142857142854,31
2025-04-12,PHC002,MED004,199,90,30.4,27,5,4,31.0,42.0,36.42857142857143,48
2025-04-13,PHC002,MED004,151,100,32.2,30,6,4,48.0,49.0,37.285714285714285,48
2025-04-14,PHC002,MED004,734,75,23.0,14,0,4,48.0,39.0,37.142857142857146,42
2025-04-15,PHC002,MED004,696,98,32.6,17,1,4,42.0,29.0,37.57142857142857,38
2025-04-16,PHC002,MED004,657,80,26.0,35,2,4,38.0,36.0,38.857142857142854,39
2025-04-17,PHC002,MED004,618,87,21.4,29,3,4,39.0,29.0,39.285714285714285,39
2025-04-18,PHC002,MED004,583,77,32.0,18,4,4,39.0,31.0,40.714285714285715,35
2025-04-19,PHC002,MED004,543,85,31.9,21,5,4,35.0,48.0,41.285714285714285,40
2025-04-20,PHC002,MED004,505,85,28.1,23,6,4,40.0,48.0,40.142857142857146,38
2025-04-21,PHC002,MED004,474,88,29.4,26,0,4,38.0,42.0,38.714285714285715,31
2025-04-22,PHC002,MED004,433,90,30.5,22,1,4,31.0,38.0,37.142857142857146,41
2025-04-23,PHC002,MED004,382,96,23.2,19,2,4,41.0,39.0,37.57142857142857,51
2025-04-24,PHC002,MED004,346,77,28.0,7,3,4,51.0,39.0,39.285714285714285,36
2025-04-25,PHC002,MED004,322,64,26.5,10,4,4,36.0,35.0,38.857142857142854,24
2025-04-26,PHC002,MED004,278,87,22.2,17,5,4,24.0,40.0,37.285714285714285,44
2025-04-27,PHC002,MED004,227,109,24.5,33,6,4,44.0,38.0,37.857142857142854,51
2025-04-28,PHC002,MED004,189,88,23.1,22,0,4,51.0,31.0,39.714285714285715,38
2025-04-29,PHC002,MED004,163,59,29.7,19,1,4,38.0,41.0,40.714285714285715,26
2025-04-30,PHC002,MED004,540,103,22.9,23,2,4,26.0,51.0,38.57142857142857,48
2025-05-01,PHC002,MED004,500,87,27.3,17,3,5,48.0,36.0,38.142857142857146,40
2025-05-02,PHC002,MED004,468,82,24.1,23,4,5,40.0,24.0,38.714285714285715,32
2025-05-03,PHC002,MED004,419,122,24.2,32,5,5,32.0,44.0,39.857142857142854,49
2025-05-04,PHC002,MED004,374,89,31.7,29,6,5,49.0,51.0,40.57142857142857,45
2025-05-05,PHC002,MED004,327,113,24.7,31,0,5,45.0,38.0,39.714285714285715,47
2025-05-06,PHC002,MED004,293,88,30.1,32,1,5,47.0,26.0,41.0,34
2025-05-07,PHC002,MED004,252,94,32.6,20,2,5,34.0,48.0,42.142857142857146,41
2025-05-08,PHC002,MED004,223,74,21.8,13,3,5,41.0,40.0,41.142857142857146,29
2025-05-09,PHC002,MED004,197,73,31.6,12,4,5,29.0,32.0,39.57142857142857,26
2025-05-10,PHC002,MED004,607,93,31.6,28,5,5,26.0,49.0,38.714285714285715,50
2025-05-11,PHC002,MED004,565,86,25.8,27,6,5,50.0,45.0,38.857142857142854,42
2025-05-12,PHC002,MED004,533,72,22.6,15,0,5,42.0,47.0,38.42857142857143,32
2025-05-13,PHC002,MED004,496,99,23.8,23,1,5,32.0,34.0,36.285714285714285,37
2025-05-14,PHC002,MED004,458,74,24.7,9,2,5,37.0,41.0,36.714285714285715,38
2025-05-15,PHC002,MED004,425,63,34.4,19,3,5,38.0,29.0,36.285714285714285,33
2025-05-16,PHC002,MED004,396,59,32.3,9,4,5,33.0,26.0,36.857142857142854,29
2025-05-17,PHC002,MED004,322,134,29.1,35,5,5,29.0,50.0,37.285714285714285,74
2025-05-18,PHC002,MED004,286,77,31.8,26,6,5,74.0,42.0,40.714285714285715,36
2025-05-19,PHC002,MED004,245,84,24.6,27,0,5,36.0,32.0,39.857142857142854,41
2025-05-20,PHC002,MED004,212,79,33.0,20,1,5,41.0,37.0,41.142857142857146,33
2025-05-21,PHC002,MED004,182,92,33.6,19,2,5,33.0,38.0,40.57142857142857,30
2025-05-22,PHC002,MED004,551,109,32.3,27,3,5,30.0,33.0,39.42857142857143,51
2025-05-23,PHC002,MED004,522,74,22.4,27,4,5,51.0,29.0,42.0,29
2025-05-24,PHC002,MED004,479,100,31.8,27,5,5,29.0,74.0,42.0,43
2025-05-25,PHC002,MED004,440,95,31.7,25,6,5,43.0,36.0,37.57142857142857,39
2025-05-26,PHC002,MED004,404,84,26.3,25,0,5,39.0,41.0,38.0,36
2025-05-27,PHC002,MED004,364,89,22.4,21,1,5,36.0,33.0,37.285714285714285,40
2025-05-28,PHC002,MED004,320,89,28.2,15,2,5,40.0,30.0,38.285714285714285,44
2025-05-29,PHC002,MED004,289,72,31.4,24,3,5,44.0,51.0,40.285714285714285,31
2025-05-30,PHC002,MED004,253,76,20.0,12,4,5,31.0,29.0,37.42857142857143,36
2025-05-31,PHC002,MED004,202,100,28.6,29,5,5,36.0,43.0,38.42857142857143,51
2025-06-01,PHC002,MED004,163,103,29.7,23,6,6,51.0,39.0,39.57142857142857,39
2025-06-02,PHC002,MED004,865,97,26.2,29,0,6,39.0,36.0,39.57142857142857,45
2025-06-03,PHC002,MED004,836,77,30.3,18,1,6,45.0,40.0,40.857142857142854,29
2025-06-04,PHC002,MED004,799,96,23.0,16,2,6,29.0,44.0,39.285714285714285,37
2025-06-05,PHC002,MED004,770,88,33.3,30,3,6,37.0,31.0,38.285714285714285,29
2025-06-06,PHC002,MED004,736,89,33.8,34,4,6,29.0,36.0,38.0,34
2025-06-07,PHC002,MED004,705,79,23.0,31,5,6,34.0,51.0,37.714285714285715,31
2025-06-08,PHC002,MED004,663,93,26.0,20,6,6,31.0,39.0,34.857142857142854,42
2025-06-09,PHC002,MED004,623,88,34.2,26,0,6,42.0,45.0,35.285714285714285,40
2025-06-10,PHC002,MED004,575,101,26.5,30,1,6,40.0,29.0,34.57142857142857,48
2025-06-11,PHC002,MED004,545,75,30.7,17,2,6,48.0,37.0,37.285714285714285,30
2025-06-12,PHC002,MED004,506,94,31.7,32,3,6,30.0,29.0,36.285714285714285,39
2025-06-13,PHC002,MED004,455,100,29.0,31,4,6,39.0,34.0,37.714285714285715,51
2025-06-14,PHC002,MED004,407,108,30.2,26,5,6,51.0,31.0,40.142857142857146,48
2025-06-15,PHC002,MED004,351,103,23.9,28,6,6,48.0,42.0,42.57142857142857,56
2025-06-16,PHC002,MED004,327,59,25.5,7,0,6,56.0,40.0,44.57142857142857,24
2025-06-17,PHC002,MED004,297,68,24.8,19,1,6,24.0,48.0,42.285714285714285,30
2025-06-18,PHC002,MED004,266,75,30.7,11,2,6,30.0,30.0,39.714285714285715,31
2025-06-19,PHC002,MED004,239,59,20.9,14,3,6,31.0,39.0,39.857142857142854,27
2025-06-20,PHC002,MED004,195,78,33.6,22,4,6,27.0,51.0,38.142857142857146,44
2025-06-21,PHC002,MED004,148,95,31.2,30,5,6,44.0,48.0,37.142857142857146,47
2025-06-22,PHC002,MED004,584,107,29.3,27,6,6,47.0,56.0,37.0,53
2025-06-23,PHC002,MED004,533,97,20.6,31,0,6,53.0,24.0,36.57142857142857,51
2025-06-24,PHC002,MED004,497,87,27.4,24,1,6,51.0,30.0,40.42857142857143,36
2025-06-25,PHC002,MED004,449,97,26.5,30,2,6,36.0,31.0,41.285714285714285,48
2025-06-26,PHC002,MED004,424,82,34.7,24,3,6,48.0,27.0,43.714285714285715,25
2025-06-27,PHC002,MED004,383,83,26.5,19,4,6,25.0,44.0,43.42857142857143,41
2025-06-28,PHC002,MED004,321,105,32.4,24,5,6,41.0,47.0,43.0,62
2025-06-29,PHC002,MED004,274,88,31.1,19,6,6,62.0,53.0,45.142857142857146,47
2025-01-08,PHC002,MED005,801,114,34.6,22,2,1,25.0,21.0,24.428571428571427,31
2025-01-09,PHC002,MED005,779,64,26.2,14,3,1,31.0,18.0,25.857142857142858,22
2025-01-10,PHC002,MED005,757,95,20.4,19,4,1,22.0,17.0,26.428571428571427,22
2025-01-11,PHC002,MED005,735,86,25.9,14,5,1,22.0,38.0,27.142857142857142,22
2025-01-12,PHC002,MED005,711,76,21.2,20,6,1,22.0,35.0,24.857142857142858,24
2025-01-13,PHC002,MED005,678,94,26.8,17,0,1,24.0,17.0,23.285714285714285,33
2025-01-14,PHC002,MED005,655,77,29.8,32,1,1,33.0,25.0,25.571428571428573,23
2025-01-15,PHC002,MED005,627,96,31.0,22,2,1,23.0,31.0,25.285714285714285,28
2025-01-16,PHC002,MED005,614,46,20.7,8,3,1,28.0,22.0,24.857142857142858,13
2025-01-17,PHC002,MED005,585,75,20.8,15,4,1,13.0,22.0,23.571428571428573,29
2025-01-18,PHC002,MED005,543,111,22.7,24,5,1,29.0,22.0,24.571428571428573,42
2025-01-19,PHC002,MED005,497,125,21.3,29,6,1,42.0,24.0,27.428571428571427,46
2025-01-20,PHC002,MED005,476,76,31.3,19,0,1,46.0,33.0,30.571428571428573,21
2025-01-21,PHC002,MED005,457,79,27.4,17,1,1,21.0,23.0,28.857142857142858,19
2025-01-22,PHC002,MED005,423,94,22.0,20,2,1,19.0,28.0,28.285714285714285,34
2025-01-23,PHC002,MED005,407,69,27.7,9,3,1,34.0,13.0,29.142857142857142,16
2025-01-24,PHC002,MED005,380,85,26.3,14,4,1,16.0,29.0,29.571428571428573,27
2025-01-25,PHC002,MED005,349,97,29.2,15,5,1,27.0,42.0,29.285714285714285,31
2025-01-26,PHC002,MED005,311,102,27.0,29,6,1,31.0,46.0,27.714285714285715,38
2025-01-27,PHC002,MED005,289,87,22.3,29,0,1,38.0,21.0,26.571428571428573,22
2025-01-28,PHC002,MED005,263,84,26.6,16,1,1,22.0,19.0,26.714285714285715,26
2025-01-29,PHC002,MED005,227,97,22.2,21,2,1,26.0,34.0,27.714285714285715,36
2025-01-30,PHC002,MED005,198,106,24.4,29,3,1,36.0,16.0,28.0,29
2025-01-31,PHC002,MED005,170,89,20.7,22,4,1,29.0,27.0,29.857142857142858,28
2025-02-01,PHC002,MED005,132,105,28.5,32,5,2,28.0,31.0,30.0,38
2025-02-02,PHC002,MED005,102,95,21.2,27,6,2,38.0,38.0,31.0,30
2025-02-03,PHC002,MED005,80,83,22.7,19,0,2,30.0,22.0,29.857142857142858,22
2025-02-04,PHC002,MED005,590,78,33.2,20,1,2,22.0,26.0,29.857142857142858,22
2025-02-05,PHC002,MED005,564,102,32.1,25,2,2,22.0,36.0,29.285714285714285,26
2025-02-06,PHC002,MED005,545,65,32.2,25,3,2,26.0,29.0,27.857142857142858,19
2025-02-07,PHC002,MED005,519,89,30.1,26,4,2,19.0,28.0,26.428571428571427,26
2025-02-08,PHC002,MED005,482,93,25.9,23,5,2,26.0,38.0,26.142857142857142,37
2025-02-09,PHC002,MED005,448,97,29.9,19,6,2,37.0,30.0,26.0,34
2025-02-10,PHC002,MED005,422,82,24.5,12,0,2,34.0,22.0,26.571428571428573,26
2025-02-11,PHC002,MED005,409,64,30.1,11,1,2,26.0,22.0,27.142857142857142,13
2025-02-12,PHC002,MED005,382,85,22.0,19,2,2,13.0,26.0,25.857142857142858,27
2025-02-13,PHC002,MED005,352,109,20.4,26,3,2,27.0,19.0,26.0,30
2025-02-14,PHC002,MED005,327,75,23.6,19,4,2,30.0,26.0,27.571428571428573,25
2025-02-15,PHC002,MED005,303,71,31.5,15,5,2,25.0,37.0,27.428571428571427,24
2025-02-16,PHC002,MED005,260,105,21.7,30,6,2,24.0,34.0,25.571428571428573,43
2025-02-17,PHC002,MED005,238,69,20.3,11,0,2,43.0,26.0,26.857142857142858,22
2025-02-18,PHC002,MED005,215,72,24.4,19,1,2,22.0,13.0,26.285714285714285,23
2025-02-19,PHC002,MED005,193,70,32.7,16,2,2,23.0,27.0,27.714285714285715,22
2025-02-20,PHC002,MED005,176,69,27.4,19,3,2,22.0,30.0,27.0,17
2025-02-21,PHC002,MED005,154,72,26.0,19,4,2,17.0,25.0,25.142857142857142,22
2025-02-22,PHC002,MED005,123,72,34.0,17,5,2,22.0,24.0,24.714285714285715,31
2025-02-23,PHC002,MED005,94,79,20.3,19,6,2,31.0,43.0,25.714285714285715,29
2025-02-24,PHC002,MED005,77,66,24.0,13,0,2,29.0,22.0,23.714285714285715,17
2025-02-25,PHC002,MED005,586,58,29.7,19,1,2,17.0,23.0,23.0,20
2025-02-26,PHC002,MED005,559,82,24.3,19,2,2,20.0,22.0,22.571428571428573,27
2025-02-27,PHC002,MED005,526,96,33.6,24,3,2,27.0,17.0,23.285714285714285,33
2025-02-28,PHC002,MED005,504,72,32.6,23,4,2,33.0,22.0,25.571428571428573,22
2025-03-01,PHC002,MED005,466,89,34.4,20,5,3,22.0,31.0,25.571428571428573,38
2025-03-02,PHC002,MED005,428,107,31.0,20,6,3,38.0,29.0,26.571428571428573,38
2025-03-03,PHC002,MED005,414,57,24.2,18,0,3,38.0,17.0,27.857142857142858,14
2025-03-04,PHC002,MED005,389,83,21.9,13,1,3,14.0,20.0,27.428571428571427,25
2025-03-05,PHC002,MED005,357,102,34.9,29,2,3,25.0,27.0,28.142857142857142,32
2025-03-06,PHC002,MED005,328,80,20.7,23,3,3,32.0,33.0,28.857142857142858,29
2025-03-07,PHC002,MED005,301,87,32.4,19,4,3,29.0,22.0,28.285714285714285,27
2025-03-08,PHC002,MED005,273,99,21.0,23,5,3,27.0,38.0,29.0,28
2025-03-09,PHC002,MED005,236,104,23.9,28,6,3,28.0,38.0,27.571428571428573,37
2025-03-10,PHC002,MED005,212,75,20.7,22,0,3,37.0,14.0,27.428571428571427,24
2025-03-11,PHC002,MED005,187,75,27.7,23,1,3,24.0,25.0,28.857142857142858,25
2025-03-12,PHC002,MED005,168,72,33.9,11,2,3,25.0,32.0,28.857142857142858,19
2025-03-13,PHC002,MED005,143,89,21.6,23,3,3,19.0,29.0,27.0,25
2025-03-14,PHC002,MED005,124,63,34.2,10,4,3,25.0,27.0,26.428571428571427,19
2025-03-15,PHC002,MED005,855,92,33.1,28,5,3,19.0,28.0,25.285714285714285,35
2025-03-16,PHC002,MED005,827,80,30.6,26,6,3,35.0,37.0,26.285714285714285,28
2025-03-17,PHC002,MED005,809,65,25.5,18,0,3,28.0,24.0,25.0,18
2025-03-18,PHC002,MED005,778,86,23.0,19,1,3,18.0,25.0,24.142857142857142,31
2025-03-19,PHC002,MED005,754,78,27.1,28,2,3,31.0,19.0,25.0,24
2025-03-20,PHC002,MED005,730,81,24.0,23,3,3,24.0,25.0,25.714285714285715,24
2025-03-21,PHC002,MED005,711,68,31.3,14,4,3,24.0,19.0,25.571428571428573,19
2025-03-22,PHC002,MED005,692,70,22.1,15,5,3,19.0,35.0,25.571428571428573,19
2025-03-23,PHC002,MED005,660,110,27.7,37,6,3,19.0,28.0,23.285714285714285,32
2025-03-24,PHC002,MED005,639,68,26.6,6,0,3,32.0,18.0,23.857142857142858,21
2025-03-25,PHC002,MED005,621,59,25.1,12,1,3,21.0,31.0,24.285714285714285,18
2025-03-26,PHC002,MED005,602,62,26.5,20,2,3,18.0,24.0,22.428571428571427,19
2025-03-27,PHC002,MED005,576,86,28.6,24,3,3,19.0,24.0,21.714285714285715,26
2025-03-28,PHC002,MED005,528,125,32.0,29,4,3,26.0,19.0,22.0,48
2025-03-29,PHC002,MED005,501,67,30.5,7,5,3,48.0,19.0,26.142857142857142,27
2025-03-30,PHC002,MED005,465,112,24.7,22,6,3,27.0,32.0,27.285714285714285,36
2025-03-31,PHC002,MED005,435,106,22.2,32,0,3,36.0,21.0,27.857142857142858,30
2025-04-01,PHC002,MED005,419,65,33.3,20,1,4,30.0,18.0,29.142857142857142,16
2025-04-02,PHC002,MED005,399,68,32.2,12,2,4,16.0,19.0,28.857142857142858,20
2025-04-03,PHC002,MED005,377,68,33.2,10,3,4,20.0,26.0,29.0,22
2025-04-04,PHC002,MED005,347,92,33.2,16,4,4,22.0,48.0,28.428571428571427,30
2025-04-05,PHC002,MED005,324,77,23.2,18,5,4,30.0,27.0,25.857142857142858,23
2025-04-06,PHC002,MED005,287,95,20.4,19,6,4,23.0,36.0,25.285714285714285,37
2025-04-07,PHC002,MED005,257,97,23.9,20,0,4,37.0,30.0,25.428571428571427,30
2025-04-08,PHC002,MED005,235,72,31.0,12,1,4,30.0,16.0,25.428571428571427,22
2025-04-09,PHC002,MED005,205,89,27.6,18,2,4,22.0,20.0,26.285714285714285,30
2025-04-10,PHC002,MED005,177,101,28.6,30,3,4,30.0,22.0,27.714285714285715,28
2025-04-11,PHC002,MED005,148,97,23.5,24,4,4,28.0,30.0,28.571428571428573,29
2025-04-12,PHC002,MED005,129,76,30.0,16,5,4,29.0,23.0,28.428571428571427,19
2025-04-13,PHC002,MED005,98,102,24.5,22,6,4,19.0,37.0,27.857142857142858,31
2025-04-14,PHC002,MED005,81,59,25.7,12,0,4,31.0,30.0,27.0,17
2025-04-15,PHC002,MED005,587,82,27.7,18,1,4,17.0,22.0,25.142857142857142,26
2025-04-16,PHC002,MED005,551,107,32.4,33,2,4,26.0,30.0,25.714285714285715,36
2025-04-17,PHC002,MED005,528,88,33.3,22,3,4,36.0,28.0,26.571428571428573,23
2025-04-18,PHC002,MED005,499,85,28.8,17,4,4,23.0,29.0,25.857142857142858,29
2025-04-19,PHC002,MED005,474,81,24.0,19,5,4,29.0,19.0,25.857142857142858,25
2025-04-20,PHC002,MED005,437,96,27.3,13,6,4,25.0,31.0,26.714285714285715,37
2025-04-21,PHC002,MED005,398,111,22.2,26,0,4,37.0,17.0,27.571428571428573,39
2025-04-22,PHC002,MED005,363,100,32.9,30,1,4,39.0,26.0,30.714285714285715,35
2025-04-23,PHC002,MED005,335,91,27.1,25,2,4,35.0,36.0,32.0,28
2025-04-24,PHC002,MED005,318,47,29.0,5,3,4,28.0,23.0,30.857142857142858,17
2025-04-25,PHC002,MED005,293,77,28.6,20,4,4,17.0,29.0,30.0,25
2025-04-26,PHC002,MED005,248,98,24.5,13,5,4,25.0,25.0,29.428571428571427,45
2025-04-27,PHC002,MED005,224,69,22.1,18,6,4,45.0,37.0,32.285714285714285,24
2025-04-28,PHC002,MED005,203,81,23.2,28,0,4,24.0,39.0,30.428571428571427,21
2025-04-29,PHC002,MED005,179,90,21.8,17,1,4,21.0,35.0,27.857142857142858,24
2025-04-30,PHC002,MED005,142,108,28.5,21,2,4,24.0,28.0,26.285714285714285,37
2025-05-01,PHC002,MED005,113,104,27.1,20,3,5,37.0,17.0,27.571428571428573,29
2025-05-02,PHC002,MED005,98,63,26.9,16,4,5,29.0,25.0,29.285714285714285,15
2025-05-03,PHC002,MED005,74,80,33.0,21,5,5,15.0,45.0,27.857142857142858,24
2025-05-04,PHC002,MED005,540,120,23.5,27,6,5,24.0,24.0,24.857142857142858,36
2025-05-05,PHC002,MED005,519,81,30.1,21,0,5,36.0,21.0,26.571428571428573,21
2025-05-06,PHC002,MED005,493,87,20.4,24,1,5,21.0,24.0,26.571428571428573,26
2025-05-07,PHC002,MED005,476,65,24.6,9,2,5,26.0,37.0,26.857142857142858,17
2025-05-08,PHC002,MED005,454,66,28.1,27,3,5,17.0,29.0,24.0,22
2025-05-09,PHC002,MED005,429,85,27.8,8,4,5,22.0,15.0,23.0,25
2025-05-10,PHC002,MED005,402,78,28.0,26,5,5,25.0,24.0,24.428571428571427,27
2025-05-11,PHC002,MED005,361,107,23.1,25,6,5,27.0,36.0,24.857142857142858,41
2025-05-12,PHC002,MED005,344,58,28.0,12,0,5,41.0,21.0,25.571428571428573,17
2025-05-13,PHC002,MED005,320,74,27.4,24,1,5,17.0,26.0,25.0,24
2025-05-14,PHC002,MED005,296,78,27.9,19,2,5,24.0,17.0,24.714285714285715,24
2025-05-15,PHC002,MED005,275,78,34.7,20,3,5,24.0,22.0,25.714285714285715,21
2025-05-16,PHC002,MED005,246,80,22.3,23,4,5,21.0,25.0,25.571428571428573,29
2025-05-17,PHC002,MED005,202,117,20.9,27,5,5,29.0,27.0,26.142857142857142,44
2025-05-18,PHC002,MED005,173,93,21.5,22,6,5,44.0,41.0,28.571428571428573,29
2025-05-19,PHC002,MED005,134,103,23.9,33,0,5,29.0,17.0,26.857142857142858,39
2025-05-20,PHC002,MED005,111,72,29.0,21,1,5,39.0,24.0,30.0,23
2025-05-21,PHC002,MED005,545,85,27.6,27,2,5,23.0,24.0,29.857142857142858,28
2025-05-22,PHC002,MED005,520,79,27.3,14,3,5,28.0,21.0,30.428571428571427,25
2025-05-23,PHC002,MED005,498,74,33.3,20,4,5,25.0,29.0,31.0,22
2025-05-24,PHC002,MED005,454,134,28.3,31,5,5,22.0,44.0,30.0,44
2025-05-25,PHC002,MED005,414,98,26.1,20,6,5,44.0,29.0,30.0,40
2025-05-26,PHC002,MED005,376,94,25.6,27,0,5,40.0,39.0,31.571428571428573,38
2025-05-27,PHC002,MED005,350,109,28.1,26,1,5,38.0,23.0,31.428571428571427,26
2025-05-28,PHC002,MED005,319,98,27.0,24,2,5,26.0,28.0,31.857142857142858,31
2025-05-29,PHC002,MED005,283,89,34.6,18,3,5,31.0,25.0,32.285714285714285,36
2025-05-30,PHC002,MED005,256,83,32.6,14,4,5,36.0,22.0,33.857142857142854,27
2025-05-31,PHC002,MED005,231,85,29.5,24,5,5,27.0,44.0,34.57142857142857,25
2025-06-01,PHC002,MED005,201,86,28.4,29,6,6,25.0,40.0,31.857142857142858,30
2025-06-02,PHC002,MED005,176,78,21.8,24,0,6,30.0,38.0,30.428571428571427,25
2025-06-03,PHC002,MED005,144,98,29.2,23,1,6,25.0,26.0,28.571428571428573,32
2025-06-04,PHC002,MED005,118,96,30.2,22,2,6,32.0,31.0,29.428571428571427,26
2025-06-05,PHC002,MED005,94,93,23.7,23,3,6,26.0,36.0,28.714285714285715,24
2025-06-06,PHC002,MED005,720,97,26.9,23,4,6,24.0,27.0,27.0,28
2025-06-07,PHC002,MED005,682,94,29.1,31,5,6,28.0,25.0,27.142857142857142,38
2025-06-08,PHC002,MED005,655,98,22.6,24,6,6,38.0,30.0,29.0,27
2025-06-09,PHC002,MED005,633,75,21.2,13,0,6,27.0,25.0,28.571428571428573,22
2025-06-10,PHC002,MED005,598,99,28.1,19,1,6,22.0,32.0,28.142857142857142,35
2025-06-11,PHC002,MED005,578,66,34.6,14,2,6,35.0,26.0,28.571428571428573,20
2025-06-12,PHC002,MED005,555,69,25.8,22,3,6,20.0,24.0,27.714285714285715,23
2025-06-13,PHC002,MED005,537,60,25.6,17,4,6,23.0,28.0,27.571428571428573,18
2025-06-14,PHC002,MED005,503,96,31.1,24,5,6,18.0,38.0,26.142857142857142,34
2025-06-15,PHC002,MED005,480,73,32.2,17,6,6,34.0,27.0,25.571428571428573,23
2025-06-16,PHC002,MED005,455,64,23.3,9,0,6,23.0,22.0,25.0,25
2025-06-17,PHC002,MED005,431,78,30.6,25,1,6,25.0,35.0,25.428571428571427,24
2025-06-18,PHC002,MED005,407,82,34.8,20,2,6,24.0,20.0,23.857142857142858,24
2025-06-19,PHC002,MED005,380,77,22.6,18,3,6,24.0,23.0,24.428571428571427,27
2025-06-20,PHC002,MED005,354,92,30.1,30,4,6,27.0,18.0,25.0,26
2025-06-21,PHC002,MED005,326,90,21.9,15,5,6,26.0,34.0,26.142857142857142,28
2025-06-22,PHC002,MED005,283,123,33.2,26,6,6,28.0,23.0,25.285714285714285,43
2025-06-23,PHC002,MED005,262,71,34.5,18,0,6,43.0,25.0,28.142857142857142,21
2025-06-24,PHC002,MED005,239,74,30.2,12,1,6,21.0,24.0,27.571428571428573,23
2025-06-25,PHC002,MED005,211,82,29.8,13,2,6,23.0,24.0,27.428571428571427,28
2025-06-26,PHC002,MED005,184,91,32.7,19,3,6,28.0,27.0,28.0,27
2025-06-27,PHC002,MED005,157,87,27.8,15,4,6,27.0,26.0,28.0,27
2025-06-28,PHC002,MED005,569,119,20.7,31,5,6,27.0,28.0,28.142857142857142,49
2025-06-29,PHC002,MED005,537,87,21.2,25,6,6,49.0,43.0,31.142857142857142,32
2025-01-08,PHC003,MED001,693,104,30.4,18,2,1,139.0,132.0,116.14285714285714,110
2025-01-09,PHC003,MED001,578,111,32.0,25,3,1,110.0,97.0,113.0,115
2025-01-10,PHC003,MED001,471,116,20.8,26,4,1,115.0,94.0,115.57142857142857,107
2025-01-11,PHC003,MED001,1067,154,26.0,41,5,1,107.0,125.0,117.42857142857143,146
2025-01-12,PHC003,MED001,958,116,20.2,23,6,1,146.0,116.0,120.42857142857143,109
2025-01-13,PHC003,MED001,883,90,33.2,28,0,1,109.0,110.0,119.42857142857143,75
2025-01-14,PHC003,MED001,799,100,26.8,33,1,1,75.0,139.0,114.42857142857143,84
2025-01-15,PHC003,MED001,706,105,21.5,29,2,1,84.0,110.0,106.57142857142857,93
2025-01-16,PHC003,MED001,616,106,28.6,27,3,1,93.0,115.0,104.14285714285714,90
2025-01-17,PHC003,MED001,524,102,26.3,22,4,1,90.0,107.0,100.57142857142857,92
2025-01-18,PHC003,MED001,841,110,20.9,27,5,1,92.0,146.0,98.42857142857143,142
2025-01-19,PHC003,MED001,734,111,29.8,24,6,1,142.0,109.0,97.85714285714286,107
2025-01-20,PHC003,MED001,620,125,27.0,28,0,1,107.0,75.0,97.57142857142857,114
2025-01-21,PHC003,MED001,543,100,34.6,22,1,1,114.0,84.0,103.14285714285714,77
2025-01-22,PHC003,MED001,436,107,32.3,29,2,1,77.0,93.0,102.14285714285714,107
2025-01-23,PHC003,MED001,723,105,25.2,25,3,1,107.0,90.0,104.14285714285714,116
2025-01-24,PHC003,MED001,634,106,30.0,27,4,1,116.0,92.0,107.85714285714286,89
2025-01-25,PHC003,MED001,521,112,29.0,14,5,1,89.0,142.0,107.42857142857143,113
2025-01-26,PHC003,MED001,754,143,26.3,42,6,1,113.0,107.0,103.28571428571429,150
2025-01-27,PHC003,MED001,661,134,33.7,39,0,1,150.0,114.0,109.42857142857143,93
2025-01-28,PHC003,MED001,571,110,27.0,22,1,1,93.0,77.0,106.42857142857143,90
2025-01-29,PHC003,MED001,453,113,31.5,33,2,1,90.0,107.0,108.28571428571429,118
2025-01-30,PHC003,MED001,364,85,32.4,17,3,1,118.0,116.0,109.85714285714286,89
2025-01-31,PHC003,MED001,797,112,25.4,28,4,1,89.0,89.0,106.0,92
2025-02-01,PHC003,MED001,654,123,31.5,33,5,2,92.0,113.0,106.42857142857143,143
2025-02-02,PHC003,MED001,507,130,23.0,32,6,2,143.0,150.0,110.71428571428571,147
2025-02-03,PHC003,MED001,399,137,28.3,33,0,2,147.0,93.0,110.28571428571429,108
2025-02-04,PHC003,MED001,944,111,32.6,28,1,2,108.0,90.0,112.42857142857143,101
2025-02-05,PHC003,MED001,835,108,33.3,31,2,2,101.0,118.0,114.0,109
2025-02-06,PHC003,MED001,750,104,26.8,28,3,2,109.0,89.0,112.71428571428571,85
2025-02-07,PHC003,MED001,628,120,32.0,32,4,2,85.0,92.0,112.14285714285714,122
2025-02-08,PHC003,MED001,487,115,30.7,25,5,2,122.0,143.0,116.42857142857143,141
2025-02-09,PHC003,MED001,980,147,28.0,38,6,2,141.0,147.0,116.14285714285714,162
2025-02-10,PHC003,MED001,894,95,34.7,28,0,2,162.0,108.0,118.28571428571429,86
2025-02-11,PHC003,MED001,796,114,28.0,26,1,2,86.0,101.0,115.14285714285714,98
2025-02-12,PHC003,MED001,686,113,20.8,23,2,2,98.0,109.0,114.71428571428571,110
2025-02-13,PHC003,MED001,632,80,33.3,27,3,2,110.0,85.0,114.85714285714286,54
2025-02-14,PHC003,MED001,533,111,27.1,29,4,2,54.0,122.0,110.42857142857143,99
2025-02-15,PHC003,MED001,406,121,29.7,21,5,2,99.0,141.0,107.14285714285714,127
2025-02-16,PHC003,MED001,952,108,27.0,26,6,2,127.0,162.0,105.14285714285714,109
2025-02-17,PHC003,MED001,835,123,27.1,18,0,2,109.0,86.0,97.57142857142857,117
2025-02-18,PHC003,MED001,755,91,31.9,19,1,2,117.0,98.0,102.0,80
2025-02-19,PHC003,MED001,669,101,23.5,29,2,2,80.0,110.0,99.42857142857143,86
2025-02-20,PHC003,MED001,550,113,25.7,33,3,2,86.0,54.0,96.0,119
2025-02-21,PHC003,MED001,418,134,31.3,33,4,2,119.0,99.0,105.28571428571429,132
2025-02-22,PHC003,MED001,741,121,23.5,36,5,2,132.0,127.0,110.0,149
2025-02-23,PHC003,MED001,590,131,26.1,27,6,2,149.0,109.0,113.14285714285714,151
2025-02-24,PHC003,MED001,478,114,25.7,24,0,2,151.0,117.0,119.14285714285714,112
2025-02-25,PHC003,MED001,375,119,21.2,26,1,2,112.0,80.0,118.42857142857143,103
2025-02-26,PHC003,MED001,605,119,29.7,24,2,2,103.0,86.0,121.71428571428571,120
2025-02-27,PHC003,MED001,527,76,28.2,22,3,2,120.0,119.0,126.57142857142857,78
2025-02-28,PHC003,MED001,434,98,23.8,30,4,2,78.0,132.0,120.71428571428571,93
2025-03-01,PHC003,MED001,331,100,29.1,26,5,3,93.0,149.0,115.14285714285714,103
2025-03-02,PHC003,MED001,892,145,30.7,43,6,3,103.0,151.0,108.57142857142857,133
2025-03-03,PHC003,MED001,779,106,31.7,23,0,3,133.0,112.0,106.0,113
2025-03-04,PHC003,MED001,700,97,28.7,27,1,3,113.0,103.0,106.14285714285714,79
2025-03-05,PHC003,MED001,617,95,22.2,15,2,3,79.0,120.0,102.71428571428571,83
2025-03-06,PHC003,MED001,540,101,31.2,27,3,3,83.0,78.0,97.42857142857143,77
2025-03-07,PHC003,MED001,460,112,30.8,29,4,3,77.0,93.0,97.28571428571429,80
2025-03-08,PHC003,MED001,349,100,24.7,27,5,3,80.0,103.0,95.42857142857143,111
2025-03-09,PHC003,MED001,791,150,26.7,36,6,3,111.0,133.0,96.57142857142857,143
2025-03-10,PHC003,MED001,692,118,33.1,30,0,3,143.0,113.0,98.0,99
2025-03-11,PHC003,MED001,572,133,25.3,25,1,3,99.0,79.0,96.0,120
2025-03-12,PHC003,MED001,469,112,31.3,33,2,3,120.0,83.0,101.85714285714286,103
2025-03-13,PHC003,MED001,378,87,28.5,19,3,3,103.0,77.0,104.71428571428571,91
2025-03-14,PHC003,MED001,963,118,34.7,30,4,3,91.0,80.0,106.71428571428571,124
2025-03-15,PHC003,MED001,845,125,33.0,25,5,3,124.0,111.0,113.0,118
2025-03-16,PHC003,MED001,712,136,25.9,33,6,3,118.0,143.0,114.0,133
2025-03-17,PHC003,MED001,604,107,26.8,31,0,3,133.0,99.0,112.57142857142857,108
2025-03-18,PHC003,MED001,501,115,21.6,27,1,3,108.0,120.0,113.85714285714286,103
2025-03-19,PHC003,MED001,414,108,22.8,24,2,3,103.0,103.0,111.42857142857143,87
2025-03-20,PHC003,MED001,613,144,24.3,41,3,3,87.0,91.0,109.14285714285714,136
2025-03-21,PHC003,MED001,487,131,20.2,28,4,3,136.0,124.0,115.57142857142857,126
2025-03-22,PHC003,MED001,874,111,25.9,37,5,3,126.0,118.0,115.85714285714286,127
2025-03-23,PHC003,MED001,737,126,34.3,29,6,3,127.0,133.0,117.14285714285714,137
2025-03-24,PHC003,MED001,648,115,23.1,26,0,3,137.0,108.0,117.71428571428571,89
2025-03-25,PHC003,MED001,533,119,34.1,23,1,3,89.0,103.0,115.0,115
2025-03-26,PHC003,MED001,444,94,30.3,20,2,3,115.0,87.0,116.71428571428571,89
2025-03-27,PHC003,MED001,335,111,26.0,28,3,3,89.0,136.0,117.0,109
2025-03-28,PHC003,MED001,808,116,33.7,23,4,3,109.0,126.0,113.14285714285714,121
2025-03-29,PHC003,MED001,680,115,29.7,30,5,3,121.0,127.0,112.42857142857143,128
2025-03-30,PHC003,MED001,523,138,32.6,32,6,3,128.0,137.0,112.57142857142857,157
2025-03-31,PHC003,MED001,451,95,26.2,28,0,3,157.0,89.0,115.42857142857143,72
2025-04-01,PHC003,MED001,361,118,26.5,35,1,4,72.0,115.0,113.0,90
2025-04-02,PHC003,MED001,580,124,30.5,30,2,4,90.0,89.0,109.42857142857143,103
2025-04-03,PHC003,MED001,489,111,24.1,37,3,4,103.0,109.0,111.42857142857143,91
2025-04-04,PHC003,MED001,408,101,30.8,31,4,4,91.0,121.0,108.85714285714286,81
2025-04-05,PHC003,MED001,325,130,34.9,38,5,4,81.0,128.0,103.14285714285714,83
2025-04-06,PHC003,MED001,675,110,31.5,29,6,4,83.0,157.0,96.71428571428571,116
2025-04-07,PHC003,MED001,581,102,23.1,27,0,4,116.0,72.0,90.85714285714286,94
2025-04-08,PHC003,MED001,496,110,26.9,22,1,4,94.0,90.0,94.0,85
2025-04-09,PHC003,MED001,397,101,22.9,29,2,4,85.0,103.0,93.28571428571429,99
2025-04-10,PHC003,MED001,302,112,30.1,27,3,4,99.0,91.0,92.71428571428571,95
2025-04-11,PHC003,MED001,227,93,21.2,24,4,4,95.0,81.0,93.28571428571429,75
2025-04-12,PHC003,MED001,493,106,24.2,21,5,4,75.0,83.0,92.42857142857143,116
2025-04-13,PHC003,MED001,865,127,21.5,32,6,4,116.0,116.0,97.14285714285714,128
2025-04-14,PHC003,MED001,731,127,20.2,35,0,4,128.0,94.0,98.85714285714286,134
2025-04-15,PHC003,MED001,638,107,22.7,32,1,4,134.0,85.0,104.57142857142857,93
2025-04-16,PHC003,MED001,567,79,20.7,14,2,4,93.0,99.0,105.71428571428571,71
2025-04-17,PHC003,MED001,480,97,29.9,19,3,4,71.0,95.0,101.71428571428571,87
2025-04-18,PHC003,MED001,395,104,29.0,24,4,4,87.0,75.0,100.57142857142857,85
2025-04-19,PHC003,MED001,647,140,23.0,36,5,4,85.0,116.0,102.0,150
2025-04-20,PHC003,MED001,937,159,34.8,44,6,4,150.0,128.0,106.85714285714286,182
2025-04-21,PHC003,MED001,820,119,20.9,22,0,4,182.0,134.0,114.57142857142857,117
2025-04-22,PHC003,MED001,734,108,30.9,30,1,4,117.0,93.0,112.14285714285714,86
2025-04-23,PHC003,MED001,623,127,32.2,33,2,4,86.0,71.0,111.14285714285714,111
2025-04-24,PHC003,MED001,526,128,25.9,23,3,4,111.0,87.0,116.85714285714286,97
2025-04-25,PHC003,MED001,432,100,21.6,26,4,4,97.0,85.0,118.28571428571429,94
2025-04-26,PHC003,MED001,706,128,23.2,31,5,4,94.0,150.0,119.57142857142857,138
2025-04-27,PHC003,MED001,545,151,29.7,41,6,4,138.0,182.0,117.85714285714286,161
2025-04-28,PHC003,MED001,425,114,29.0,29,0,4,161.0,117.0,114.85714285714286,120
2025-04-29,PHC003,MED001,675,116,28.0,28,1,4,120.0,86.0,115.28571428571429,137
2025-04-30,PHC003,MED001,566,108,24.9,26,2,4,137.0,111.0,122.57142857142857,109
2025-05-01,PHC003,MED001,479,99,33.9,21,3,5,109.0,97.0,122.28571428571429,87
2025-05-02,PHC003,MED001,373,102,30.3,29,4,5,87.0,94.0,120.85714285714286,106
2025-05-03,PHC003,MED001,712,148,21.0,35,5,5,106.0,138.0,122.57142857142857,190
2025-05-04,PHC003,MED001,564,130,23.5,27,6,5,190.0,161.0,130.0,148
2025-05-05,PHC003,MED001,513,71,23.5,9,0,5,148.0,120.0,128.14285714285714,51
2025-05-06,PHC003,MED001,420,88,31.4,19,1,5,51.0,137.0,118.28571428571429,93
2025-05-07,PHC003,MED001,327,106,25.6,25,2,5,93.0,109.0,112.0,93
2025-05-08,PHC003,MED001,824,118,33.9,29,3,5,93.0,87.0,109.71428571428571,109
2025-05-09,PHC003,MED001,703,126,33.2,31,4,5,109.0,106.0,112.85714285714286,121
2025-05-10,PHC003,MED001,566,136,31.9,34,5,5,121.0,190.0,115.0,137
2025-05-11,PHC003,MED001,457,102,31.3,30,6,5,137.0,148.0,107.42857142857143,109
2025-05-12,PHC003,MED001,1096,134,20.8,31,0,5,109.0,51.0,101.85714285714286,130
2025-05-13,PHC003,MED001,1004,104,30.3,22,1,5,130.0,93.0,113.14285714285714,92
2025-05-14,PHC003,MED001,917,89,26.6,19,2,5,92.0,93.0,113.0,87
2025-05-15,PHC003,MED001,781,140,21.0,35,3,5,87.0,109.0,112.14285714285714,136
2025-05-16,PHC003,MED001,655,129,21.4,34,4,5,136.0,121.0,116.0,126
2025-05-17,PHC003,MED001,546,102,34.0,20,5,5,126.0,137.0,116.71428571428571,109
2025-05-18,PHC003,MED001,420,132,30.8,32,6,5,109.0,109.0,112.71428571428571,126
2025-05-19,PHC003,MED001,321,110,23.7,30,0,5,126.0,130.0,115.14285714285714,99
2025-05-20,PHC003,MED001,553,125,31.7,28,1,5,99.0,92.0,110.71428571428571,108
2025-05-21,PHC003,MED001,452,123,25.7,29,2,5,108.0,87.0,113.0,101
2025-05-22,PHC003,MED001,356,112,22.3,23,3,5,101.0,136.0,115.0,96
2025-05-23,PHC003,MED001,1007,126,31.4,29,4,5,96.0,126.0,109.28571428571429,113
2025-05-24,PHC003,MED001,878,129,22.3,38,5,5,113.0,109.0,107.42857142857143,129
2025-05-25,PHC003,MED001,758,124,27.0,27,6,5,129.0,126.0,110.28571428571429,120
2025-05-26,PHC003,MED001,653,114,22.0,26,0,5,120.0,99.0,109.42857142857143,105
2025-05-27,PHC003,MED001,543,101,22.8,25,1,5,105.0,108.0,110.28571428571429,110
2025-05-28,PHC003,MED001,452,111,33.9,26,2,5,110.0,101.0,110.57142857142857,91
2025-05-29,PHC003,MED001,936,147,25.6,31,3,5,91.0,96.0,109.14285714285714,117
2025-05-30,PHC003,MED001,818,111,34.9,37,4,5,117.0,113.0,112.14285714285714,118
2025-05-31,PHC003,MED001,662,151,22.4,45,5,5,118.0,129.0,112.85714285714286,156
2025-06-01,PHC003,MED001,590,89,25.2,23,6,6,156.0,120.0,116.71428571428571,72
2025-06-02,PHC003,MED001,488,104,25.5,19,0,6,72.0,105.0,109.85714285714286,102
2025-06-03,PHC003,MED001,382,115,27.2,25,1,6,102.0,110.0,109.42857142857143,106
2025-06-04,PHC003,MED001,630,122,30.6,28,2,6,106.0,91.0,108.85714285714286,127
2025-06-05,PHC003,MED001,516,113,30.2,27,3,6,127.0,117.0,114.0,114
2025-06-06,PHC003,MED001,418,109,34.3,34,4,6,114.0,118.0,113.57142857142857,98
2025-06-07,PHC003,MED001,815,124,33.8,31,5,6,98.0,156.0,110.71428571428571,106
2025-06-08,PHC003,MED001,671,115,21.2,15,6,6,106.0,72.0,103.57142857142857,144
2025-06-09,PHC003,MED001,578,93,30.4,25,0,6,144.0,102.0,113.85714285714286,93
2025-06-10,PHC003,MED001,510,91,33.3,22,1,6,93.0,106.0,112.57142857142857,68
2025-06-11,PHC003,MED001,446,97,33.0,24,2,6,68.0,127.0,107.14285714285714,64
2025-06-12,PHC003,MED001,735,125,32.0,35,3,6,64.0,114.0,98.14285714285714,118
2025-06-13,PHC003,MED001,649,99,24.6,29,4,6,118.0,98.0,98.71428571428571,86
2025-06-14,PHC003,MED001,1027,154,20.0,37,5,6,86.0,106.0,97.0,190
2025-06-15,PHC003,MED001,876,136,26.5,30,6,6,190.0,144.0,109.0,151
2025-06-16,PHC003,MED001,786,114,22.0,31,0,6,151.0,93.0,110.0,90
2025-06-17,PHC003,MED001,673,111,23.2,32,1,6,90.0,68.0,109.57142857142857,113
2025-06-18,PHC003,MED001,551,117,32.1,37,2,6,113.0,64.0,116.0,122
2025-06-19,PHC003,MED001,424,150,33.7,41,3,6,122.0,118.0,124.28571428571429,127
2025-06-20,PHC003,MED001,632,126,21.2,36,4,6,127.0,86.0,125.57142857142857,124
2025-06-21,PHC003,MED001,1117,130,27.2,28,5,6,124.0,190.0,131.0,159
2025-06-22,PHC003,MED001,957,126,24.0,30,6,6,159.0,151.0,126.57142857142857,160
2025-06-23,PHC003,MED001,863,103,23.2,26,0,6,160.0,90.0,127.85714285714286,94
2025-06-24,PHC003,MED001,746,113,27.8,23,1,6,94.0,113.0,128.42857142857142,117
2025-06-25,PHC003,MED001,643,107,29.1,18,2,6,117.0,122.0,129.0,103
2025-06-26,PHC003,MED001,553,98,25.1,30,3,6,103.0,127.0,126.28571428571429,90
2025-06-27,PHC003,MED001,428,120,29.2,26,4,6,90.0,124.0,121.0,125
2025-06-28,PHC003,MED001,719,156,32.1,37,5,6,125.0,159.0,121.14285714285714,214
2025-06-29,PHC003,MED001,613,127,22.1,30,6,6,214.0,160.0,129.0,106
2025-01-08,PHC003,MED002,498,90,29.1,26,2,1,86.0,81.0,79.0,65
2025-01-09,PHC003,MED002,427,102,33.1,15,3,1,65.0,68.0,76.71428571428571,71
2025-01-10,PHC003,MED002,367,86,21.3,27,4,1,71.0,47.0,77.14285714285714,60
2025-01-11,PHC003,MED002,279,151,34.8,23,5,1,60.0,87.0,79.0,88
2025-01-12,PHC003,MED002,603,133,28.1,38,6,1,88.0,117.0,79.14285714285714,100
2025-01-13,PHC003,MED002,515,116,29.9,37,0,1,100.0,67.0,76.71428571428571,88
2025-01-14,PHC003,MED002,440,118,33.9,28,1,1,88.0,86.0,79.71428571428571,75
2025-01-15,PHC003,MED002,351,130,23.3,27,2,1,75.0,65.0,78.14285714285714,89
2025-01-16,PHC003,MED002,267,127,22.0,33,3,1,89.0,71.0,81.57142857142857,84
2025-01-17,PHC003,MED002,213,86,21.4,19,4,1,84.0,60.0,83.42857142857143,54
2025-01-18,PHC003,MED002,771,98,29.0,32,5,1,54.0,88.0,82.57142857142857,71
2025-01-19,PHC003,MED002,687,108,31.1,36,6,1,71.0,100.0,80.14285714285714,84
2025-01-20,PHC003,MED002,645,88,26.6,24,0,1,84.0,88.0,77.85714285714286,42
2025-01-21,PHC003,MED002,561,111,24.4,31,1,1,42.0,75.0,71.28571428571429,84
2025-01-22,PHC003,MED002,482,118,34.1,26,2,1,84.0,89.0,72.57142857142857,79
2025-01-23,PHC003,MED002,420,103,24.7,24,3,1,79.0,84.0,71.14285714285714,62
2025-01-24,PHC003,MED002,318,126,22.8,29,4,1,62.0,54.0,68.0,102
2025-01-25,PHC003,MED002,581,114,31.6,31,5,1,102.0,71.0,74.85714285714286,101
2025-01-26,PHC003,MED002,507,93,23.3,16,6,1,101.0,84.0,79.14285714285714,74
2025-01-27,PHC003,MED002,427,95,26.9,27,0,1,74.0,42.0,77.71428571428571,80
2025-01-28,PHC003,MED002,340,138,26.8,37,1,1,80.0,84.0,83.14285714285714,87
2025-01-29,PHC003,MED002,262,103,30.0,24,2,1,87.0,79.0,83.57142857142857,78
2025-01-30,PHC003,MED002,203,87,34.9,18,3,1,78.0,62.0,83.42857142857143,59
2025-01-31,PHC003,MED002,682,146,30.6,48,4,1,59.0,102.0,83.0,74
2025-02-01,PHC003,MED002,554,130,20.9,29,5,2,74.0,101.0,79.0,128
2025-02-02,PHC003,MED002,440,129,30.8,29,6,2,128.0,74.0,82.85714285714286,114
2025-02-03,PHC003,MED002,376,81,33.8,21,0,2,114.0,80.0,88.57142857142857,64
2025-02-04,PHC003,MED002,305,114,30.9,18,1,2,64.0,87.0,86.28571428571429,71
2025-02-05,PHC003,MED002,718,136,20.3,36,2,2,71.0,78.0,84.0,87
2025-02-06,PHC003,MED002,652,98,34.9,30,3,2,87.0,59.0,85.28571428571429,66
2025-02-07,PHC003,MED002,589,95,30.4,19,4,2,66.0,74.0,86.28571428571429,63
2025-02-08,PHC003,MED002,469,136,25.9,43,5,2,63.0,128.0,84.71428571428571,120
2025-02-09,PHC003,MED002,369,144,32.7,28,6,2,120.0,114.0,83.57142857142857,100
2025-02-10,PHC003,MED002,289,105,22.5,20,0,2,100.0,64.0,81.57142857142857,80
2025-02-11,PHC003,MED002,880,127,23.3,31,1,2,80.0,71.0,83.85714285714286,92
2025-02-12,PHC003,MED002,797,117,25.4,36,2,2,92.0,87.0,86.85714285714286,83
2025-02-13,PHC003,MED002,742,104,25.6,28,3,2,83.0,66.0,86.28571428571429,55
2025-02-14,PHC003,MED002,642,132,22.5,32,4,2,55.0,63.0,84.71428571428571,100
2025-02-15,PHC003,MED002,533,131,21.8,20,5,2,100.0,120.0,90.0,109
2025-02-16,PHC003,MED002,434,112,26.5,27,6,2,109.0,100.0,88.42857142857143,99
2025-02-17,PHC003,MED002,339,129,25.9,32,0,2,99.0,80.0,88.28571428571429,95
2025-02-18,PHC003,MED002,268,103,22.6,32,1,2,95.0,92.0,90.42857142857143,71
2025-02-19,PHC003,MED002,210,84,21.3,28,2,2,71.0,83.0,87.42857142857143,58
2025-02-20,PHC003,MED002,462,83,25.7,22,3,2,58.0,55.0,83.85714285714286,53
2025-02-21,PHC003,MED002,392,97,27.3,25,4,2,53.0,100.0,83.57142857142857,70
2025-02-22,PHC003,MED002,311,117,20.3,24,5,2,70.0,109.0,79.28571428571429,81
2025-02-23,PHC003,MED002,589,117,31.9,28,6,2,81.0,99.0,75.28571428571429,114
2025-02-24,PHC003,MED002,548,60,30.5,29,0,2,114.0,95.0,77.42857142857143,41
2025-02-25,PHC003,MED002,451,117,32.9,25,1,2,41.0,71.0,69.71428571428571,97
2025-02-26,PHC003,MED002,395,95,30.5,22,2,2,97.0,58.0,73.42857142857143,56
2025-02-27,PHC003,MED002,317,127,21.0,33,3,2,56.0,53.0,73.14285714285714,78
2025-02-28,PHC003,MED002,242,119,32.3,24,4,2,78.0,70.0,76.71428571428571,75
2025-03-01,PHC003,MED002,880,106,21.8,28,5,3,75.0,81.0,77.42857142857143,103
2025-03-02,PHC003,MED002,789,118,28.3,27,6,3,103.0,114.0,80.57142857142857,91
2025-03-03,PHC003,MED002,718,102,22.4,27,0,3,91.0,41.0,77.28571428571429,71
2025-03-04,PHC003,MED002,656,82,20.5,16,1,3,71.0,97.0,81.57142857142857,62
2025-03-05,PHC003,MED002,577,107,26.3,22,2,3,62.0,56.0,76.57142857142857,79
2025-03-06,PHC003,MED002,494,110,24.5,27,3,3,79.0,78.0,79.85714285714286,83
2025-03-07,PHC003,MED002,437,104,26.7,27,4,3,83.0,75.0,80.57142857142857,57
2025-03-08,PHC003,MED002,346,106,27.8,22,5,3,57.0,103.0,78.0,91
2025-03-09,PHC003,MED002,970,125,21.5,27,6,3,91.0,91.0,76.28571428571429,95
2025-03-10,PHC003,MED002,890,113,22.1,28,0,3,95.0,71.0,76.85714285714286,80
2025-03-11,PHC003,MED002,814,101,28.9,29,1,3,80.0,62.0,78.14285714285714,76
2025-03-12,PHC003,MED002,749,105,26.3,34,2,3,76.0,79.0,80.14285714285714,65
2025-03-13,PHC003,MED002,681,106,26.8,24,3,3,65.0,83.0,78.14285714285714,68
2025-03-14,PHC003,MED002,587,131,34.1,30,4,3,68.0,57.0,76.0,94
2025-03-15,PHC003,MED002,489,134,29.5,30,5,3,94.0,91.0,81.28571428571429,98
2025-03-16,PHC003,MED002,408,112,28.5,21,6,3,98.0,95.0,82.28571428571429,81
2025-03-17,PHC003,MED002,330,95,24.7,28,0,3,81.0,80.0,80.28571428571429,78
2025-03-18,PHC003,MED002,252,113,34.5,23,1,3,78.0,76.0,80.0,78
2025-03-19,PHC003,MED002,639,121,26.1,22,2,3,78.0,65.0,80.28571428571429,81
2025-03-20,PHC003,MED002,572,100,25.0,21,3,3,81.0,68.0,82.57142857142857,67
2025-03-21,PHC003,MED002,473,139,25.7,34,4,3,67.0,94.0,82.42857142857143,99
2025-03-22,PHC003,MED002,1025,140,21.6,34,5,3,99.0,98.0,83.14285714285714,120
2025-03-23,PHC003,MED002,938,122,32.1,35,6,3,120.0,81.0,86.28571428571429,87
2025-03-24,PHC003,MED002,854,121,28.6,32,0,3,87.0,78.0,87.14285714285714,84
2025-03-25,PHC003,MED002,767,121,24.8,31,1,3,84.0,78.0,88.0,87
2025-03-26,PHC003,MED002,696,110,32.1,24,2,3,87.0,81.0,89.28571428571429,71
2025-03-27,PHC003,MED002,640,86,26.0,11,3,3,71.0,67.0,87.85714285714286,56
2025-03-28,PHC003,MED002,572,100,30.3,22,4,3,56.0,99.0,86.28571428571429,68
2025-03-29,PHC003,MED002,475,105,24.0,30,5,3,68.0,120.0,81.85714285714286,97
2025-03-30,PHC003,MED002,865,145,25.6,32,6,3,97.0,87.0,78.57142857142857,124
2025-03-31,PHC003,MED002,807,87,34.8,20,0,3,124.0,84.0,83.85714285714286,58
2025-04-01,PHC003,MED002,751,115,24.1,23,1,4,58.0,87.0,80.14285714285714,56
2025-04-02,PHC003,MED002,681,125,24.6,37,2,4,56.0,71.0,75.71428571428571,70
2025-04-03,PHC003,MED002,596,132,26.1,23,3,4,70.0,56.0,75.57142857142857,85
2025-04-04,PHC003,MED002,512,116,34.2,36,4,4,85.0,68.0,79.71428571428571,84
2025-04-05,PHC003,MED002,426,129,31.2,33,5,4,84.0,97.0,82.0,86
2025-04-06,PHC003,MED002,354,120,26.4,39,6,4,86.0,124.0,80.42857142857143,72
2025-04-07,PHC003,MED002,321,85,27.2,20,0,4,72.0,58.0,73.0,33
2025-04-08,PHC003,MED002,259,105,26.1,32,1,4,33.0,56.0,69.42857142857143,62
2025-04-09,PHC003,MED002,204,85,31.2,13,2,4,62.0,70.0,70.28571428571429,55
2025-04-10,PHC003,MED002,937,87,31.1,21,3,4,55.0,85.0,68.14285714285714,53
2025-04-11,PHC003,MED002,831,159,34.2,30,4,4,53.0,84.0,63.57142857142857,106
2025-04-12,PHC003,MED002,733,122,34.0,27,5,4,106.0,86.0,66.71428571428571,98
2025-04-13,PHC003,MED002,636,129,22.6,21,6,4,98.0,72.0,68.42857142857143,97
2025-04-14,PHC003,MED002,555,115,27.4,27,0,4,97.0,33.0,72.0,81
2025-04-15,PHC003,MED002,475,129,25.1,43,1,4,81.0,62.0,78.85714285714286,80
2025-04-16,PHC003,MED002,428,84,24.4,26,2,4,80.0,55.0,81.42857142857143,47
2025-04-17,PHC003,MED002,366,98,20.0,24,3,4,47.0,53.0,80.28571428571429,62
2025-04-18,PHC003,MED002,306,99,34.4,34,4,4,62.0,106.0,81.57142857142857,60
2025-04-19,PHC003,MED002,546,94,34.0,22,5,4,60.0,98.0,75.0,89
2025-04-20,PHC003,MED002,448,108,24.9,22,6,4,89.0,97.0,73.71428571428571,98
2025-04-21,PHC003,MED002,368,109,33.4,27,0,4,98.0,81.0,73.85714285714286,80
2025-04-22,PHC003,MED002,838,122,21.3,35,1,4,80.0,80.0,73.71428571428571,93
2025-04-23,PHC003,MED002,734,122,33.7,27,2,4,93.0,47.0,75.57142857142857,104
2025-04-24,PHC003,MED002,645,111,25.6,27,3,4,104.0,62.0,83.71428571428571,89
2025-04-25,PHC003,MED002,585,89,28.0,30,4,4,89.0,60.0,87.57142857142857,60
2025-04-26,PHC003,MED002,460,171,22.1,39,5,4,60.0,89.0,87.57142857142857,125
2025-04-27,PHC003,MED002,358,126,33.3,30,6,4,125.0,98.0,92.71428571428571,102
2025-04-28,PHC003,MED002,280,102,26.3,24,0,4,102.0,80.0,93.28571428571429,78
2025-04-29,PHC003,MED002,616,108,30.0,28,1,4,78.0,93.0,93.0,100
2025-04-30,PHC003,MED002,540,97,27.4,28,2,4,100.0,104.0,94.0,76
2025-05-01,PHC003,MED002,469,106,31.3,24,3,5,76.0,89.0,90.0,71
2025-05-02,PHC003,MED002,419,95,32.4,22,4,5,71.0,60.0,87.42857142857143,50
2025-05-03,PHC003,MED002,600,152,31.9,47,5,5,50.0,125.0,86.0,125
2025-05-04,PHC003,MED002,505,136,30.2,34,6,5,125.0,102.0,86.0,95
2025-05-05,PHC003,MED002,453,87,31.1,33,0,5,95.0,78.0,85.0,52
2025-05-06,PHC003,MED002,375,115,23.7,20,1,5,52.0,100.0,81.28571428571429,78
2025-05-07,PHC003,MED002,293,120,23.7,34,2,5,78.0,76.0,78.14285714285714,82
2025-05-08,PHC003,MED002,240,80,32.3,23,3,5,82.0,71.0,79.0,53
2025-05-09,PHC003,MED002,557,117,32.1,36,4,5,53.0,50.0,76.42857142857143,75
2025-05-10,PHC003,MED002,454,109,29.4,30,5,5,75.0,125.0,80.0,103
2025-05-11,PHC003,MED002,353,131,26.0,34,6,5,103.0,95.0,76.85714285714286,101
2025-05-12,PHC003,MED002,271,119,23.0,30,0,5,101.0,52.0,77.71428571428571,82
2025-05-13,PHC003,MED002,611,119,27.9,26,1,5,82.0,78.0,82.0,73
2025-05-14,PHC003,MED002,558,70,27.6,14,2,5,73.0,82.0,81.28571428571429,53
2025-05-15,PHC003,MED002,490,102,24.0,22,3,5,53.0,53.0,77.14285714285714,68
2025-05-16,PHC003,MED002,401,123,20.7,26,4,5,68.0,75.0,79.28571428571429,89
2025-05-17,PHC003,MED002,1058,131,31.2,33,5,5,89.0,103.0,81.28571428571429,108
2025-05-18,PHC003,MED002,953,143,23.8,31,6,5,108.0,101.0,82.0,105
2025-05-19,PHC003,MED002,892,96,21.7,24,0,5,105.0,82.0,82.57142857142857,61
2025-05-20,PHC003,MED002,833,90,25.4,22,1,5,61.0,73.0,79.57142857142857,59
2025-05-21,PHC003,MED002,756,119,28.8,22,2,5,59.0,53.0,77.57142857142857,77
2025-05-22,PHC003,MED002,672,103,21.3,24,3,5,77.0,68.0,81.0,84
2025-05-23,PHC003,MED002,556,126,29.0,35,4,5,84.0,89.0,83.28571428571429,116
2025-05-24,PHC003,MED002,462,136,22.9,40,5,5,116.0,108.0,87.14285714285714,94
2025-05-25,PHC003,MED002,371,120,34.1,30,6,5,94.0,105.0,85.14285714285714,91
2025-05-26,PHC003,MED002,297,101,28.0,16,0,5,91.0,61.0,83.14285714285714,74
2025-05-27,PHC003,MED002,909,114,26.3,30,1,5,74.0,59.0,85.0,76
2025-05-28,PHC003,MED002,864,79,34.6,26,2,5,76.0,77.0,87.42857142857143,45
2025-05-29,PHC003,MED002,773,122,30.8,27,3,5,45.0,84.0,82.85714285714286,91
2025-05-30,PHC003,MED002,686,107,27.6,16,4,5,91.0,116.0,83.85714285714286,87
2025-05-31,PHC003,MED002,573,146,30.5,37,5,5,87.0,94.0,79.71428571428571,113
2025-06-01,PHC003,MED002,484,129,30.4,24,6,6,113.0,91.0,82.42857142857143,89
2025-06-02,PHC003,MED002,396,109,30.3,22,0,6,89.0,74.0,82.14285714285714,88
2025-06-03,PHC003,MED002,334,80,25.8,24,1,6,88.0,76.0,84.14285714285714,62
2025-06-04,PHC003,MED002,257,112,24.1,23,2,6,62.0,45.0,82.14285714285714,77
2025-06-05,PHC003,MED002,868,118,33.2,31,3,6,77.0,91.0,86.71428571428571,93
2025-06-06,PHC003,MED002,807,92,30.8,22,4,6,93.0,87.0,87.0,61
2025-06-07,PHC003,MED002,676,155,21.8,37,5,6,61.0,113.0,83.28571428571429,131
2025-06-08,PHC003,MED002,594,129,24.4,38,6,6,131.0,89.0,85.85714285714286,82
2025-06-09,PHC003,MED002,535,82,33.1,20,0,6,82.0,88.0,84.85714285714286,59
2025-06-10,PHC003,MED002,432,149,34.8,41,1,6,59.0,62.0,80.71428571428571,103
2025-06-11,PHC003,MED002,363,117,34.6,25,2,6,103.0,77.0,86.57142857142857,69
2025-06-12,PHC003,MED002,300,93,33.3,34,3,6,69.0,93.0,85.42857142857143,63
2025-06-13,PHC003,MED002,844,118,34.8,32,4,6,63.0,61.0,81.14285714285714,76
2025-06-14,PHC003,MED002,728,137,23.3,25,5,6,76.0,131.0,83.28571428571429,116
2025-06-15,PHC003,MED002,632,124,34.7,37,6,6,116.0,82.0,81.14285714285714,96
2025-06-16,PHC003,MED002,553,114,21.6,19,0,6,96.0,59.0,83.14285714285714,79
2025-06-17,PHC003,MED002,500,95,29.5,18,1,6,79.0,103.0,86.0,53
2025-06-18,PHC003,MED002,444,83,23.3,17,2,6,53.0,69.0,78.85714285714286,56
2025-06-19,PHC003,MED002,371,129,22.3,35,3,6,56.0,63.0,77.0,73
2025-06-20,PHC003,MED002,289,112,25.5,35,4,6,73.0,76.0,78.42857142857143,82
2025-06-21,PHC003,MED002,579,122,32.9,31,5,6,82.0,116.0,79.28571428571429,106
2025-06-22,PHC003,MED002,505,93,22.7,18,6,6,106.0,96.0,77.85714285714286,74
2025-06-23,PHC003,MED002,431,122,30.3,37,0,6,74.0,79.0,74.71428571428571,74
2025-06-24,PHC003,MED002,364,113,26.4,30,1,6,74.0,53.0,74.0,67
2025-06-25,PHC003,MED002,956,116,22.1,22,2,6,67.0,56.0,76.0,92
2025-06-26,PHC003,MED002,854,117,25.7,22,3,6,92.0,73.0,81.14285714285714,102
2025-06-27,PHC003,MED002,787,113,20.7,28,4,6,102.0,82.0,85.28571428571429,67
2025-06-28,PHC003,MED002,684,126,22.1,33,5,6,67.0,106.0,83.14285714285714,103
2025-06-29,PHC003,MED002,588,124,21.6,43,6,6,103.0,74.0,82.71428571428571,96
2025-01-08,PHC003,MED003,757,88,34.9,26,2,1,47.0,68.0,65.14285714285714,40
2025-01-09,PHC003,MED003,693,116,24.2,41,3,1,40.0,55.0,61.142857142857146,64
2025-01-10,PHC003,MED003,622,116,21.3,21,4,1,64.0,48.0,62.42857142857143,71
2025-01-11,PHC003,MED003,547,134,26.4,34,5,1,71.0,83.0,65.71428571428571,75
2025-01-12,PHC003,MED003,459,134,30.3,24,6,1,75.0,94.0,64.57142857142857,88
2025-01-13,PHC003,MED003,408,101,33.1,22,0,1,88.0,61.0,63.714285714285715,51
2025-01-14,PHC003,MED003,338,127,33.6,29,1,1,51.0,47.0,62.285714285714285,70
2025-01-15,PHC003,MED003,265,117,32.9,20,2,1,70.0,40.0,65.57142857142857,73
2025-01-16,PHC003,MED003,207,106,26.7,28,3,1,73.0,64.0,70.28571428571429,58
2025-01-17,PHC003,MED003,810,121,32.2,17,4,1,58.0,71.0,69.42857142857143,69
2025-01-18,PHC003,MED003,724,136,34.9,33,5,1,69.0,75.0,69.14285714285714,86
2025-01-19,PHC003,MED003,658,132,24.8,37,6,1,86.0,88.0,70.71428571428571,66
2025-01-20,PHC003,MED003,588,120,25.0,22,0,1,66.0,51.0,67.57142857142857,70
2025-01-21,PHC003,MED003,534,117,23.7,22,1,1,70.0,70.0,70.28571428571429,54
2025-01-22,PHC003,MED003,474,118,32.3,23,2,1,54.0,73.0,68.0,60
2025-01-23,PHC003,MED003,432,95,26.3,28,3,1,60.0,58.0,66.14285714285714,42
2025-01-24,PHC003,MED003,390,99,23.5,24,4,1,42.0,69.0,63.857142857142854,42
2025-01-25,PHC003,MED003,314,174,20.3,43,5,1,42.0,86.0,60.0,76
2025-01-26,PHC003,MED003,246,113,25.2,29,6,1,76.0,66.0,58.57142857142857,68
2025-01-27,PHC003,MED003,915,127,32.3,23,0,1,68.0,70.0,58.857142857142854,67
2025-01-28,PHC003,MED003,857,118,26.3,18,1,1,67.0,54.0,58.42857142857143,58
2025-01-29,PHC003,MED003,789,112,31.2,31,2,1,58.0,60.0,59.0,68
2025-01-30,PHC003,MED003,711,125,30.4,36,3,1,68.0,42.0,60.142857142857146,78
2025-01-31,PHC003,MED003,666,105,21.6,27,4,1,78.0,42.0,65.28571428571429,45
2025-02-01,PHC003,MED003,602,118,22.2,27,5,2,45.0,76.0,65.71428571428571,64
2025-02-02,PHC003,MED003,522,133,20.2,36,6,2,64.0,68.0,64.0,80
2025-02-03,PHC003,MED003,481,96,22.1,24,0,2,80.0,67.0,65.71428571428571,41
2025-02-04,PHC003,MED003,445,74,27.1,16,1,2,41.0,58.0,62.0,36
2025-02-05,PHC003,MED003,399,94,21.7,22,2,2,36.0,68.0,58.857142857142854,46
2025-02-06,PHC003,MED003,332,130,29.1,35,3,2,46.0,78.0,55.714285714285715,67
2025-02-07,PHC003,MED003,269,117,34.2,25,4,2,67.0,45.0,54.142857142857146,63
2025-02-08,PHC003,MED003,215,103,23.9,27,5,2,63.0,64.0,56.714285714285715,54
2025-02-09,PHC003,MED003,473,120,24.1,31,6,2,54.0,80.0,55.285714285714285,89
2025-02-10,PHC003,MED003,437,68,21.9,15,0,2,89.0,41.0,56.57142857142857,36
2025-02-11,PHC003,MED003,366,130,31.2,33,1,2,36.0,36.0,55.857142857142854,71
2025-02-12,PHC003,MED003,328,83,32.2,17,2,2,71.0,46.0,60.857142857142854,38
2025-02-13,PHC003,MED003,281,112,22.5,22,3,2,38.0,67.0,59.714285714285715,47
2025-02-14,PHC003,MED003,219,117,22.9,22,4,2,47.0,63.0,56.857142857142854,62
2025-02-15,PHC003,MED003,597,130,20.4,24,5,2,62.0,54.0,56.714285714285715,66
2025-02-16,PHC003,MED003,499,130,23.2,34,6,2,66.0,89.0,58.42857142857143,98
2025-02-17,PHC003,MED003,437,112,33.9,29,0,2,98.0,36.0,59.714285714285715,62
2025-02-18,PHC003,MED003,360,110,28.6,29,1,2,62.0,71.0,63.42857142857143,77
2025-02-19,PHC003,MED003,296,122,21.4,28,2,2,77.0,38.0,64.28571428571429,64
2025-02-20,PHC003,MED003,240,94,31.3,36,3,2,64.0,47.0,68.0,56
2025-02-21,PHC003,MED003,545,105,25.3,24,4,2,56.0,62.0,69.28571428571429,61
2025-02-22,PHC003,MED003,470,124,26.1,28,5,2,61.0,66.0,69.14285714285714,75
2025-02-23,PHC003,MED003,402,119,28.8,30,6,2,75.0,98.0,70.42857142857143,68
2025-02-24,PHC003,MED003,353,95,32.8,28,0,2,68.0,62.0,66.14285714285714,49
2025-02-25,PHC003,MED003,287,118,21.4,19,1,2,49.0,77.0,64.28571428571429,66
2025-02-26,PHC003,MED003,239,103,32.1,15,2,2,66.0,64.0,62.714285714285715,48
2025-02-27,PHC003,MED003,180,88,27.7,28,3,2,48.0,56.0,60.42857142857143,59
2025-02-28,PHC003,MED003,602,107,34.0,19,4,2,59.0,61.0,60.857142857142854,51
2025-03-01,PHC003,MED003,495,148,34.1,35,5,3,51.0,75.0,59.42857142857143,107
2025-03-02,PHC003,MED003,408,149,30.2,39,6,3,107.0,68.0,64.0,87
2025-03-03,PHC003,MED003,344,161,28.5,30,0,3,87.0,49.0,66.71428571428571,64
2025-03-04,PHC003,MED003,286,116,20.2,28,1,3,64.0,66.0,68.85714285714286,58
2025-03-05,PHC003,MED003,246,97,33.4,30,2,3,58.0,48.0,67.71428571428571,40
2025-03-06,PHC003,MED003,200,93,22.5,23,3,3,40.0,59.0,66.57142857142857,46
2025-03-07,PHC003,MED003,809,115,21.1,24,4,3,46.0,51.0,64.71428571428571,54
2025-03-08,PHC003,MED003,736,128,27.1,28,5,3,54.0,107.0,65.14285714285714,73
2025-03-09,PHC003,MED003,650,157,21.9,37,6,3,73.0,87.0,60.285714285714285,86
2025-03-10,PHC003,MED003,607,106,32.9,25,0,3,86.0,64.0,60.142857142857146,43
2025-03-11,PHC003,MED003,545,127,25.5,34,1,3,43.0,58.0,57.142857142857146,62
2025-03-12,PHC003,MED003,483,130,25.6,22,2,3,62.0,40.0,57.714285714285715,62
2025-03-13,PHC003,MED003,424,93,30.2,22,3,3,62.0,46.0,60.857142857142854,59
2025-03-14,PHC003,MED003,376,94,31.1,18,4,3,59.0,54.0,62.714285714285715,48
2025-03-15,PHC003,MED003,284,154,24.4,48,5,3,48.0,73.0,61.857142857142854,92
2025-03-16,PHC003,MED003,213,134,21.1,37,6,3,92.0,86.0,64.57142857142857,71
2025-03-17,PHC003,MED003,906,120,29.6,34,0,3,71.0,43.0,62.42857142857143,67
2025-03-18,PHC003,MED003,834,113,22.7,26,1,3,67.0,62.0,65.85714285714286,72
2025-03-19,PHC003,MED003,760,133,26.0,29,2,3,72.0,62.0,67.28571428571429,74
2025-03-20,PHC003,MED003,694,122,29.1,32,3,3,74.0,59.0,69.0,66
2025-03-21,PHC003,MED003,618,134,28.2,37,4,3,66.0,48.0,70.0,76
2025-03-22,PHC003,MED003,563,134,23.2,32,5,3,76.0,92.0,74.0,55
2025-03-23,PHC003,MED003,501,108,32.1,27,6,3,55.0,71.0,68.71428571428571,62
2025-03-24,PHC003,MED003,437,120,23.2,16,0,3,62.0,67.0,67.42857142857143,64
2025-03-25,PHC003,MED003,385,113,23.8,28,1,3,64.0,72.0,67.0,52
2025-03-26,PHC003,MED003,312,113,24.1,30,2,3,52.0,74.0,64.14285714285714,73
2025-03-27,PHC003,MED003,243,125,23.2,26,3,3,73.0,66.0,64.0,69
2025-03-28,PHC003,MED003,967,117,20.8,27,4,3,69.0,76.0,64.42857142857143,69
2025-03-29,PHC003,MED003,901,116,25.2,29,5,3,69.0,55.0,63.42857142857143,66
2025-03-30,PHC003,MED003,826,111,30.3,30,6,3,66.0,62.0,65.0,75
2025-03-31,PHC003,MED003,746,129,25.8,27,0,3,75.0,64.0,66.85714285714286,80
2025-04-01,PHC003,MED003,669,136,29.0,34,1,4,80.0,52.0,69.14285714285714,77
2025-04-02,PHC003,MED003,614,120,34.8,26,2,4,77.0,73.0,72.71428571428571,55
2025-04-03,PHC003,MED003,551,132,31.1,29,3,4,55.0,69.0,70.14285714285714,63
2025-04-04,PHC003,MED003,492,117,33.0,26,4,4,63.0,69.0,69.28571428571429,59
2025-04-05,PHC003,MED003,403,156,26.1,47,5,4,59.0,66.0,67.85714285714286,89
2025-04-06,PHC003,MED003,326,126,21.9,22,6,4,89.0,75.0,71.14285714285714,77
2025-04-07,PHC003,MED003,288,72,21.5,22,0,4,77.0,80.0,71.42857142857143,38
2025-04-08,PHC003,MED003,700,150,22.5,31,1,4,38.0,77.0,65.42857142857143,81
2025-04-09,PHC003,MED003,651,112,22.9,31,2,4,81.0,55.0,66.0,49
2025-04-10,PHC003,MED003,610,76,24.5,15,3,4,49.0,63.0,65.14285714285714,41
2025-04-11,PHC003,MED003,582,100,21.9,33,4,4,41.0,59.0,62.0,28
2025-04-12,PHC003,MED003,504,126,32.4,27,5,4,28.0,89.0,57.57142857142857,78
2025-04-13,PHC003,MED003,445,90,25.0,28,6,4,78.0,77.0,56.0,59
2025-04-14,PHC003,MED003,387,102,22.4,21,0,4,59.0,38.0,53.42857142857143,58
2025-04-15,PHC003,MED003,340,98,29.9,26,1,4,58.0,81.0,56.285714285714285,47
2025-04-16,PHC003,MED003,306,90,33.6,19,2,4,47.0,49.0,51.42857142857143,34
2025-04-17,PHC003,MED003,245,115,32.6,30,3,4,34.0,41.0,49.285714285714285,61
2025-04-18,PHC003,MED003,189,111,31.2,29,4,4,61.0,28.0,52.142857142857146,56
2025-04-19,PHC003,MED003,777,113,29.5,23,5,4,56.0,78.0,56.142857142857146,53
2025-04-20,PHC003,MED003,693,125,23.3,29,6,4,53.0,59.0,52.57142857142857,84
2025-04-21,PHC003,MED003,646,95,22.9,25,0,4,84.0,58.0,56.142857142857146,47
2025-04-22,PHC003,MED003,591,111,26.2,38,1,4,47.0,47.0,54.57142857142857,55
2025-04-23,PHC003,MED003,520,120,31.1,22,2,4,55.0,34.0,55.714285714285715,71
2025-04-24,PHC003,MED003,456,110,33.2,28,3,4,71.0,61.0,61.0,64
2025-04-25,PHC003,MED003,404,107,31.9,36,4,4,64.0,56.0,61.42857142857143,52
2025-04-26,PHC003,MED003,329,132,20.2,37,5,4,52.0,53.0,60.857142857142854,75
2025-04-27,PHC003,MED003,712,134,32.3,37,6,4,75.0,84.0,64.0,88
2025-04-28,PHC003,MED003,657,91,26.5,25,0,4,88.0,47.0,64.57142857142857,55
2025-04-29,PHC003,MED003,608,95,29.2,22,1,4,55.0,55.0,65.71428571428571,49
2025-04-30,PHC003,MED003,550,113,34.1,33,2,4,49.0,71.0,64.85714285714286,58
2025-05-01,PHC003,MED003,507,91,26.0,27,3,5,58.0,64.0,63.0,43
2025-05-02,PHC003,MED003,438,118,21.9,30,4,5,43.0,52.0,60.0,69
2025-05-03,PHC003,MED003,356,141,25.9,39,5,5,69.0,75.0,62.42857142857143,82
2025-05-04,PHC003,MED003,306,93,24.8,24,6,5,82.0,88.0,63.42857142857143,50
2025-05-05,PHC003,MED003,250,112,20.2,28,0,5,50.0,55.0,58.0,56
2025-05-06,PHC003,MED003,205,101,34.6,20,1,5,56.0,49.0,58.142857142857146,45
2025-05-07,PHC003,MED003,841,106,31.0,26,2,5,45.0,58.0,57.57142857142857,62
2025-05-08,PHC003,MED003,784,107,33.5,24,3,5,62.0,43.0,58.142857142857146,57
2025-05-09,PHC003,MED003,730,104,23.7,31,4,5,57.0,69.0,60.142857142857146,54
2025-05-10,PHC003,MED003,682,100,24.1,25,5,5,54.0,82.0,58.0,48
2025-05-11,PHC003,MED003,601,145,29.6,33,6,5,48.0,50.0,53.142857142857146,81
2025-05-12,PHC003,MED003,545,106,21.6,19,0,5,81.0,56.0,57.57142857142857,56
2025-05-13,PHC003,MED003,498,103,21.4,36,1,5,56.0,45.0,57.57142857142857,47
2025-05-14,PHC003,MED003,447,110,27.4,30,2,5,47.0,62.0,57.857142857142854,51
2025-05-15,PHC003,MED003,378,115,34.4,29,3,5,51.0,57.0,56.285714285714285,69
2025-05-16,PHC003,MED003,312,120,33.6,26,4,5,69.0,54.0,58.0,66
2025-05-17,PHC003,MED003,840,129,20.2,29,5,5,66.0,48.0,59.714285714285715,82
2025-05-18,PHC003,MED003,758,144,25.1,37,6,5,82.0,81.0,64.57142857142857,82
2025-05-19,PHC003,MED003,709,82,29.0,33,0,5,82.0,56.0,64.71428571428571,49
2025-05-20,PHC003,MED003,648,110,29.1,27,1,5,49.0,47.0,63.714285714285715,61
2025-05-21,PHC003,MED003,599,92,31.4,21,2,5,61.0,51.0,65.71428571428571,49
2025-05-22,PHC003,MED003,535,124,22.1,31,3,5,49.0,69.0,65.42857142857143,64
2025-05-23,PHC003,MED003,468,129,21.9,36,4,5,64.0,66.0,64.71428571428571,67
2025-05-24,PHC003,MED003,377,136,29.8,40,5,5,67.0,82.0,64.85714285714286,91
2025-05-25,PHC003,MED003,301,99,26.5,26,6,5,91.0,82.0,66.14285714285714,76
2025-05-26,PHC003,MED003,245,98,32.7,24,0,5,76.0,49.0,65.28571428571429,56
2025-05-27,PHC003,MED003,188,102,21.5,12,1,5,56.0,61.0,66.28571428571429,57
2025-05-28,PHC003,MED003,658,90,30.8,24,2,5,57.0,49.0,65.71428571428571,51
2025-05-29,PHC003,MED003,589,121,31.2,26,3,5,51.0,64.0,66.0,69
2025-05-30,PHC003,MED003,545,90,28.5,18,4,5,69.0,67.0,66.71428571428571,44
2025-05-31,PHC003,MED003,481,111,21.0,32,5,5,44.0,91.0,63.42857142857143,64
2025-06-01,PHC003,MED003,409,129,24.4,25,6,6,64.0,76.0,59.57142857142857,72
2025-06-02,PHC003,MED003,351,120,34.5,23,0,6,72.0,56.0,59.0,58
2025-06-03,PHC003,MED003,290,112,31.9,29,1,6,58.0,57.0,59.285714285714285,61
2025-06-04,PHC003,MED003,245,106,29.9,28,2,6,61.0,51.0,59.857142857142854,45
2025-06-05,PHC003,MED003,644,128,20.2,35,3,6,45.0,69.0,59.0,69
2025-06-06,PHC003,MED003,587,114,24.8,34,4,6,69.0,44.0,59.0,57
2025-06-07,PHC003,MED003,504,132,23.3,32,5,6,57.0,64.0,60.857142857142854,83
2025-06-08,PHC003,MED003,440,104,34.2,23,6,6,83.0,72.0,63.57142857142857,64
2025-06-09,PHC003,MED003,399,89,30.2,15,0,6,64.0,58.0,62.42857142857143,41
2025-06-10,PHC003,MED003,351,84,23.0,24,1,6,41.0,61.0,60.0,48
2025-06-11,PHC003,MED003,291,115,21.8,32,2,6,48.0,45.0,58.142857142857146,60
2025-06-12,PHC003,MED003,245,90,28.9,24,3,6,60.0,69.0,60.285714285714285,46
2025-06-13,PHC003,MED003,186,113,28.6,36,4,6,46.0,57.0,57.0,59
2025-06-14,PHC003,MED003,672,143,22.0,35,5,6,59.0,83.0,57.285714285714285,87
2025-06-15,PHC003,MED003,599,125,29.7,32,6,6,87.0,64.0,57.857142857142854,73
2025-06-16,PHC003,MED003,540,116,32.0,29,0,6,73.0,41.0,59.142857142857146,59
2025-06-17,PHC003,MED003,495,98,28.3,24,1,6,59.0,48.0,61.714285714285715,45
2025-06-18,PHC003,MED003,444,102,25.9,31,2,6,45.0,60.0,61.285714285714285,51
2025-06-19,PHC003,MED003,408,94,21.8,31,3,6,51.0,46.0,60.0,36
2025-06-20,PHC003,MED003,357,95,20.4,28,4,6,36.0,59.0,58.57142857142857,51
2025-06-21,PHC003,MED003,275,127,30.3,35,5,6,51.0,87.0,57.42857142857143,82
2025-06-22,PHC003,MED003,959,118,22.9,30,6,6,82.0,73.0,56.714285714285715,78
2025-06-23,PHC003,MED003,906,101,30.3,24,0,6,78.0,59.0,57.42857142857143,53
2025-06-24,PHC003,MED003,825,139,20.6,38,1,6,53.0,45.0,56.57142857142857,81
2025-06-25,PHC003,MED003,754,113,31.9,27,2,6,81.0,51.0,61.714285714285715,71
2025-06-26,PHC003,MED003,707,93,33.9,28,3,6,71.0,36.0,64.57142857142857,47
2025-06-27,PHC003,MED003,647,106,28.8,25,4,6,47.0,51.0,66.14285714285714,60
2025-06-28,PHC003,MED003,564,145,29.6,27,5,6,60.0,82.0,67.42857142857143,83
2025-06-29,PHC003,MED003,486,110,27.4,27,6,6,83.0,78.0,67.57142857142857,78
2025-01-08,PHC003,MED004,236,109,34.6,28,2,1,42.0,53.0,69.0,68
2025-01-09,PHC003,MED004,549,122,31.7,26,3,1,68.0,72.0,71.14285714285714,71
2025-01-10,PHC003,MED004,500,121,28.7,25,4,1,71.0,68.0,71.0,49
2025-01-11,PHC003,MED004,408,139,21.6,38,5,1,49.0,93.0,68.28571428571429,92
2025-01-12,PHC003,MED004,323,128,27.1,28,6,1,92.0,86.0,68.14285714285714,85
2025-01-13,PHC003,MED004,274,96,21.8,23,0,1,85.0,69.0,68.0,49
2025-01-14,PHC003,MED004,207,105,26.5,27,1,1,49.0,42.0,65.14285714285714,67
2025-01-15,PHC003,MED004,918,101,25.5,29,2,1,67.0,68.0,68.71428571428571,64
2025-01-16,PHC003,MED004,850,114,26.0,24,3,1,64.0,71.0,68.14285714285714,68
2025-01-17,PHC003,MED004,805,94,27.4,20,4,1,68.0,49.0,67.71428571428571,45
2025-01-18,PHC003,MED004,737,135,23.3,26,5,1,45.0,92.0,67.14285714285714,68
2025-01-19,PHC003,MED004,646,130,24.0,32,6,1,68.0,85.0,63.714285714285715,91
2025-01-20,PHC003,MED004,570,112,30.7,29,0,1,91.0,49.0,64.57142857142857,76
2025-01-21,PHC003,MED004,505,104,31.0,27,1,1,76.0,67.0,68.42857142857143,65
2025-01-22,PHC003,MED004,434,101,25.2,27,2,1,65.0,64.0,68.14285714285714,71
2025-01-23,PHC003,MED004,365,105,31.0,32,3,1,71.0,68.0,69.14285714285714,69
2025-01-24,PHC003,MED004,304,119,24.6,28,4,1,69.0,45.0,69.28571428571429,61
2025-01-25,PHC003,MED004,966,135,24.7,31,5,1,61.0,68.0,71.57142857142857,98
2025-01-26,PHC003,MED004,870,130,30.0,20,6,1,98.0,91.0,75.85714285714286,96
2025-01-27,PHC003,MED004,803,107,34.6,27,0,1,96.0,76.0,76.57142857142857,67
2025-01-28,PHC003,MED004,743,103,25.3,25,1,1,67.0,65.0,75.28571428571429,60
2025-01-29,PHC003,MED004,680,109,33.1,27,2,1,60.0,71.0,74.57142857142857,63
2025-01-30,PHC003,MED004,613,110,24.4,35,3,1,63.0,69.0,73.42857142857143,67
2025-01-31,PHC003,MED004,551,112,31.3,33,4,1,67.0,61.0,73.14285714285714,62
2025-02-01,PHC003,MED004,484,119,27.4,31,5,2,62.0,98.0,73.28571428571429,67
2025-02-02,PHC003,MED004,411,115,30.0,33,6,2,67.0,96.0,68.85714285714286,73
2025-02-03,PHC003,MED004,348,126,25.0,33,0,2,73.0,67.0,65.57142857142857,63
2025-02-04,PHC003,MED004,296,88,33.0,21,1,2,63.0,60.0,65.0,52
2025-02-05,PHC003,MED004,236,95,29.6,22,2,2,52.0,63.0,63.857142857142854,60
2025-02-06,PHC003,MED004,477,119,23.3,33,3,2,60.0,67.0,63.42857142857143,74
2025-02-07,PHC003,MED004,404,109,34.6,27,4,2,74.0,62.0,64.42857142857143,73
2025-02-08,PHC003,MED004,321,110,22.9,33,5,2,73.0,67.0,66.0,83
2025-02-09,PHC003,MED004,247,120,30.2,39,6,2,83.0,73.0,68.28571428571429,74
2025-02-10,PHC003,MED004,831,123,34.4,27,0,2,74.0,63.0,68.42857142857143,63
2025-02-11,PHC003,MED004,765,108,28.8,24,1,2,63.0,52.0,68.42857142857143,66
2025-02-12,PHC003,MED004,708,121,22.9,28,2,2,66.0,60.0,70.42857142857143,57
2025-02-13,PHC003,MED004,655,98,31.9,25,3,2,57.0,74.0,70.0,53
2025-02-14,PHC003,MED004,606,85,25.2,17,4,2,53.0,73.0,67.0,49
2025-02-15,PHC003,MED004,525,127,30.2,34,5,2,49.0,83.0,63.57142857142857,81
2025-02-16,PHC003,MED004,444,114,28.4,27,6,2,81.0,74.0,63.285714285714285,81
2025-02-17,PHC003,MED004,370,124,26.8,34,0,2,81.0,63.0,64.28571428571429,74
2025-02-18,PHC003,MED004,304,115,21.9,37,1,2,74.0,66.0,65.85714285714286,66
2025-02-19,PHC003,MED004,228,110,20.7,21,2,2,66.0,57.0,65.85714285714286,76
2025-02-20,PHC003,MED004,175,130,31.8,40,3,2,76.0,53.0,68.57142857142857,53
2025-02-21,PHC003,MED004,491,109,30.7,15,4,2,53.0,49.0,68.57142857142857,57
2025-02-22,PHC003,MED004,392,136,28.8,33,5,2,57.0,81.0,69.71428571428571,99
2025-02-23,PHC003,MED004,302,131,32.2,28,6,2,99.0,81.0,72.28571428571429,90
2025-02-24,PHC003,MED004,239,99,34.5,20,0,2,90.0,74.0,73.57142857142857,63
2025-02-25,PHC003,MED004,811,116,28.5,27,1,2,63.0,66.0,72.0,75
2025-02-26,PHC003,MED004,734,129,22.1,25,2,2,75.0,76.0,73.28571428571429,77
2025-02-27,PHC003,MED004,673,98,24.6,21,3,2,77.0,53.0,73.42857142857143,61
2025-02-28,PHC003,MED004,609,99,26.9,35,4,2,61.0,57.0,74.57142857142857,64
2025-03-01,PHC003,MED004,510,150,27.9,38,5,3,64.0,99.0,75.57142857142857,99
2025-03-02,PHC003,MED004,440,120,30.3,24,6,3,99.0,90.0,75.57142857142857,70
2025-03-03,PHC003,MED004,370,120,26.9,17,0,3,70.0,63.0,72.71428571428571,70
2025-03-04,PHC003,MED004,305,112,31.5,27,1,3,70.0,75.0,73.71428571428571,65
2025-03-05,PHC003,MED004,250,114,28.7,35,2,3,65.0,77.0,72.28571428571429,55
2025-03-06,PHC003,MED004,196,95,33.5,28,3,3,55.0,61.0,69.14285714285714,54
2025-03-07,PHC003,MED004,676,106,30.1,27,4,3,54.0,64.0,68.14285714285714,56
2025-03-08,PHC003,MED004,585,137,26.9,24,5,3,56.0,99.0,67.0,91
2025-03-09,PHC003,MED004,515,128,25.0,35,6,3,91.0,70.0,65.85714285714286,70
2025-03-10,PHC003,MED004,449,120,27.2,32,0,3,70.0,70.0,65.85714285714286,66
2025-03-11,PHC003,MED004,396,114,31.1,28,1,3,66.0,65.0,65.28571428571429,53
2025-03-12,PHC003,MED004,329,119,22.2,30,2,3,53.0,55.0,63.57142857142857,67
2025-03-13,PHC003,MED004,268,92,32.8,24,3,3,67.0,54.0,65.28571428571429,61
2025-03-14,PHC003,MED004,852,105,34.8,30,4,3,61.0,56.0,66.28571428571429,68
2025-03-15,PHC003,MED004,765,127,22.3,32,5,3,68.0,91.0,68.0,87
2025-03-16,PHC003,MED004,671,139,23.7,30,6,3,87.0,70.0,67.42857142857143,94
2025-03-17,PHC003,MED004,607,112,33.9,23,0,3,94.0,66.0,70.85714285714286,64
2025-03-18,PHC003,MED004,546,104,22.8,31,1,3,64.0,53.0,70.57142857142857,61
2025-03-19,PHC003,MED004,453,138,26.6,34,2,3,61.0,67.0,71.71428571428571,93
2025-03-20,PHC003,MED004,388,105,22.2,24,3,3,93.0,61.0,75.42857142857143,65
2025-03-21,PHC003,MED004,329,111,27.7,27,4,3,65.0,68.0,76.0,59
2025-03-22,PHC003,MED004,248,123,27.2,27,5,3,59.0,87.0,74.71428571428571,81
2025-03-23,PHC003,MED004,661,133,24.1,29,6,3,81.0,94.0,73.85714285714286,84
2025-03-24,PHC003,MED004,600,107,26.3,24,0,3,84.0,64.0,72.42857142857143,61
2025-03-25,PHC003,MED004,532,111,20.2,21,1,3,61.0,61.0,72.0,68
2025-03-26,PHC003,MED004,473,103,33.4,32,2,3,68.0,93.0,73.0,59
2025-03-27,PHC003,MED004,421,106,27.0,37,3,3,59.0,65.0,68.14285714285714,52
2025-03-28,PHC003,MED004,367,107,34.7,22,4,3,52.0,59.0,66.28571428571429,54
2025-03-29,PHC003,MED004,764,149,30.6,32,5,3,54.0,81.0,65.57142857142857,102
2025-03-30,PHC003,MED004,691,117,22.3,28,6,3,102.0,84.0,68.57142857142857,73
2025-03-31,PHC003,MED004,632,93,22.1,13,0,3,73.0,61.0,67.0,59
2025-04-01,PHC003,MED004,557,114,33.9,21,1,4,59.0,68.0,66.71428571428571,75
2025-04-02,PHC003,MED004,489,121,29.1,17,2,4,75.0,59.0,67.71428571428571,68
2025-04-03,PHC003,MED004,426,120,27.6,37,3,4,68.0,52.0,69.0,63
2025-04-04,PHC003,MED004,379,100,28.7,22,4,4,63.0,54.0,70.57142857142857,47
2025-04-05,PHC003,MED004,302,102,21.0,20,5,4,47.0,102.0,69.57142857142857,77
2025-04-06,PHC003,MED004,850,131,27.5,33,6,4,77.0,73.0,66.0,99
2025-04-07,PHC003,MED004,800,84,34.7,22,0,4,99.0,59.0,69.71428571428571,50
2025-04-08,PHC003,MED004,739,87,22.6,22,1,4,50.0,75.0,68.42857142857143,61
2025-04-09,PHC003,MED004,656,129,26.3,26,2,4,61.0,68.0,66.42857142857143,83
2025-04-10,PHC003,MED004,579,118,21.1,36,3,4,83.0,63.0,68.57142857142857,77
2025-04-11,PHC003,MED004,510,111,32.6,20,4,4,77.0,47.0,70.57142857142857,69
2025-04-12,PHC003,MED004,441,120,34.8,28,5,4,69.0,77.0,73.71428571428571,69
2025-04-13,PHC003,MED004,372,117,23.8,27,6,4,69.0,99.0,72.57142857142857,69
2025-04-14,PHC003,MED004,303,114,32.2,29,0,4,69.0,50.0,68.28571428571429,69
2025-04-15,PHC003,MED004,246,113,28.7,25,1,4,69.0,61.0,71.0,57
2025-04-16,PHC003,MED004,666,93,33.4,25,2,4,57.0,83.0,70.42857142857143,64
2025-04-17,PHC003,MED004,608,112,33.0,21,3,4,64.0,77.0,67.71428571428571,58
2025-04-18,PHC003,MED004,537,129,27.9,40,4,4,58.0,69.0,65.0,71
2025-04-19,PHC003,MED004,460,130,32.4,35,5,4,71.0,69.0,65.28571428571429,77
2025-04-20,PHC003,MED004,387,126,32.0,39,6,4,77.0,69.0,66.42857142857143,73
2025-04-21,PHC003,MED004,338,90,33.1,25,0,4,73.0,69.0,67.0,49
2025-04-22,PHC003,MED004,276,106,27.5,24,1,4,49.0,57.0,64.14285714285714,62
2025-04-23,PHC003,MED004,922,127,20.3,33,2,4,62.0,64.0,64.85714285714286,78
2025-04-24,PHC003,MED004,854,98,21.0,24,3,4,78.0,58.0,66.85714285714286,68
2025-04-25,PHC003,MED004,790,137,21.1,24,4,4,68.0,71.0,68.28571428571429,64
2025-04-26,PHC003,MED004,718,113,26.0,33,5,4,64.0,77.0,67.28571428571429,72
2025-04-27,PHC003,MED004,644,148,21.7,39,6,4,72.0,73.0,66.57142857142857,74
2025-04-28,PHC003,MED004,573,116,25.1,28,0,4,74.0,49.0,66.71428571428571,71
2025-04-29,PHC003,MED004,502,109,31.5,31,1,4,71.0,62.0,69.85714285714286,71
2025-04-30,PHC003,MED004,448,124,30.0,29,2,4,71.0,78.0,71.14285714285714,54
2025-05-01,PHC003,MED004,368,117,21.1,26,3,5,54.0,68.0,67.71428571428571,80
2025-05-02,PHC003,MED004,325,99,20.5,22,4,5,80.0,64.0,69.42857142857143,43
2025-05-03,PHC003,MED004,808,162,29.0,39,5,5,43.0,72.0,66.42857142857143,99
2025-05-04,PHC003,MED004,730,122,30.8,27,6,5,99.0,74.0,70.28571428571429,78
2025-05-05,PHC003,MED004,667,123,23.4,34,0,5,78.0,71.0,70.85714285714286,63
2025-05-06,PHC003,MED004,615,123,23.4,32,1,5,63.0,71.0,69.71428571428571,52
2025-05-07,PHC003,MED004,549,113,31.7,27,2,5,52.0,54.0,67.0,66
2025-05-08,PHC003,MED004,468,129,20.3,26,3,5,66.0,80.0,68.71428571428571,81
2025-05-09,PHC003,MED004,408,95,25.7,24,4,5,81.0,43.0,68.85714285714286,60
2025-05-10,PHC003,MED004,317,143,21.8,33,5,5,60.0,99.0,71.28571428571429,91
2025-05-11,PHC003,MED004,261,102,25.3,18,6,5,91.0,78.0,70.14285714285714,56
2025-05-12,PHC003,MED004,690,137,20.2,34,0,5,56.0,63.0,67.0,82
2025-05-13,PHC003,MED004,649,109,31.9,16,1,5,82.0,52.0,69.71428571428571,41
2025-05-14,PHC003,MED004,597,90,32.2,30,2,5,41.0,66.0,68.14285714285714,52
2025-05-15,PHC003,MED004,524,116,22.7,30,3,5,52.0,81.0,66.14285714285714,73
2025-05-16,PHC003,MED004,464,113,24.4,26,4,5,73.0,60.0,65.0,60
2025-05-17,PHC003,MED004,383,113,21.8,24,5,5,60.0,91.0,65.0,81
2025-05-18,PHC003,MED004,299,131,31.0,27,6,5,81.0,56.0,63.57142857142857,84
2025-05-19,PHC003,MED004,251,89,23.3,30,0,5,84.0,82.0,67.57142857142857,48
2025-05-20,PHC003,MED004,212,75,29.8,19,1,5,48.0,41.0,62.714285714285715,39
2025-05-21,PHC003,MED004,918,98,30.5,23,2,5,39.0,52.0,62.42857142857143,55
2025-05-22,PHC003,MED004,844,109,27.3,16,3,5,55.0,73.0,62.857142857142854,74
2025-05-23,PHC003,MED004,771,139,32.6,39,4,5,74.0,60.0,63.0,73
2025-05-24,PHC003,MED004,689,124,30.9,28,5,5,73.0,81.0,64.85714285714286,82
2025-05-25,PHC003,MED004,619,127,23.5,30,6,5,82.0,84.0,65.0,70
2025-05-26,PHC003,MED004,549,119,32.5,30,0,5,70.0,48.0,63.0,70
2025-05-27,PHC003,MED004,483,107,24.5,33,1,5,70.0,39.0,66.14285714285714,66
2025-05-28,PHC003,MED004,425,108,20.3,30,2,5,66.0,55.0,70.0,58
2025-05-29,PHC003,MED004,374,98,23.4,28,3,5,58.0,74.0,70.42857142857143,51
2025-05-30,PHC003,MED004,302,125,20.5,24,4,5,51.0,73.0,67.14285714285714,72
2025-05-31,PHC003,MED004,945,129,33.7,20,5,5,72.0,82.0,67.0,81
2025-06-01,PHC003,MED004,883,112,28.9,35,6,6,81.0,70.0,66.85714285714286,62
2025-06-02,PHC003,MED004,830,110,32.4,22,0,6,62.0,70.0,65.71428571428571,53
2025-06-03,PHC003,MED004,779,116,20.9,27,1,6,53.0,66.0,63.285714285714285,51
2025-06-04,PHC003,MED004,719,121,30.8,33,2,6,51.0,58.0,61.142857142857146,60
2025-06-05,PHC003,MED004,675,83,28.6,25,3,6,60.0,51.0,61.42857142857143,44
2025-06-06,PHC003,MED004,631,93,22.4,20,4,6,44.0,72.0,60.42857142857143,44
2025-06-07,PHC003,MED004,542,143,20.2,38,5,6,44.0,81.0,56.42857142857143,89
2025-06-08,PHC003,MED004,454,137,21.3,22,6,6,89.0,62.0,57.57142857142857,88
2025-06-09,PHC003,MED004,375,128,29.2,29,0,6,88.0,53.0,61.285714285714285,79
2025-06-10,PHC003,MED004,318,95,31.7,29,1,6,79.0,51.0,65.0,57
2025-06-11,PHC003,MED004,262,90,24.8,27,2,6,57.0,60.0,65.85714285714286,56
2025-06-12,PHC003,MED004,208,109,26.9,30,3,6,56.0,44.0,65.28571428571429,54
2025-06-13,PHC003,MED004,555,116,32.7,34,4,6,54.0,44.0,66.71428571428571,64
2025-06-14,PHC003,MED004,475,109,21.2,30,5,6,64.0,89.0,69.57142857142857,80
2025-06-15,PHC003,MED004,402,115,23.9,33,6,6,80.0,88.0,68.28571428571429,73
2025-06-16,PHC003,MED004,337,112,27.4,24,0,6,73.0,79.0,66.14285714285714,65
2025-06-17,PHC003,MED004,277,119,23.5,34,1,6,65.0,57.0,64.14285714285714,60
2025-06-18,PHC003,MED004,223,104,27.6,23,2,6,60.0,56.0,64.57142857142857,54
2025-06-19,PHC003,MED004,591,114,34.3,25,3,6,54.0,54.0,64.28571428571429,64
2025-06-20,PHC003,MED004,520,112,32.7,27,4,6,64.0,64.0,65.71428571428571,71
2025-06-21,PHC003,MED004,444,111,21.6,31,5,6,71.0,80.0,66.71428571428571,76
2025-06-22,PHC003,MED004,360,119,21.2,29,6,6,76.0,73.0,66.14285714285714,84
2025-06-23,PHC003,MED004,297,128,21.1,35,0,6,84.0,65.0,67.71428571428571,63
2025-06-24,PHC003,MED004,244,99,20.4,26,1,6,63.0,60.0,67.42857142857143,53
2025-06-25,PHC003,MED004,187,101,25.6,35,2,6,53.0,54.0,66.42857142857143,57
2025-06-26,PHC003,MED004,496,121,20.5,28,3,6,57.0,64.0,66.85714285714286,67
2025-06-27,PHC003,MED004,426,119,29.1,30,4,6,67.0,71.0,67.28571428571429,70
2025-06-28,PHC003,MED004,350,132,31.7,27,5,6,70.0,76.0,67.14285714285714,76
2025-06-29,PHC003,MED004,574,125,32.5,29,6,6,76.0,84.0,67.14285714285714,92
2025-01-08,PHC003,MED005,843,117,25.4,28,2,1,41.0,42.0,42.142857142857146,34
2025-01-09,PHC003,MED005,808,99,33.7,29,3,1,34.0,41.0,41.0,35
2025-01-10,PHC003,MED005,770,93,28.5,18,4,1,35.0,35.0,40.142857142857146,38
2025-01-11,PHC003,MED005,710,130,28.1,30,5,1,38.0,43.0,40.57142857142857,60
2025-01-12,PHC003,MED005,661,111,23.9,25,6,1,60.0,51.0,43.0,49
2025-01-13,PHC003,MED005,632,107,21.2,30,0,1,49.0,42.0,42.714285714285715,29
2025-01-14,PHC003,MED005,584,130,31.6,26,1,1,29.0,41.0,40.857142857142854,48
2025-01-15,PHC003,MED005,527,134,20.2,27,2,1,48.0,34.0,41.857142857142854,57
2025-01-16,PHC003,MED005,484,118,31.1,18,3,1,57.0,35.0,45.142857142857146,43
2025-01-17,PHC003,MED005,445,112,26.5,28,4,1,43.0,38.0,46.285714285714285,39
2025-01-18,PHC003,MED005,399,84,33.8,27,5,1,39.0,60.0,46.42857142857143,46
2025-01-19,PHC003,MED005,346,138,26.0,31,6,1,46.0,49.0,44.42857142857143,53
2025-01-20,PHC003,MED005,298,101,33.5,33,0,1,53.0,29.0,45.0,48
2025-01-21,PHC003,MED005,254,92,34.9,19,1,1,48.0,48.0,47.714285714285715,44
2025-01-22,PHC003,MED005,202,116,26.1,25,2,1,44.0,57.0,47.142857142857146,52
2025-01-23,PHC003,MED005,171,82,24.3,23,3,1,52.0,43.0,46.42857142857143,31
2025-01-24,PHC003,MED005,896,111,33.7,31,4,1,31.0,39.0,44.714285714285715,54
2025-01-25,PHC003,MED005,849,117,20.1,29,5,1,54.0,46.0,46.857142857142854,47
2025-01-26,PHC003,MED005,793,114,22.7,24,6,1,47.0,53.0,47.0,56
2025-01-27,PHC003,MED005,748,107,31.6,22,0,1,56.0,48.0,47.42857142857143,45
2025-01-28,PHC003,MED005,693,127,27.9,37,1,1,45.0,44.0,47.0,55
2025-01-29,PHC003,MED005,667,75,24.3,18,2,1,55.0,52.0,48.57142857142857,26
2025-01-30,PHC003,MED005,615,126,34.2,32,3,1,26.0,31.0,44.857142857142854,52
2025-01-31,PHC003,MED005,569,127,26.5,26,4,1,52.0,54.0,47.857142857142854,46
2025-02-01,PHC003,MED005,493,156,22.5,37,5,2,46.0,47.0,46.714285714285715,76
2025-02-02,PHC003,MED005,432,122,23.4,36,6,2,76.0,56.0,50.857142857142854,61
2025-02-03,PHC003,MED005,369,141,21.6,34,0,2,61.0,45.0,51.57142857142857,63
2025-02-04,PHC003,MED005,332,111,21.4,31,1,2,63.0,55.0,54.142857142857146,37
2025-02-05,PHC003,MED005,286,104,20.6,29,2,2,37.0,26.0,51.57142857142857,46
2025-02-06,PHC003,MED005,249,124,22.9,27,3,2,46.0,52.0,54.42857142857143,37
2025-02-07,PHC003,MED005,202,112,34.2,25,4,2,37.0,46.0,52.285714285714285,47
2025-02-08,PHC003,MED005,165,111,21.9,30,5,2,47.0,76.0,52.42857142857143,37
2025-02-09,PHC003,MED005,875,136,21.8,31,6,2,37.0,61.0,46.857142857142854,45
2025-02-10,PHC003,MED005,828,99,33.0,26,0,2,45.0,63.0,44.57142857142857,47
2025-02-11,PHC003,MED005,782,108,21.2,30,1,2,47.0,37.0,42.285714285714285,46
2025-02-12,PHC003,MED005,741,116,24.9,21,2,2,46.0,46.0,43.57142857142857,41
2025-02-13,PHC003,MED005,702,109,31.7,23,3,2,41.0,37.0,42.857142857142854,39
2025-02-14,PHC003,MED005,671,106,33.9,22,4,2,39.0,47.0,43.142857142857146,31
2025-02-15,PHC003,MED005,613,140,32.6,36,5,2,31.0,37.0,40.857142857142854,58
2025-02-16,PHC003,MED005,563,110,20.5,18,6,2,58.0,45.0,43.857142857142854,50
2025-02-17,PHC003,MED005,516,108,34.1,30,0,2,50.0,47.0,44.57142857142857,47
2025-02-18,PHC003,MED005,471,104,22.3,22,1,2,47.0,46.0,44.57142857142857,45
2025-02-19,PHC003,MED005,433,87,33.1,21,2,2,45.0,41.0,44.42857142857143,38
2025-02-20,PHC003,MED005,374,138,31.2,31,3,2,38.0,39.0,44.0,59
2025-02-21,PHC003,MED005,330,110,22.7,24,4,2,59.0,31.0,46.857142857142854,44
2025-02-22,PHC003,MED005,284,116,25.7,30,5,2,44.0,58.0,48.714285714285715,46
2025-02-23,PHC003,MED005,229,115,22.7,21,6,2,46.0,50.0,47.0,55
2025-02-24,PHC003,MED005,195,106,24.4,29,0,2,55.0,47.0,47.714285714285715,34
2025-02-25,PHC003,MED005,494,112,27.2,24,1,2,34.0,45.0,45.857142857142854,50
2025-02-26,PHC003,MED005,445,117,33.5,41,2,2,50.0,38.0,46.57142857142857,49
2025-02-27,PHC003,MED005,405,94,26.4,19,3,2,49.0,59.0,48.142857142857146,40
2025-02-28,PHC003,MED005,356,126,29.9,42,4,2,40.0,44.0,45.42857142857143,49
2025-03-01,PHC003,MED005,277,138,32.6,41,5,3,49.0,46.0,46.142857142857146,79
2025-03-02,PHC003,MED005,210,139,30.3,29,6,3,79.0,55.0,50.857142857142854,67
2025-03-03,PHC003,MED005,744,112,26.1,30,0,3,67.0,34.0,52.57142857142857,53
2025-03-04,PHC003,MED005,706,111,24.8,23,1,3,53.0,50.0,55.285714285714285,38
2025-03-05,PHC003,MED005,652,120,24.0,21,2,3,38.0,49.0,53.57142857142857,54
2025-03-06,PHC003,MED005,612,108,32.3,22,3,3,54.0,40.0,54.285714285714285,40
2025-03-07,PHC003,MED005,565,124,23.1,28,4,3,40.0,49.0,54.285714285714285,47
2025-03-08,PHC003,MED005,524,100,29.2,16,5,3,47.0,79.0,54.0,41
2025-03-09,PHC003,MED005,458,144,32.0,43,6,3,41.0,67.0,48.57142857142857,66
2025-03-10,PHC003,MED005,407,129,33.7,36,0,3,66.0,53.0,48.42857142857143,51
2025-03-11,PHC003,MED005,376,91,25.4,19,1,3,51.0,38.0,48.142857142857146,31
2025-03-12,PHC003,MED005,329,112,28.0,30,2,3,31.0,54.0,47.142857142857146,47
2025-03-13,PHC003,MED005,299,101,25.0,28,3,3,47.0,40.0,46.142857142857146,30
2025-03-14,PHC003,MED005,252,115,34.1,36,4,3,30.0,47.0,44.714285714285715,47
2025-03-15,PHC003,MED005,195,127,26.0,33,5,3,47.0,41.0,44.714285714285715,57
2025-03-16,PHC003,MED005,566,117,24.5,29,6,3,57.0,66.0,47.0,55
2025-03-17,PHC003,MED005,510,135,32.2,41,0,3,55.0,51.0,45.42857142857143,56
2025-03-18,PHC003,MED005,463,99,32.3,28,1,3,56.0,31.0,46.142857142857146,47
2025-03-19,PHC003,MED005,425,89,30.6,27,2,3,47.0,47.0,48.42857142857143,38
2025-03-20,PHC003,MED005,393,109,31.1,26,3,3,38.0,30.0,47.142857142857146,32
2025-03-21,PHC003,MED005,348,101,25.9,30,4,3,32.0,47.0,47.42857142857143,45
2025-03-22,PHC003,MED005,294,141,31.8,26,5,3,45.0,57.0,47.142857142857146,54
2025-03-23,PHC003,MED005,221,137,21.5,32,6,3,54.0,55.0,46.714285714285715,73
2025-03-24,PHC003,MED005,172,129,25.6,30,0,3,73.0,56.0,49.285714285714285,49
2025-03-25,PHC003,MED005,782,114,24.3,25,1,3,49.0,47.0,48.285714285714285,49
2025-03-26,PHC003,MED005,746,99,20.3,23,2,3,49.0,38.0,48.57142857142857,36
2025-03-27,PHC003,MED005,696,110,21.6,23,3,3,36.0,32.0,48.285714285714285,50
2025-03-28,PHC003,MED005,647,116,26.0,42,4,3,50.0,45.0,50.857142857142854,49
2025-03-29,PHC003,MED005,584,140,25.0,28,5,3,49.0,54.0,51.42857142857143,63
2025-03-30,PHC003,MED005,508,141,21.4,22,6,3,63.0,73.0,52.714285714285715,76
2025-03-31,PHC003,MED005,451,136,22.1,30,0,3,76.0,49.0,53.142857142857146,57
2025-04-01,PHC003,MED005,417,97,30.8,20,1,4,57.0,49.0,54.285714285714285,34
2025-04-02,PHC003,MED005,381,105,24.7,26,2,4,34.0,36.0,52.142857142857146,36
2025-04-03,PHC003,MED005,345,105,24.8,28,3,4,36.0,50.0,52.142857142857146,36
2025-04-04,PHC003,MED005,305,103,31.3,33,4,4,36.0,49.0,50.142857142857146,40
2025-04-05,PHC003,MED005,250,131,24.7,26,5,4,40.0,63.0,48.857142857142854,55
2025-04-06,PHC003,MED005,206,115,32.9,27,6,4,55.0,76.0,47.714285714285715,44
2025-04-07,PHC003,MED005,163,116,21.6,28,0,4,44.0,57.0,43.142857142857146,43
2025-04-08,PHC003,MED005,128,96,31.2,24,1,4,43.0,34.0,41.142857142857146,35
2025-04-09,PHC003,MED005,463,118,34.6,34,2,4,35.0,36.0,41.285714285714285,52
2025-04-10,PHC003,MED005,423,113,22.1,23,3,4,52.0,36.0,43.57142857142857,40
2025-04-11,PHC003,MED005,361,121,20.1,26,4,4,40.0,40.0,44.142857142857146,62
2025-04-12,PHC003,MED005,306,159,24.1,37,5,4,62.0,55.0,47.285714285714285,55
2025-04-13,PHC003,MED005,252,112,28.5,37,6,4,55.0,44.0,47.285714285714285,54
2025-04-14,PHC003,MED005,214,120,34.3,26,0,4,54.0,43.0,48.714285714285715,38
2025-04-15,PHC003,MED005,175,95,27.1,28,1,4,38.0,35.0,48.0,39
2025-04-16,PHC003,MED005,146,123,33.9,30,2,4,39.0,52.0,48.57142857142857,29
2025-04-17,PHC003,MED005,639,122,27.1,37,3,4,29.0,40.0,45.285714285714285,47
2025-04-18,PHC003,MED005,585,118,24.7,42,4,4,47.0,62.0,46.285714285714285,54
2025-04-19,PHC003,MED005,523,135,28.1,40,5,4,54.0,55.0,45.142857142857146,62
2025-04-20,PHC003,MED005,461,131,25.3,29,6,4,62.0,54.0,46.142857142857146,62
2025-04-21,PHC003,MED005,417,100,29.4,23,0,4,62.0,38.0,47.285714285714285,44
2025-04-22,PHC003,MED005,384,104,28.8,30,1,4,44.0,39.0,48.142857142857146,33
2025-04-23,PHC003,MED005,343,102,26.0,32,2,4,33.0,29.0,47.285714285714285,41
2025-04-24,PHC003,MED005,293,128,22.3,30,3,4,41.0,47.0,49.0,50
2025-04-25,PHC003,MED005,241,108,23.9,22,4,4,50.0,54.0,49.42857142857143,52
2025-04-26,PHC003,MED005,181,142,25.0,28,5,4,52.0,62.0,49.142857142857146,60
2025-04-27,PHC003,MED005,756,129,24.2,25,6,4,60.0,62.0,48.857142857142854,67
2025-04-28,PHC003,MED005,724,81,20.0,23,0,4,67.0,44.0,49.57142857142857,32
2025-04-29,PHC003,MED005,680,111,33.9,31,1,4,32.0,33.0,47.857142857142854,44
2025-04-30,PHC003,MED005,637,104,21.2,25,2,4,44.0,41.0,49.42857142857143,43
2025-05-01,PHC003,MED005,598,118,32.1,28,3,5,43.0,50.0,49.714285714285715,39
2025-05-02,PHC003,MED005,545,117,23.6,26,4,5,39.0,52.0,48.142857142857146,53
2025-05-03,PHC003,MED005,505,106,30.6,31,5,5,53.0,60.0,48.285714285714285,40
2025-05-04,PHC003,MED005,436,149,29.1,36,6,5,40.0,67.0,45.42857142857143,69
2025-05-05,PHC003,MED005,393,112,29.5,30,0,5,69.0,32.0,45.714285714285715,43
2025-05-06,PHC003,MED005,345,118,30.4,24,1,5,43.0,44.0,47.285714285714285,48
2025-05-07,PHC003,MED005,304,110,33.5,30,2,5,48.0,43.0,47.857142857142854,41
2025-05-08,PHC003,MED005,271,102,31.6,32,3,5,41.0,39.0,47.57142857142857,33
2025-05-09,PHC003,MED005,224,101,29.3,29,4,5,33.0,53.0,46.714285714285715,47
2025-05-10,PHC003,MED005,173,102,34.0,27,5,5,47.0,40.0,45.857142857142854,51
2025-05-11,PHC003,MED005,576,136,25.4,33,6,5,51.0,69.0,47.42857142857143,65
2025-05-12,PHC003,MED005,522,128,23.8,35,0,5,65.0,43.0,46.857142857142854,54
2025-05-13,PHC003,MED005,472,128,20.5,28,1,5,54.0,48.0,48.42857142857143,50
2025-05-14,PHC003,MED005,419,126,23.8,38,2,5,50.0,41.0,48.714285714285715,53
2025-05-15,PHC003,MED005,381,81,32.3,10,3,5,53.0,33.0,50.42857142857143,38
2025-05-16,PHC003,MED005,348,83,27.4,27,4,5,38.0,47.0,51.142857142857146,33
2025-05-17,PHC003,MED005,303,96,31.3,25,5,5,33.0,51.0,49.142857142857146,45
2025-05-18,PHC003,MED005,244,122,22.3,40,6,5,45.0,65.0,48.285714285714285,59
2025-05-19,PHC003,MED005,210,107,22.0,16,0,5,59.0,54.0,47.42857142857143,34
2025-05-20,PHC003,MED005,506,124,20.9,37,1,5,34.0,50.0,44.57142857142857,53
2025-05-21,PHC003,MED005,464,117,32.8,26,2,5,53.0,53.0,45.0,42
2025-05-22,PHC003,MED005,422,89,33.5,18,3,5,42.0,38.0,43.42857142857143,42
2025-05-23,PHC003,MED005,375,117,34.8,27,4,5,42.0,33.0,44.0,47
2025-05-24,PHC003,MED005,321,112,26.2,35,5,5,47.0,45.0,46.0,54
2025-05-25,PHC003,MED005,262,123,22.9,29,6,5,54.0,59.0,47.285714285714285,59
2025-05-26,PHC003,MED005,217,101,20.7,24,0,5,59.0,34.0,47.285714285714285,45
2025-05-27,PHC003,MED005,185,92,26.1,18,1,5,45.0,53.0,48.857142857142854,32
2025-05-28,PHC003,MED005,150,88,28.4,26,2,5,32.0,42.0,45.857142857142854,35
2025-05-29,PHC003,MED005,432,122,32.5,34,3,5,35.0,42.0,44.857142857142854,63
2025-05-30,PHC003,MED005,377,127,30.9,33,4,5,63.0,47.0,47.857142857142854,55
2025-05-31,PHC003,MED005,317,134,34.5,39,5,5,55.0,54.0,49.0,60
2025-06-01,PHC003,MED005,268,100,21.2,25,6,6,60.0,59.0,49.857142857142854,49
2025-06-02,PHC003,MED005,233,108,32.6,23,0,6,49.0,45.0,48.42857142857143,35
2025-06-03,PHC003,MED005,195,84,22.0,24,1,6,35.0,32.0,47.0,38
2025-06-04,PHC003,MED005,556,132,22.7,35,2,6,38.0,35.0,47.857142857142854,54
2025-06-05,PHC003,MED005,513,120,23.0,32,3,6,54.0,63.0,50.57142857142857,43
2025-06-06,PHC003,MED005,462,121,26.6,29,4,6,43.0,55.0,47.714285714285715,51
2025-06-07,PHC003,MED005,392,134,27.8,27,5,6,51.0,60.0,47.142857142857146,70
2025-06-08,PHC003,MED005,321,137,22.6,27,6,6,70.0,49.0,48.57142857142857,71
2025-06-09,PHC003,MED005,275,103,34.9,29,0,6,71.0,35.0,51.714285714285715,46
2025-06-10,PHC003,MED005,241,90,30.2,25,1,6,46.0,38.0,53.285714285714285,34
2025-06-11,PHC003,MED005,194,123,31.1,36,2,6,34.0,54.0,52.714285714285715,47
2025-06-12,PHC003,MED005,151,107,23.2,32,3,6,47.0,43.0,51.714285714285715,43
2025-06-13,PHC003,MED005,649,121,29.5,35,4,6,43.0,51.0,51.714285714285715,45
2025-06-14,PHC003,MED005,592,139,25.6,39,5,6,45.0,70.0,50.857142857142854,57
2025-06-15,PHC003,MED005,525,140,29.4,42,6,6,57.0,71.0,49.0,67
2025-06-16,PHC003,MED005,484,111,26.3,27,0,6,67.0,46.0,48.42857142857143,41
2025-06-17,PHC003,MED005,424,128,24.6,40,1,6,41.0,34.0,47.714285714285715,60
2025-06-18,PHC003,MED005,382,100,20.3,25,2,6,60.0,47.0,51.42857142857143,42
2025-06-19,PHC003,MED005,346,94,26.0,18,3,6,42.0,43.0,50.714285714285715,36
2025-06-20,PHC003,MED005,304,115,25.6,25,4,6,36.0,45.0,49.714285714285715,42
2025-06-21,PHC003,MED005,905,145,33.2,32,5,6,42.0,57.0,49.285714285714285,89
2025-06-22,PHC003,MED005,837,157,21.6,34,6,6,89.0,67.0,53.857142857142854,68
2025-06-23,PHC003,MED005,793,115,22.5,22,0,6,68.0,41.0,54.0,44
2025-06-24,PHC003,MED005,748,116,29.0,32,1,6,44.0,60.0,54.42857142857143,45
2025-06-25,PHC003,MED005,712,92,22.1,29,2,6,45.0,42.0,52.285714285714285,36
2025-06-26,PHC003,MED005,665,96,20.8,16,3,6,36.0,36.0,51.42857142857143,47
2025-06-27,PHC003,MED005,609,124,25.9,33,4,6,47.0,42.0,53.0,56
2025-06-28,PHC003,MED005,556,105,23.0,28,5,6,56.0,89.0,55.0,53
2025-06-29,PHC003,MED005,476,137,26.5,38,6,6,53.0,68.0,49.857142857142854,80
2025-01-08,PHC004,MED001,512,114,32.3,25,2,1,105.0,93.0,113.28571428571429,121
2025-01-09,PHC004,MED001,416,101,33.7,19,3,1,121.0,122.0,117.28571428571429,96
2025-01-10,PHC004,MED001,767,114,26.5,29,4,1,96.0,127.0,113.57142857142857,122
2025-01-11,PHC004,MED001,627,131,22.3,34,5,1,122.0,136.0,112.85714285714286,140
2025-01-12,PHC004,MED001,833,159,34.3,35,6,1,140.0,127.0,113.42857142857143,185
2025-01-13,PHC004,MED001,707,132,32.5,39,0,1,185.0,83.0,121.71428571428571,126
2025-01-14,PHC004,MED001,591,122,32.9,29,1,1,126.0,105.0,127.85714285714286,116
2025-01-15,PHC004,MED001,482,121,24.8,29,2,1,116.0,121.0,129.42857142857142,109
2025-01-16,PHC004,MED001,362,114,34.4,22,3,1,109.0,96.0,127.71428571428571,120
2025-01-17,PHC004,MED001,872,99,24.5,29,4,1,120.0,122.0,131.14285714285714,99
2025-01-18,PHC004,MED001,731,160,27.5,43,5,1,99.0,140.0,127.85714285714286,141
2025-01-19,PHC004,MED001,554,143,32.7,28,6,1,141.0,185.0,128.0,177
2025-01-20,PHC004,MED001,418,119,31.4,32,0,1,177.0,126.0,126.85714285714286,136
2025-01-21,PHC004,MED001,700,124,20.1,29,1,1,136.0,116.0,128.28571428571428,150
2025-01-22,PHC004,MED001,559,113,30.9,31,2,1,150.0,109.0,133.14285714285714,141
2025-01-23,PHC004,MED001,427,116,24.2,29,3,1,141.0,120.0,137.71428571428572,132
2025-01-24,PHC004,MED001,694,132,30.3,25,4,1,132.0,99.0,139.42857142857142,162
2025-01-25,PHC004,MED001,540,118,31.5,32,5,1,162.0,141.0,148.42857142857142,154
2025-01-26,PHC004,MED001,804,140,26.7,33,6,1,154.0,177.0,150.28571428571428,188
2025-01-27,PHC004,MED001,671,107,25.4,21,0,1,188.0,136.0,151.85714285714286,133
2025-01-28,PHC004,MED001,532,126,21.4,31,1,1,133.0,150.0,151.42857142857142,139
2025-01-29,PHC004,MED001,415,117,26.5,22,2,1,139.0,141.0,149.85714285714286,117
2025-01-30,PHC004,MED001,987,160,32.4,38,3,1,117.0,132.0,146.42857142857142,155
2025-01-31,PHC004,MED001,832,146,28.5,32,4,1,155.0,162.0,149.71428571428572,155
2025-02-01,PHC004,MED001,668,142,30.9,42,5,2,155.0,154.0,148.71428571428572,164
2025-02-02,PHC004,MED001,514,141,27.7,33,6,2,164.0,188.0,150.14285714285714,154
2025-02-03,PHC004,MED001,418,107,26.0,23,0,2,154.0,133.0,145.28571428571428,96
2025-02-04,PHC004,MED001,1059,130,30.8,40,1,2,96.0,139.0,140.0,126
2025-02-05,PHC004,MED001,945,114,22.9,26,2,2,126.0,117.0,138.14285714285714,114
2025-02-06,PHC004,MED001,822,119,27.7,33,3,2,114.0,155.0,137.71428571428572,123
2025-02-07,PHC004,MED001,725,111,27.1,29,4,2,123.0,155.0,133.14285714285714,97
2025-02-08,PHC004,MED001,564,139,31.2,29,5,2,97.0,164.0,124.85714285714286,161
2025-02-09,PHC004,MED001,441,126,33.6,28,6,2,161.0,154.0,124.42857142857143,123
2025-02-10,PHC004,MED001,679,115,26.1,25,0,2,123.0,96.0,120.0,128
2025-02-11,PHC004,MED001,541,122,31.9,29,1,2,128.0,126.0,124.57142857142857,138
2025-02-12,PHC004,MED001,428,116,23.4,27,2,2,138.0,114.0,126.28571428571429,113
2025-02-13,PHC004,MED001,332,110,29.1,21,3,2,113.0,123.0,126.14285714285714,96
2025-02-14,PHC004,MED001,825,105,28.9,27,4,2,96.0,97.0,122.28571428571429,92
2025-02-15,PHC004,MED001,668,134,25.2,38,5,2,92.0,161.0,121.57142857142857,157
2025-02-16,PHC004,MED001,518,123,31.1,32,6,2,157.0,123.0,121.0,150
2025-02-17,PHC004,MED001,1121,143,20.5,33,0,2,150.0,128.0,124.85714285714286,133
2025-02-18,PHC004,MED001,998,115,27.3,27,1,2,133.0,138.0,125.57142857142857,123
2025-02-19,PHC004,MED001,893,120,24.6,29,2,2,123.0,113.0,123.42857142857143,105
2025-02-20,PHC004,MED001,759,120,27.0,24,3,2,105.0,96.0,122.28571428571429,134
2025-02-21,PHC004,MED001,633,137,26.2,29,4,2,134.0,92.0,127.71428571428571,126
2025-02-22,PHC004,MED001,960,141,24.3,26,5,2,126.0,157.0,132.57142857142858,165
2025-02-23,PHC004,MED001,853,93,29.1,25,6,2,165.0,150.0,133.71428571428572,107
2025-02-24,PHC004,MED001,704,124,23.3,29,0,2,107.0,133.0,127.57142857142857,149
2025-02-25,PHC004,MED001,572,119,31.7,31,1,2,149.0,123.0,129.85714285714286,132
2025-02-26,PHC004,MED001,448,119,26.1,24,2,2,132.0,105.0,131.14285714285714,124
2025-02-27,PHC004,MED001,345,105,25.4,22,3,2,124.0,134.0,133.85714285714286,103
2025-02-28,PHC004,MED001,765,145,34.4,42,4,2,103.0,126.0,129.42857142857142,154
2025-03-01,PHC004,MED001,616,125,26.1,27,5,3,154.0,165.0,133.42857142857142,149
2025-03-02,PHC004,MED001,945,139,33.9,30,6,3,149.0,107.0,131.14285714285714,175
2025-03-03,PHC004,MED001,784,146,25.0,35,0,3,175.0,149.0,140.85714285714286,161
2025-03-04,PHC004,MED001,691,111,33.6,28,1,3,161.0,132.0,142.57142857142858,93
2025-03-05,PHC004,MED001,562,135,29.5,38,2,3,93.0,124.0,137.0,129
2025-03-06,PHC004,MED001,433,114,29.3,26,3,3,129.0,103.0,137.71428571428572,129
2025-03-07,PHC004,MED001,350,120,24.9,28,4,3,129.0,154.0,141.42857142857142,83
2025-03-08,PHC004,MED001,859,138,27.1,40,5,3,83.0,149.0,131.28571428571428,171
2025-03-09,PHC004,MED001,715,146,25.8,29,6,3,171.0,175.0,134.42857142857142,144
2025-03-10,PHC004,MED001,627,110,33.7,27,0,3,144.0,161.0,130.0,88
2025-03-11,PHC004,MED001,485,126,30.7,31,1,3,88.0,93.0,119.57142857142857,142
2025-03-12,PHC004,MED001,879,123,21.0,33,2,3,142.0,129.0,126.57142857142857,141
2025-03-13,PHC004,MED001,735,124,34.8,31,3,3,141.0,129.0,128.28571428571428,144
2025-03-14,PHC004,MED001,586,132,27.5,20,4,3,144.0,83.0,130.42857142857142,149
2025-03-15,PHC004,MED001,906,151,22.4,32,5,3,149.0,171.0,139.85714285714286,216
2025-03-16,PHC004,MED001,755,137,31.2,32,6,3,216.0,144.0,146.28571428571428,151
2025-03-17,PHC004,MED001,650,106,25.8,20,0,3,151.0,88.0,147.28571428571428,105
2025-03-18,PHC004,MED001,544,128,33.3,19,1,3,105.0,142.0,149.71428571428572,106
2025-03-19,PHC004,MED001,454,115,30.7,16,2,3,106.0,141.0,144.57142857142858,90
2025-03-20,PHC004,MED001,350,94,20.9,27,3,3,90.0,144.0,137.28571428571428,104
2025-03-21,PHC004,MED001,1031,94,26.0,23,4,3,104.0,149.0,131.57142857142858,93
2025-03-22,PHC004,MED001,886,117,26.4,28,5,3,93.0,216.0,123.57142857142857,145
2025-03-23,PHC004,MED001,677,144,31.3,35,6,3,145.0,151.0,113.42857142857143,209
2025-03-24,PHC004,MED001,565,127,26.2,33,0,3,209.0,105.0,121.71428571428571,112
2025-03-25,PHC004,MED001,424,148,21.5,37,1,3,112.0,106.0,122.71428571428571,141
2025-03-26,PHC004,MED001,747,116,33.5,27,2,3,141.0,90.0,127.71428571428571,110
2025-03-27,PHC004,MED001,602,121,25.0,26,3,3,110.0,104.0,130.57142857142858,145
2025-03-28,PHC004,MED001,481,109,24.1,28,4,3,145.0,93.0,136.42857142857142,121
2025-03-29,PHC004,MED001,901,140,33.2,33,5,3,121.0,145.0,140.42857142857142,168
2025-03-30,PHC004,MED001,729,130,34.2,35,6,3,168.0,209.0,143.71428571428572,172
2025-03-31,PHC004,MED001,580,138,24.4,29,0,3,172.0,112.0,138.42857142857142,149
2025-04-01,PHC004,MED001,469,119,22.2,22,1,4,149.0,141.0,143.71428571428572,111
2025-04-02,PHC004,MED001,798,134,23.2,32,2,4,111.0,110.0,139.42857142857142,126
2025-04-03,PHC004,MED001,709,122,25.5,31,3,4,126.0,145.0,141.71428571428572,89
2025-04-04,PHC004,MED001,595,119,33.5,24,4,4,89.0,121.0,133.71428571428572,114
2025-04-05,PHC004,MED001,935,160,28.8,38,5,4,114.0,168.0,132.71428571428572,153
2025-04-06,PHC004,MED001,796,138,22.5,38,6,4,153.0,172.0,130.57142857142858,139
2025-04-07,PHC004,MED001,656,111,33.5,27,0,4,139.0,149.0,125.85714285714286,140
2025-04-08,PHC004,MED001,524,123,23.4,28,1,4,140.0,111.0,124.57142857142857,132
2025-04-09,PHC004,MED001,417,116,31.8,37,2,4,132.0,126.0,127.57142857142857,107
2025-04-10,PHC004,MED001,1032,109,33.6,16,3,4,107.0,89.0,124.85714285714286,115
2025-04-11,PHC004,MED001,894,120,31.8,20,4,4,115.0,114.0,128.57142857142858,138
2025-04-12,PHC004,MED001,748,124,29.4,30,5,4,138.0,153.0,132.0,146
2025-04-13,PHC004,MED001,1104,155,24.1,36,6,4,146.0,139.0,131.0,219
2025-04-14,PHC004,MED001,1017,113,20.8,37,0,4,219.0,140.0,142.42857142857142,87
2025-04-15,PHC004,MED001,908,110,23.8,25,1,4,87.0,132.0,134.85714285714286,109
2025-04-16,PHC004,MED001,817,97,30.3,22,2,4,109.0,107.0,131.57142857142858,91
2025-04-17,PHC004,MED001,705,116,29.1,29,3,4,91.0,115.0,129.28571428571428,112
2025-04-18,PHC004,MED001,560,118,21.0,32,4,4,112.0,138.0,128.85714285714286,145
2025-04-19,PHC004,MED001,973,153,20.9,34,5,4,145.0,146.0,129.85714285714286,184
2025-04-20,PHC004,MED001,786,158,33.2,37,6,4,184.0,219.0,135.28571428571428,187
2025-04-21,PHC004,MED001,656,145,21.1,39,0,4,187.0,87.0,130.71428571428572,130
2025-04-22,PHC004,MED001,529,122,28.8,28,1,4,130.0,109.0,136.85714285714286,127
2025-04-23,PHC004,MED001,442,110,20.1,25,2,4,127.0,91.0,139.42857142857142,87
2025-04-24,PHC004,MED001,922,134,29.6,32,3,4,87.0,112.0,138.85714285714286,121
2025-04-25,PHC004,MED001,763,127,26.8,25,4,4,121.0,145.0,140.14285714285714,159
2025-04-26,PHC004,MED001,611,138,22.6,29,5,4,159.0,184.0,142.14285714285714,152
2025-04-27,PHC004,MED001,477,120,34.3,29,6,4,152.0,187.0,137.57142857142858,134
2025-04-28,PHC004,MED001,764,149,28.4,37,0,4,134.0,130.0,130.0,171
2025-04-29,PHC004,MED001,642,115,31.3,27,1,4,171.0,127.0,135.85714285714286,122
2025-04-30,PHC004,MED001,525,122,27.4,35,2,4,122.0,87.0,135.14285714285714,117
2025-05-01,PHC004,MED001,849,131,30.1,40,3,5,117.0,121.0,139.42857142857142,151
2025-05-02,PHC004,MED001,732,137,22.7,30,4,5,151.0,159.0,143.71428571428572,117
2025-05-03,PHC004,MED001,590,143,23.2,27,5,5,117.0,152.0,137.71428571428572,142
2025-05-04,PHC004,MED001,1049,138,24.5,32,6,5,142.0,134.0,136.28571428571428,153
2025-05-05,PHC004,MED001,921,126,24.9,38,0,5,153.0,171.0,139.0,128
2025-05-06,PHC004,MED001,782,134,29.9,34,1,5,128.0,122.0,132.85714285714286,139
2025-05-07,PHC004,MED001,684,112,27.1,33,2,5,139.0,117.0,135.28571428571428,98
2025-05-08,PHC004,MED001,584,111,23.9,27,3,5,98.0,151.0,132.57142857142858,100
2025-05-09,PHC004,MED001,449,146,25.6,32,4,5,100.0,117.0,125.28571428571429,135
2025-05-10,PHC004,MED001,870,161,24.6,42,5,5,135.0,142.0,127.85714285714286,167
2025-05-11,PHC004,MED001,764,126,31.4,34,6,5,167.0,153.0,131.42857142857142,106
2025-05-12,PHC004,MED001,597,143,34.6,30,0,5,106.0,128.0,124.71428571428571,167
2025-05-13,PHC004,MED001,470,121,30.6,29,1,5,167.0,139.0,130.28571428571428,127
2025-05-14,PHC004,MED001,1014,143,24.8,34,2,5,127.0,98.0,128.57142857142858,160
2025-05-15,PHC004,MED001,902,106,31.1,30,3,5,160.0,100.0,137.42857142857142,112
2025-05-16,PHC004,MED001,798,100,21.1,21,4,5,112.0,135.0,139.14285714285714,104
2025-05-17,PHC004,MED001,665,151,34.1,44,5,5,104.0,167.0,134.71428571428572,133
2025-05-18,PHC004,MED001,537,118,25.9,37,6,5,133.0,106.0,129.85714285714286,128
2025-05-19,PHC004,MED001,698,143,23.7,33,0,5,128.0,167.0,133.0,169
2025-05-20,PHC004,MED001,564,119,24.1,35,1,5,169.0,127.0,133.28571428571428,134
2025-05-21,PHC004,MED001,451,97,21.7,32,2,5,134.0,160.0,134.28571428571428,113
2025-05-22,PHC004,MED001,658,139,26.2,30,3,5,113.0,112.0,127.57142857142857,170
2025-05-23,PHC004,MED001,536,134,28.6,28,4,5,170.0,104.0,135.85714285714286,122
2025-05-24,PHC004,MED001,943,132,29.9,30,5,5,122.0,133.0,138.42857142857142,178
2025-05-25,PHC004,MED001,791,126,20.3,30,6,5,178.0,128.0,144.85714285714286,152
2025-05-26,PHC004,MED001,693,115,24.7,30,0,5,152.0,169.0,148.28571428571428,98
2025-05-27,PHC004,MED001,538,140,26.7,26,1,5,98.0,134.0,138.14285714285714,155
2025-05-28,PHC004,MED001,415,114,25.0,23,2,5,155.0,113.0,141.14285714285714,123
2025-05-29,PHC004,MED001,660,110,23.8,20,3,5,123.0,170.0,142.57142857142858,116
2025-05-30,PHC004,MED001,549,117,32.1,25,4,5,116.0,122.0,134.85714285714286,111
2025-05-31,PHC004,MED001,956,147,20.9,27,5,5,111.0,178.0,133.28571428571428,182
2025-06-01,PHC004,MED001,802,137,27.6,33,6,6,182.0,152.0,133.85714285714286,154
2025-06-02,PHC004,MED001,697,128,27.4,23,0,6,154.0,98.0,134.14285714285714,105
2025-06-03,PHC004,MED001,606,111,34.6,27,1,6,105.0,155.0,135.14285714285714,91
2025-06-04,PHC004,MED001,482,124,32.0,24,2,6,91.0,123.0,126.0,124
2025-06-05,PHC004,MED001,378,115,34.9,34,3,6,124.0,116.0,126.14285714285714,104
2025-06-06,PHC004,MED001,1013,120,26.5,21,4,6,104.0,111.0,124.42857142857143,115
2025-06-07,PHC004,MED001,839,154,25.0,41,5,6,115.0,182.0,125.0,174
2025-06-08,PHC004,MED001,667,146,26.8,42,6,6,174.0,154.0,123.85714285714286,172
2025-06-09,PHC004,MED001,580,96,26.0,33,0,6,172.0,105.0,126.42857142857143,87
2025-06-10,PHC004,MED001,455,114,25.8,35,1,6,87.0,91.0,123.85714285714286,125
2025-06-11,PHC004,MED001,1004,121,28.8,36,2,6,125.0,124.0,128.71428571428572,144
2025-06-12,PHC004,MED001,889,113,30.0,33,3,6,144.0,104.0,131.57142857142858,115
2025-06-13,PHC004,MED001,768,101,33.0,18,4,6,115.0,115.0,133.14285714285714,121
2025-06-14,PHC004,MED001,589,153,23.1,45,5,6,121.0,174.0,134.0,179
2025-06-15,PHC004,MED001,448,141,31.7,27,6,6,179.0,172.0,134.71428571428572,141
2025-06-16,PHC004,MED001,366,84,24.9,17,0,6,141.0,87.0,130.28571428571428,82
2025-06-17,PHC004,MED001,659,130,26.4,33,1,6,82.0,125.0,129.57142857142858,145
2025-06-18,PHC004,MED001,502,124,31.6,42,2,6,145.0,144.0,132.42857142857142,157
2025-06-19,PHC004,MED001,377,125,34.2,33,3,6,157.0,115.0,134.28571428571428,125
2025-06-20,PHC004,MED001,746,150,32.8,39,4,6,125.0,121.0,135.71428571428572,155
2025-06-21,PHC004,MED001,568,143,25.7,33,5,6,155.0,179.0,140.57142857142858,178
2025-06-22,PHC004,MED001,735,141,22.6,33,6,6,178.0,141.0,140.42857142857142,195
2025-06-23,PHC004,MED001,615,108,34.1,28,0,6,195.0,82.0,148.14285714285714,120
2025-06-24,PHC004,MED001,500,119,34.9,25,1,6,120.0,145.0,153.57142857142858,115
2025-06-25,PHC004,MED001,920,125,27.2,36,2,6,115.0,157.0,149.28571428571428,140
2025-06-26,PHC004,MED001,775,133,20.1,36,3,6,140.0,125.0,146.85714285714286,145
2025-06-27,PHC004,MED001,674,106,34.2,29,4,6,145.0,155.0,149.71428571428572,101
2025-06-28,PHC004,MED001,523,147,32.7,32,5,6,101.0,178.0,142.0,151
2025-06-29,PHC004,MED001,805,196,25.8,55,6,6,151.0,195.0,138.14285714285714,259
2025-01-08,PHC004,MED002,608,135,24.8,37,2,1,110.0,92.0,97.71428571428571,94
2025-01-09,PHC004,MED002,495,123,33.3,26,3,1,94.0,107.0,98.0,113
2025-01-10,PHC004,MED002,403,127,25.7,33,4,1,113.0,89.0,98.85714285714286,92
2025-01-11,PHC004,MED002,618,123,22.4,27,5,1,92.0,99.0,99.28571428571429,132
2025-01-12,PHC004,MED002,494,141,34.5,33,6,1,132.0,114.0,104.0,124
2025-01-13,PHC004,MED002,433,105,33.5,27,0,1,124.0,73.0,105.42857142857143,61
2025-01-14,PHC004,MED002,335,131,27.1,32,1,1,61.0,110.0,103.71428571428571,98
2025-01-15,PHC004,MED002,266,130,24.8,30,2,1,98.0,94.0,102.0,69
2025-01-16,PHC004,MED002,911,111,27.4,26,3,1,69.0,113.0,98.42857142857143,80
2025-01-17,PHC004,MED002,797,126,23.3,28,4,1,80.0,92.0,93.71428571428571,114
2025-01-18,PHC004,MED002,646,164,21.4,41,5,1,114.0,132.0,96.85714285714286,151
2025-01-19,PHC004,MED002,546,113,21.6,34,6,1,151.0,124.0,99.57142857142857,100
2025-01-20,PHC004,MED002,455,130,34.6,30,0,1,100.0,61.0,96.14285714285714,91
2025-01-21,PHC004,MED002,357,111,28.7,22,1,1,91.0,98.0,100.42857142857143,98
2025-01-22,PHC004,MED002,270,103,29.9,29,2,1,98.0,69.0,100.42857142857143,87
2025-01-23,PHC004,MED002,519,89,20.5,16,3,1,87.0,80.0,103.0,75
2025-01-24,PHC004,MED002,460,112,20.2,31,4,1,75.0,114.0,102.28571428571429,59
2025-01-25,PHC004,MED002,355,119,23.6,22,5,1,59.0,151.0,94.42857142857143,105
2025-01-26,PHC004,MED002,971,140,22.8,25,6,1,105.0,100.0,87.85714285714286,129
2025-01-27,PHC004,MED002,867,128,26.8,26,0,1,129.0,91.0,92.0,104
2025-01-28,PHC004,MED002,758,141,24.2,32,1,1,104.0,98.0,93.85714285714286,109
2025-01-29,PHC004,MED002,653,124,25.1,19,2,1,109.0,87.0,95.42857142857143,105
2025-01-30,PHC004,MED002,575,113,28.2,30,3,1,105.0,75.0,98.0,78
2025-01-31,PHC004,MED002,500,109,25.1,20,4,1,78.0,59.0,98.42857142857143,75
2025-02-01,PHC004,MED002,734,138,34.5,29,5,2,75.0,105.0,100.71428571428571,130
2025-02-02,PHC004,MED002,570,172,32.5,50,6,2,130.0,129.0,104.28571428571429,164
2025-02-03,PHC004,MED002,463,136,26.8,37,0,2,164.0,104.0,109.28571428571429,107
2025-02-04,PHC004,MED002,395,87,34.5,17,1,2,107.0,109.0,109.71428571428571,68
2025-02-05,PHC004,MED002,328,119,27.7,34,2,2,68.0,105.0,103.85714285714286,67
2025-02-06,PHC004,MED002,792,134,31.6,39,3,2,67.0,78.0,98.42857142857143,105
2025-02-07,PHC004,MED002,690,144,32.9,33,4,2,105.0,75.0,102.28571428571429,102
2025-02-08,PHC004,MED002,591,112,25.4,26,5,2,102.0,130.0,106.14285714285714,99
2025-02-09,PHC004,MED002,446,174,21.5,38,6,2,99.0,164.0,101.71428571428571,145
2025-02-10,PHC004,MED002,338,131,29.3,38,0,2,145.0,107.0,99.0,108
2025-02-11,PHC004,MED002,986,99,29.1,31,1,2,108.0,68.0,99.14285714285714,91
2025-02-12,PHC004,MED002,904,122,34.5,32,2,2,91.0,67.0,102.42857142857143,82
2025-02-13,PHC004,MED002,809,129,27.1,27,3,2,82.0,105.0,104.57142857142857,95
2025-02-14,PHC004,MED002,712,110,24.5,34,4,2,95.0,102.0,103.14285714285714,97
2025-02-15,PHC004,MED002,592,149,31.0,35,5,2,97.0,99.0,102.42857142857143,120
2025-02-16,PHC004,MED002,465,134,31.3,32,6,2,120.0,145.0,105.42857142857143,127
2025-02-17,PHC004,MED002,1136,133,34.6,40,0,2,127.0,108.0,102.85714285714286,129
2025-02-18,PHC004,MED002,1049,121,29.7,39,1,2,129.0,91.0,105.85714285714286,87
2025-02-19,PHC004,MED002,956,126,34.5,32,2,2,87.0,82.0,105.28571428571429,93
2025-02-20,PHC004,MED002,869,115,21.9,39,3,2,93.0,95.0,106.85714285714286,87
2025-02-21,PHC004,MED002,798,84,30.1,24,4,2,87.0,97.0,105.71428571428571,71
2025-02-22,PHC004,MED002,678,138,21.8,33,5,2,71.0,120.0,102.0,120
2025-02-23,PHC004,MED002,561,145,29.9,32,6,2,120.0,127.0,102.0,117
2025-02-24,PHC004,MED002,473,118,31.1,31,0,2,117.0,129.0,100.57142857142857,88
2025-02-25,PHC004,MED002,381,122,25.1,41,1,2,88.0,87.0,94.71428571428571,92
2025-02-26,PHC004,MED002,288,114,25.7,43,2,2,92.0,93.0,95.42857142857143,93
2025-02-27,PHC004,MED002,848,116,33.1,22,3,2,93.0,87.0,95.42857142857143,94
2025-02-28,PHC004,MED002,749,132,24.4,28,4,2,94.0,71.0,96.42857142857143,99
2025-03-01,PHC004,MED002,662,137,33.0,32,5,3,99.0,120.0,100.42857142857143,87
2025-03-02,PHC004,MED002,550,140,27.4,44,6,3,87.0,117.0,95.71428571428571,112
2025-03-03,PHC004,MED002,473,105,31.5,28,0,3,112.0,88.0,95.0,77
2025-03-04,PHC004,MED002,382,134,33.6,26,1,3,77.0,92.0,93.42857142857143,91
2025-03-05,PHC004,MED002,308,110,25.3,25,2,3,91.0,93.0,93.28571428571429,74
2025-03-06,PHC004,MED002,733,144,27.3,36,3,3,74.0,94.0,90.57142857142857,97
2025-03-07,PHC004,MED002,653,115,31.7,27,4,3,97.0,99.0,91.0,80
2025-03-08,PHC004,MED002,552,133,32.6,27,5,3,80.0,87.0,88.28571428571429,101
2025-03-09,PHC004,MED002,431,151,29.0,42,6,3,101.0,112.0,90.28571428571429,121
2025-03-10,PHC004,MED002,363,98,34.3,19,0,3,121.0,77.0,91.57142857142857,68
2025-03-11,PHC004,MED002,286,117,30.1,29,1,3,68.0,91.0,90.28571428571429,77
2025-03-12,PHC004,MED002,890,133,25.9,30,2,3,77.0,74.0,88.28571428571429,99
2025-03-13,PHC004,MED002,807,106,33.0,21,3,3,99.0,97.0,91.85714285714286,83
2025-03-14,PHC004,MED002,706,135,32.1,34,4,3,83.0,80.0,89.85714285714286,101
2025-03-15,PHC004,MED002,605,122,22.7,33,5,3,101.0,101.0,92.85714285714286,101
2025-03-16,PHC004,MED002,496,129,24.4,28,6,3,101.0,121.0,92.85714285714286,109
2025-03-17,PHC004,MED002,397,122,25.4,20,0,3,109.0,68.0,91.14285714285714,99
2025-03-18,PHC004,MED002,314,114,34.5,24,1,3,99.0,77.0,95.57142857142857,83
2025-03-19,PHC004,MED002,877,146,29.5,33,2,3,83.0,99.0,96.42857142857143,130
2025-03-20,PHC004,MED002,793,123,31.6,27,3,3,130.0,83.0,100.85714285714286,84
2025-03-21,PHC004,MED002,698,116,32.2,25,4,3,84.0,101.0,101.0,95
2025-03-22,PHC004,MED002,581,155,25.0,30,5,3,95.0,101.0,100.14285714285714,117
2025-03-23,PHC004,MED002,481,122,32.4,32,6,3,117.0,109.0,102.42857142857143,100
2025-03-24,PHC004,MED002,379,139,29.6,39,0,3,100.0,99.0,101.14285714285714,102
2025-03-25,PHC004,MED002,924,136,24.0,35,1,3,102.0,83.0,101.57142857142857,117
2025-03-26,PHC004,MED002,845,107,26.6,27,2,3,117.0,130.0,106.42857142857143,79
2025-03-27,PHC004,MED002,744,127,22.8,32,3,3,79.0,84.0,99.14285714285714,101
2025-03-28,PHC004,MED002,659,114,29.6,34,4,3,101.0,95.0,101.57142857142857,85
2025-03-29,PHC004,MED002,496,157,21.1,42,5,3,85.0,117.0,100.14285714285714,163
2025-03-30,PHC004,MED002,744,158,33.7,43,6,3,163.0,100.0,106.71428571428571,126
2025-03-31,PHC004,MED002,680,95,26.0,22,0,3,126.0,102.0,110.42857142857143,64
2025-04-01,PHC004,MED002,580,126,34.3,30,1,4,64.0,117.0,105.0,100
2025-04-02,PHC004,MED002,504,91,21.2,20,2,4,100.0,79.0,102.57142857142857,76
2025-04-03,PHC004,MED002,422,136,20.6,33,3,4,76.0,101.0,102.14285714285714,82
2025-04-04,PHC004,MED002,328,114,32.5,27,4,4,82.0,85.0,99.42857142857143,94
2025-04-05,PHC004,MED002,515,149,23.4,36,5,4,94.0,163.0,100.71428571428571,119
2025-04-06,PHC004,MED002,920,130,32.9,28,6,4,119.0,126.0,94.42857142857143,142
2025-04-07,PHC004,MED002,837,128,28.3,27,0,4,142.0,64.0,96.71428571428571,83
2025-04-08,PHC004,MED002,764,114,29.4,32,1,4,83.0,100.0,99.42857142857143,73
2025-04-09,PHC004,MED002,662,152,31.2,29,2,4,73.0,76.0,95.57142857142857,102
2025-04-10,PHC004,MED002,609,79,25.6,21,3,4,102.0,82.0,99.28571428571429,53
2025-04-11,PHC004,MED002,519,149,24.8,30,4,4,53.0,94.0,95.14285714285714,90
2025-04-12,PHC004,MED002,775,168,34.8,48,5,4,90.0,119.0,94.57142857142857,170
2025-04-13,PHC004,MED002,613,144,21.4,29,6,4,170.0,142.0,101.85714285714286,162
2025-04-14,PHC004,MED002,549,99,21.6,23,0,4,162.0,83.0,104.71428571428571,64
2025-04-15,PHC004,MED002,464,125,25.2,28,1,4,64.0,73.0,102.0,85
2025-04-16,PHC004,MED002,408,81,24.0,21,2,4,85.0,102.0,103.71428571428571,56
2025-04-17,PHC004,MED002,314,129,26.6,27,3,4,56.0,53.0,97.14285714285714,94
2025-04-18,PHC004,MED002,857,117,26.7,30,4,4,94.0,90.0,103.0,89
2025-04-19,PHC004,MED002,710,151,33.0,39,5,4,89.0,170.0,102.85714285714286,147
2025-04-20,PHC004,MED002,562,156,28.5,46,6,4,147.0,162.0,99.57142857142857,148
2025-04-21,PHC004,MED002,473,143,30.7,33,0,4,148.0,64.0,97.57142857142857,89
2025-04-22,PHC004,MED002,391,122,23.2,44,1,4,89.0,85.0,101.14285714285714,82
2025-04-23,PHC004,MED002,318,102,30.1,27,2,4,82.0,56.0,100.71428571428571,73
2025-04-24,PHC004,MED002,809,137,22.2,42,3,4,73.0,94.0,103.14285714285714,85
2025-04-25,PHC004,MED002,696,140,32.9,34,4,4,85.0,89.0,101.85714285714286,113
2025-04-26,PHC004,MED002,593,137,31.6,34,5,4,113.0,147.0,105.28571428571429,103
2025-04-27,PHC004,MED002,459,143,26.2,36,6,4,103.0,148.0,99.0,134
2025-04-28,PHC004,MED002,360,129,34.8,40,0,4,134.0,89.0,97.0,99
2025-04-29,PHC004,MED002,613,122,33.9,29,1,4,99.0,82.0,98.42857142857143,95
2025-04-30,PHC004,MED002,533,107,34.2,32,2,4,95.0,73.0,100.28571428571429,80
2025-05-01,PHC004,MED002,449,109,30.4,30,3,5,80.0,85.0,101.28571428571429,84
2025-05-02,PHC004,MED002,348,131,30.6,36,4,5,84.0,113.0,101.14285714285714,101
2025-05-03,PHC004,MED002,862,151,22.8,33,5,5,101.0,103.0,99.42857142857143,117
2025-05-04,PHC004,MED002,750,145,31.3,33,6,5,117.0,134.0,101.42857142857143,112
2025-05-05,PHC004,MED002,661,117,29.1,29,0,5,112.0,99.0,98.28571428571429,89
2025-05-06,PHC004,MED002,569,120,34.5,27,1,5,89.0,95.0,96.85714285714286,92
2025-05-07,PHC004,MED002,459,119,25.8,29,2,5,92.0,80.0,96.42857142857143,110
2025-05-08,PHC004,MED002,375,126,34.3,22,3,5,110.0,84.0,100.71428571428571,84
2025-05-09,PHC004,MED002,1024,128,22.7,38,4,5,84.0,101.0,100.71428571428571,97
2025-05-10,PHC004,MED002,902,152,25.6,36,5,5,97.0,117.0,100.14285714285714,122
2025-05-11,PHC004,MED002,775,145,32.7,41,6,5,122.0,112.0,100.85714285714286,127
2025-05-12,PHC004,MED002,707,103,29.3,27,0,5,127.0,89.0,103.0,68
2025-05-13,PHC004,MED002,572,149,31.9,33,1,5,68.0,92.0,100.0,135
2025-05-14,PHC004,MED002,466,144,30.2,38,2,5,135.0,110.0,106.14285714285714,106
2025-05-15,PHC004,MED002,379,113,21.5,26,3,5,106.0,84.0,105.57142857142857,87
2025-05-16,PHC004,MED002,289,128,26.8,28,4,5,87.0,97.0,106.0,90
2025-05-17,PHC004,MED002,497,123,31.8,22,5,5,90.0,122.0,105.0,125
2025-05-18,PHC004,MED002,1089,131,23.6,30,6,5,125.0,127.0,105.42857142857143,126
2025-05-19,PHC004,MED002,994,94,20.6,24,0,5,126.0,68.0,105.28571428571429,95
2025-05-20,PHC004,MED002,887,136,29.9,24,1,5,95.0,135.0,109.14285714285714,107
2025-05-21,PHC004,MED002,780,121,32.7,23,2,5,107.0,106.0,105.14285714285714,107
2025-05-22,PHC004,MED002,687,132,30.5,38,3,5,107.0,87.0,105.28571428571429,93
2025-05-23,PHC004,MED002,615,95,29.6,22,4,5,93.0,90.0,106.14285714285714,72
2025-05-24,PHC004,MED002,498,146,29.4,36,5,5,72.0,125.0,103.57142857142857,117
2025-05-25,PHC004,MED002,397,126,27.4,34,6,5,117.0,126.0,102.42857142857143,101
2025-05-26,PHC004,MED002,301,121,27.5,25,0,5,101.0,95.0,98.85714285714286,96
2025-05-27,PHC004,MED002,580,123,30.3,26,1,5,96.0,107.0,99.0,117
2025-05-28,PHC004,MED002,481,130,28.8,36,2,5,117.0,107.0,100.42857142857143,99
2025-05-29,PHC004,MED002,376,135,29.6,30,3,5,99.0,93.0,99.28571428571429,105
2025-05-30,PHC004,MED002,293,102,22.8,29,4,5,105.0,72.0,101.0,83
2025-05-31,PHC004,MED002,726,143,32.4,35,5,5,83.0,117.0,102.57142857142857,135
2025-06-01,PHC004,MED002,637,121,30.2,33,6,6,135.0,101.0,105.14285714285714,89
2025-06-02,PHC004,MED002,540,130,26.9,33,0,6,89.0,96.0,103.42857142857143,97
2025-06-03,PHC004,MED002,429,130,27.4,29,1,6,97.0,117.0,103.57142857142857,111
2025-06-04,PHC004,MED002,369,102,20.7,22,2,6,111.0,99.0,102.71428571428571,60
2025-06-05,PHC004,MED002,895,142,33.6,38,3,6,60.0,105.0,97.14285714285714,111
2025-06-06,PHC004,MED002,777,131,34.8,24,4,6,111.0,83.0,98.0,118
2025-06-07,PHC004,MED002,642,136,20.7,27,5,6,118.0,135.0,103.0,135
2025-06-08,PHC004,MED002,507,145,30.0,39,6,6,135.0,89.0,103.0,135
2025-06-09,PHC004,MED002,434,110,29.4,18,0,6,135.0,97.0,109.57142857142857,73
2025-06-10,PHC004,MED002,340,129,31.0,42,1,6,73.0,111.0,106.14285714285714,94
2025-06-11,PHC004,MED002,987,143,24.2,31,2,6,94.0,60.0,103.71428571428571,114
2025-06-12,PHC004,MED002,872,130,23.8,40,3,6,114.0,111.0,111.42857142857143,115
2025-06-13,PHC004,MED002,775,122,21.9,38,4,6,115.0,118.0,112.0,97
2025-06-14,PHC004,MED002,643,136,21.7,32,5,6,97.0,135.0,109.0,132
2025-06-15,PHC004,MED002,494,161,22.5,45,6,6,132.0,135.0,108.57142857142857,149
2025-06-16,PHC004,MED002,407,118,30.7,17,0,6,149.0,73.0,110.57142857142857,87
2025-06-17,PHC004,MED002,994,109,23.9,25,1,6,87.0,94.0,112.57142857142857,102
2025-06-18,PHC004,MED002,871,141,33.3,41,2,6,102.0,114.0,113.71428571428571,123
2025-06-19,PHC004,MED002,784,114,34.9,25,3,6,123.0,115.0,115.0,87
2025-06-20,PHC004,MED002,694,113,23.4,28,4,6,87.0,97.0,111.0,90
2025-06-21,PHC004,MED002,604,130,23.6,33,5,6,90.0,132.0,110.0,90
2025-06-22,PHC004,MED002,495,126,22.1,27,6,6,90.0,149.0,104.0,109
2025-06-23,PHC004,MED002,411,118,22.8,37,0,6,109.0,87.0,98.28571428571429,84
2025-06-24,PHC004,MED002,1091,123,28.5,34,1,6,84.0,102.0,97.85714285714286,106
2025-06-25,PHC004,MED002,994,116,26.9,28,2,6,106.0,123.0,98.42857142857143,97
2025-06-26,PHC004,MED002,884,124,25.7,30,3,6,97.0,87.0,94.71428571428571,110
2025-06-27,PHC004,MED002,780,114,25.0,29,4,6,110.0,90.0,98.0,104
2025-06-28,PHC004,MED002,644,138,26.6,33,5,6,104.0,90.0,100.0,136
2025-06-29,PHC004,MED002,526,121,28.2,29,6,6,136.0,109.0,106.57142857142857,118
2025-01-08,PHC004,MED003,268,97,34.8,20,2,1,64.0,64.0,72.42857142857143,50
2025-01-09,PHC004,MED003,225,88,22.3,25,3,1,50.0,78.0,70.42857142857143,43
2025-01-10,PHC004,MED003,946,117,22.6,33,4,1,43.0,60.0,65.42857142857143,74
2025-01-11,PHC004,MED003,864,129,22.4,34,5,1,74.0,77.0,67.42857142857143,82
2025-01-12,PHC004,MED003,783,122,26.2,30,6,1,82.0,103.0,68.14285714285714,81
2025-01-13,PHC004,MED003,694,142,34.8,28,0,1,81.0,61.0,65.0,89
2025-01-14,PHC004,MED003,609,135,33.3,35,1,1,89.0,64.0,69.0,85
2025-01-15,PHC004,MED003,557,104,34.3,27,2,1,85.0,50.0,72.0,52
2025-01-16,PHC004,MED003,491,123,27.9,29,3,1,52.0,43.0,72.28571428571429,66
2025-01-17,PHC004,MED003,410,121,28.5,38,4,1,66.0,74.0,75.57142857142857,81
2025-01-18,PHC004,MED003,334,131,27.0,33,5,1,81.0,82.0,76.57142857142857,76
2025-01-19,PHC004,MED003,776,156,25.6,32,6,1,76.0,81.0,75.71428571428571,98
2025-01-20,PHC004,MED003,691,134,24.5,39,0,1,98.0,89.0,78.14285714285714,85
2025-01-21,PHC004,MED003,608,133,29.4,25,1,1,85.0,85.0,77.57142857142857,83
2025-01-22,PHC004,MED003,539,123,25.8,27,2,1,83.0,52.0,77.28571428571429,69
2025-01-23,PHC004,MED003,477,111,26.6,27,3,1,69.0,66.0,79.71428571428571,62
2025-01-24,PHC004,MED003,421,106,31.2,24,4,1,62.0,81.0,79.14285714285714,56
2025-01-25,PHC004,MED003,332,130,26.0,31,5,1,56.0,76.0,75.57142857142857,89
2025-01-26,PHC004,MED003,605,129,33.0,27,6,1,89.0,98.0,77.42857142857143,93
2025-01-27,PHC004,MED003,533,122,29.2,24,0,1,93.0,85.0,76.71428571428571,72
2025-01-28,PHC004,MED003,475,102,21.5,24,1,1,72.0,83.0,74.85714285714286,58
2025-01-29,PHC004,MED003,397,123,33.8,31,2,1,58.0,69.0,71.28571428571429,78
2025-01-30,PHC004,MED003,322,110,25.4,37,3,1,78.0,62.0,72.57142857142857,75
2025-01-31,PHC004,MED003,248,119,24.6,17,4,1,75.0,56.0,74.42857142857143,74
2025-02-01,PHC004,MED003,607,147,26.7,32,5,2,74.0,89.0,77.0,114
2025-02-02,PHC004,MED003,543,135,21.5,29,6,2,114.0,93.0,80.57142857142857,64
2025-02-03,PHC004,MED003,478,108,28.0,29,0,2,64.0,72.0,76.42857142857143,65
2025-02-04,PHC004,MED003,437,114,28.3,26,1,2,65.0,58.0,75.42857142857143,41
2025-02-05,PHC004,MED003,384,128,34.6,28,2,2,41.0,78.0,73.0,53
2025-02-06,PHC004,MED003,320,116,26.7,26,3,2,53.0,75.0,69.42857142857143,64
2025-02-07,PHC004,MED003,253,112,22.6,24,4,2,64.0,74.0,67.85714285714286,67
2025-02-08,PHC004,MED003,528,161,32.3,41,5,2,67.0,114.0,66.85714285714286,118
2025-02-09,PHC004,MED003,444,130,27.4,31,6,2,118.0,64.0,67.42857142857143,84
2025-02-10,PHC004,MED003,374,114,25.1,24,0,2,84.0,65.0,70.28571428571429,70
2025-02-11,PHC004,MED003,292,128,30.2,35,1,2,70.0,41.0,71.0,82
2025-02-12,PHC004,MED003,840,126,34.0,30,2,2,82.0,53.0,76.85714285714286,76
2025-02-13,PHC004,MED003,762,118,34.2,26,3,2,76.0,64.0,80.14285714285714,78
2025-02-14,PHC004,MED003,664,138,32.0,37,4,2,78.0,67.0,82.14285714285714,98
2025-02-15,PHC004,MED003,569,141,32.8,32,5,2,98.0,118.0,86.57142857142857,95
2025-02-16,PHC004,MED003,464,143,27.8,39,6,2,95.0,84.0,83.28571428571429,105
2025-02-17,PHC004,MED003,402,111,23.6,29,0,2,105.0,70.0,86.28571428571429,62
2025-02-18,PHC004,MED003,324,114,26.5,33,1,2,62.0,82.0,85.14285714285714,78
2025-02-19,PHC004,MED003,261,126,21.2,31,2,2,78.0,76.0,84.57142857142857,63
2025-02-20,PHC004,MED003,205,113,34.7,27,3,2,63.0,78.0,82.71428571428571,56
2025-02-21,PHC004,MED003,639,103,33.6,30,4,2,56.0,98.0,79.57142857142857,60
2025-02-22,PHC004,MED003,565,121,24.1,35,5,2,60.0,95.0,74.14285714285714,74
2025-02-23,PHC004,MED003,469,148,26.4,21,6,2,74.0,105.0,71.14285714285714,96
2025-02-24,PHC004,MED003,401,118,25.2,26,0,2,96.0,62.0,69.85714285714286,68
2025-02-25,PHC004,MED003,321,130,26.7,32,1,2,68.0,78.0,70.71428571428571,80
2025-02-26,PHC004,MED003,248,107,33.7,18,2,2,80.0,63.0,71.0,73
2025-02-27,PHC004,MED003,191,96,31.4,26,3,2,73.0,56.0,72.42857142857143,57
2025-02-28,PHC004,MED003,469,121,21.0,33,4,2,57.0,60.0,72.57142857142857,66
2025-03-01,PHC004,MED003,380,133,20.2,33,5,3,66.0,74.0,73.42857142857143,89
2025-03-02,PHC004,MED003,1025,149,29.3,27,6,3,89.0,96.0,75.57142857142857,101
2025-03-03,PHC004,MED003,953,138,25.0,41,0,3,101.0,68.0,76.28571428571429,72
2025-03-04,PHC004,MED003,883,110,20.8,21,1,3,72.0,80.0,76.85714285714286,70
2025-03-05,PHC004,MED003,806,146,30.8,39,2,3,70.0,73.0,75.42857142857143,77
2025-03-06,PHC004,MED003,729,134,30.3,36,3,3,77.0,57.0,76.0,77
2025-03-07,PHC004,MED003,642,143,22.9,30,4,3,77.0,66.0,78.85714285714286,87
2025-03-08,PHC004,MED003,552,148,27.4,29,5,3,87.0,89.0,81.85714285714286,90
2025-03-09,PHC004,MED003,487,122,32.9,29,6,3,90.0,101.0,82.0,65
2025-03-10,PHC004,MED003,425,103,21.2,27,0,3,65.0,72.0,76.85714285714286,62
2025-03-11,PHC004,MED003,367,118,22.8,34,1,3,62.0,70.0,75.42857142857143,58
2025-03-12,PHC004,MED003,281,138,22.8,40,2,3,58.0,77.0,73.71428571428571,86
2025-03-13,PHC004,MED003,218,100,32.5,25,3,3,86.0,77.0,75.0,63
2025-03-14,PHC004,MED003,628,116,29.6,33,4,3,63.0,87.0,73.0,66
2025-03-15,PHC004,MED003,546,149,29.8,36,5,3,66.0,90.0,70.0,82
2025-03-16,PHC004,MED003,445,149,31.3,36,6,3,82.0,65.0,68.85714285714286,101
2025-03-17,PHC004,MED003,365,122,29.3,25,0,3,101.0,62.0,74.0,80
2025-03-18,PHC004,MED003,295,123,31.5,28,1,3,80.0,58.0,76.57142857142857,70
2025-03-19,PHC004,MED003,231,118,28.8,29,2,3,70.0,86.0,78.28571428571429,64
2025-03-20,PHC004,MED003,591,132,30.2,30,3,3,64.0,63.0,75.14285714285714,74
2025-03-21,PHC004,MED003,532,115,25.4,28,4,3,74.0,66.0,76.71428571428571,59
2025-03-22,PHC004,MED003,451,144,24.5,31,5,3,59.0,82.0,75.71428571428571,81
2025-03-23,PHC004,MED003,366,140,22.6,34,6,3,81.0,101.0,75.57142857142857,85
2025-03-24,PHC004,MED003,306,115,33.2,23,0,3,85.0,80.0,73.28571428571429,60
2025-03-25,PHC004,MED003,763,144,33.0,40,1,3,60.0,70.0,70.42857142857143,80
2025-03-26,PHC004,MED003,699,112,31.3,28,2,3,80.0,64.0,71.85714285714286,64
2025-03-27,PHC004,MED003,622,122,34.8,33,3,3,64.0,74.0,71.85714285714286,77
2025-03-28,PHC004,MED003,555,110,20.2,23,4,3,77.0,59.0,72.28571428571429,67
2025-03-29,PHC004,MED003,465,117,22.8,32,5,3,67.0,81.0,73.42857142857143,90
2025-03-30,PHC004,MED003,364,151,22.2,40,6,3,90.0,85.0,74.71428571428571,101
2025-03-31,PHC004,MED003,287,123,34.3,27,0,3,101.0,60.0,77.0,77
2025-04-01,PHC004,MED003,229,110,27.3,26,1,4,77.0,80.0,79.42857142857143,58
2025-04-02,PHC004,MED003,174,104,34.5,28,2,4,58.0,64.0,76.28571428571429,55
2025-04-03,PHC004,MED003,542,156,21.0,43,3,4,55.0,77.0,75.0,80
2025-04-04,PHC004,MED003,460,135,27.4,37,4,4,80.0,67.0,75.42857142857143,82
2025-04-05,PHC004,MED003,377,142,34.4,41,5,4,82.0,90.0,77.57142857142857,83
2025-04-06,PHC004,MED003,284,128,29.2,29,6,4,83.0,101.0,76.57142857142857,93
2025-04-07,PHC004,MED003,234,105,25.1,22,0,4,93.0,77.0,75.42857142857143,50
2025-04-08,PHC004,MED003,459,137,27.1,38,1,4,50.0,58.0,71.57142857142857,84
2025-04-09,PHC004,MED003,403,105,23.1,27,2,4,84.0,55.0,75.28571428571429,56
2025-04-10,PHC004,MED003,336,130,33.7,35,3,4,56.0,80.0,75.42857142857143,67
2025-04-11,PHC004,MED003,262,146,28.3,34,4,4,67.0,82.0,73.57142857142857,74
2025-04-12,PHC004,MED003,795,132,24.8,33,5,4,74.0,83.0,72.42857142857143,90
2025-04-13,PHC004,MED003,737,109,30.6,22,6,4,90.0,93.0,73.42857142857143,58
2025-04-14,PHC004,MED003,670,103,33.4,25,0,4,58.0,50.0,68.42857142857143,67
2025-04-15,PHC004,MED003,605,108,25.8,36,1,4,67.0,84.0,70.85714285714286,65
2025-04-16,PHC004,MED003,533,131,33.5,27,2,4,65.0,56.0,68.14285714285714,72
2025-04-17,PHC004,MED003,457,143,21.0,33,3,4,72.0,67.0,70.42857142857143,76
2025-04-18,PHC004,MED003,399,126,25.5,32,4,4,76.0,74.0,71.71428571428571,58
2025-04-19,PHC004,MED003,913,141,23.3,29,5,4,58.0,90.0,69.42857142857143,103
2025-04-20,PHC004,MED003,821,139,24.1,31,6,4,103.0,58.0,71.28571428571429,92
2025-04-21,PHC004,MED003,775,102,29.1,38,0,4,92.0,67.0,76.14285714285714,46
2025-04-22,PHC004,MED003,725,114,29.0,20,1,4,46.0,65.0,73.14285714285714,50
2025-04-23,PHC004,MED003,639,138,31.0,40,2,4,50.0,72.0,71.0,86
2025-04-24,PHC004,MED003,537,145,26.3,34,3,4,86.0,76.0,73.0,102
2025-04-25,PHC004,MED003,465,121,23.9,29,4,4,102.0,58.0,76.71428571428571,72
2025-04-26,PHC004,MED003,386,141,21.2,30,5,4,72.0,103.0,78.71428571428571,79
2025-04-27,PHC004,MED003,322,106,22.2,28,6,4,79.0,92.0,75.28571428571429,64
2025-04-28,PHC004,MED003,266,107,21.6,19,0,4,64.0,46.0,71.28571428571429,56
2025-04-29,PHC004,MED003,201,118,30.6,33,1,4,56.0,50.0,72.71428571428571,65
2025-04-30,PHC004,MED003,856,123,21.9,39,2,4,65.0,86.0,74.85714285714286,89
2025-05-01,PHC004,MED003,792,112,22.1,33,3,5,89.0,102.0,75.28571428571429,64
2025-05-02,PHC004,MED003,732,108,24.9,32,4,5,64.0,72.0,69.85714285714286,60
2025-05-03,PHC004,MED003,646,147,31.4,42,5,5,60.0,79.0,68.14285714285714,86
2025-05-04,PHC004,MED003,569,128,27.7,32,6,5,86.0,64.0,69.14285714285714,77
2025-05-05,PHC004,MED003,502,116,27.5,21,0,5,77.0,56.0,71.0,67
2025-05-06,PHC004,MED003,435,117,30.7,31,1,5,67.0,65.0,72.57142857142857,67
2025-05-07,PHC004,MED003,355,132,25.4,35,2,5,67.0,89.0,72.85714285714286,80
2025-05-08,PHC004,MED003,281,127,20.9,36,3,5,80.0,64.0,71.57142857142857,74
2025-05-09,PHC004,MED003,230,97,30.4,28,4,5,74.0,60.0,73.0,51
2025-05-10,PHC004,MED003,881,136,31.4,34,5,5,51.0,86.0,71.71428571428571,93
2025-05-11,PHC004,MED003,796,138,29.7,38,6,5,93.0,77.0,72.71428571428571,85
2025-05-12,PHC004,MED003,735,118,20.6,31,0,5,85.0,67.0,73.85714285714286,61
2025-05-13,PHC004,MED003,660,122,22.3,34,1,5,61.0,67.0,73.0,75
2025-05-14,PHC004,MED003,589,107,30.1,23,2,5,75.0,80.0,74.14285714285714,71
2025-05-15,PHC004,MED003,514,146,27.4,37,3,5,71.0,74.0,72.85714285714286,75
2025-05-16,PHC004,MED003,458,100,28.8,23,4,5,75.0,51.0,73.0,56
2025-05-17,PHC004,MED003,369,143,20.1,42,5,5,56.0,93.0,73.71428571428571,89
2025-05-18,PHC004,MED003,684,119,22.5,22,6,5,89.0,85.0,73.14285714285714,93
2025-05-19,PHC004,MED003,620,121,29.4,30,0,5,93.0,61.0,74.28571428571429,64
2025-05-20,PHC004,MED003,550,112,32.5,24,1,5,64.0,75.0,74.71428571428571,70
2025-05-21,PHC004,MED003,474,120,22.9,26,2,5,70.0,71.0,74.0,76
2025-05-22,PHC004,MED003,417,111,26.7,24,3,5,76.0,75.0,74.71428571428571,57
2025-05-23,PHC004,MED003,333,142,31.6,33,4,5,57.0,56.0,72.14285714285714,84
2025-05-24,PHC004,MED003,637,145,34.0,34,5,5,84.0,89.0,76.14285714285714,101
2025-05-25,PHC004,MED003,532,144,31.2,42,6,5,101.0,93.0,77.85714285714286,105
2025-05-26,PHC004,MED003,482,101,25.4,32,0,5,105.0,64.0,79.57142857142857,50
2025-05-27,PHC004,MED003,394,140,28.5,37,1,5,50.0,70.0,77.57142857142857,88
2025-05-28,PHC004,MED003,328,113,23.2,23,2,5,88.0,76.0,80.14285714285714,66
2025-05-29,PHC004,MED003,256,126,27.5,35,3,5,66.0,57.0,78.71428571428571,72
2025-05-30,PHC004,MED003,197,97,31.3,19,4,5,72.0,84.0,80.85714285714286,59
2025-05-31,PHC004,MED003,877,153,29.0,35,5,5,59.0,101.0,77.28571428571429,100
2025-06-01,PHC004,MED003,792,117,33.3,29,6,6,100.0,105.0,77.14285714285714,85
2025-06-02,PHC004,MED003,701,133,32.9,27,0,6,85.0,50.0,74.28571428571429,91
2025-06-03,PHC004,MED003,635,109,28.5,25,1,6,91.0,88.0,80.14285714285714,66
2025-06-04,PHC004,MED003,565,123,23.2,32,2,6,66.0,66.0,77.0,70
2025-06-05,PHC004,MED003,493,135,26.3,35,3,6,70.0,72.0,77.57142857142857,72
2025-06-06,PHC004,MED003,415,146,33.5,37,4,6,72.0,59.0,77.57142857142857,78
2025-06-07,PHC004,MED003,330,149,32.0,46,5,6,78.0,100.0,80.28571428571429,85
2025-06-08,PHC004,MED003,1013,148,31.2,47,6,6,85.0,85.0,78.14285714285714,93
2025-06-09,PHC004,MED003,950,117,21.7,32,0,6,93.0,91.0,79.28571428571429,63
2025-06-10,PHC004,MED003,886,118,33.3,24,1,6,63.0,66.0,75.28571428571429,64
2025-06-11,PHC004,MED003,824,109,20.9,33,2,6,64.0,70.0,75.0,62
2025-06-12,PHC004,MED003,761,116,26.0,25,3,6,62.0,72.0,73.85714285714286,63
2025-06-13,PHC004,MED003,688,123,22.6,25,4,6,63.0,78.0,72.57142857142857,73
2025-06-14,PHC004,MED003,551,170,29.8,43,5,6,73.0,85.0,71.85714285714286,137
2025-06-15,PHC004,MED003,481,131,23.0,30,6,6,137.0,93.0,79.28571428571429,70
2025-06-16,PHC004,MED003,409,118,34.4,36,0,6,70.0,63.0,76.0,72
2025-06-17,PHC004,MED003,358,141,20.7,41,1,6,72.0,64.0,77.28571428571429,51
2025-06-18,PHC004,MED003,308,93,28.4,19,2,6,51.0,62.0,75.42857142857143,50
2025-06-19,PHC004,MED003,264,95,24.3,21,3,6,50.0,63.0,73.71428571428571,44
2025-06-20,PHC004,MED003,958,132,32.3,35,4,6,44.0,73.0,71.0,67
2025-06-21,PHC004,MED003,859,134,22.2,29,5,6,67.0,137.0,70.14285714285714,99
2025-06-22,PHC004,MED003,778,137,22.6,29,6,6,99.0,70.0,64.71428571428571,81
2025-06-23,PHC004,MED003,696,130,32.2,30,0,6,81.0,72.0,66.28571428571429,82
2025-06-24,PHC004,MED003,632,120,28.1,24,1,6,82.0,51.0,67.71428571428571,64
2025-06-25,PHC004,MED003,566,132,25.0,24,2,6,64.0,50.0,69.57142857142857,66
2025-06-26,PHC004,MED003,499,110,31.3,31,3,6,66.0,44.0,71.85714285714286,67
2025-06-27,PHC004,MED003,430,113,32.9,33,4,6,67.0,67.0,75.14285714285714,69
2025-06-28,PHC004,MED003,343,124,28.1,26,5,6,69.0,99.0,75.42857142857143,87
2025-06-29,PHC004,MED003,259,131,32.2,33,6,6,87.0,81.0,73.71428571428571,84
2025-01-08,PHC004,MED004,836,128,20.0,34,2,1,57.0,97.0,72.14285714285714,75
2025-01-09,PHC004,MED004,731,147,27.4,35,3,1,75.0,51.0,69.0,105
2025-01-10,PHC004,MED004,651,109,24.5,24,4,1,105.0,72.0,76.71428571428571,80
2025-01-11,PHC004,MED004,547,144,34.3,42,5,1,80.0,70.0,77.85714285714286,104
2025-01-12,PHC004,MED004,438,141,32.4,34,6,1,104.0,80.0,82.71428571428571,109
2025-01-13,PHC004,MED004,349,118,26.8,27,0,1,109.0,78.0,86.85714285714286,89
2025-01-14,PHC004,MED004,735,145,29.0,35,1,1,89.0,57.0,88.42857142857143,89
2025-01-15,PHC004,MED004,673,112,26.4,30,2,1,89.0,75.0,93.0,62
2025-01-16,PHC004,MED004,605,111,27.4,26,3,1,62.0,105.0,91.14285714285714,68
2025-01-17,PHC004,MED004,527,133,20.5,34,4,1,68.0,80.0,85.85714285714286,78
2025-01-18,PHC004,MED004,439,110,21.5,22,5,1,78.0,104.0,85.57142857142857,88
2025-01-19,PHC004,MED004,331,130,25.3,26,6,1,88.0,109.0,83.28571428571429,108
2025-01-20,PHC004,MED004,256,117,27.3,30,0,1,108.0,89.0,83.14285714285714,75
2025-01-21,PHC004,MED004,822,134,28.2,30,1,1,75.0,89.0,81.14285714285714,100
2025-01-22,PHC004,MED004,741,132,25.7,31,2,1,100.0,62.0,82.71428571428571,81
2025-01-23,PHC004,MED004,675,110,27.0,33,3,1,81.0,68.0,85.42857142857143,66
2025-01-24,PHC004,MED004,598,137,29.2,32,4,1,66.0,78.0,85.14285714285714,77
2025-01-25,PHC004,MED004,482,157,28.9,43,5,1,77.0,88.0,85.0,116
2025-01-26,PHC004,MED004,381,135,22.7,31,6,1,116.0,108.0,89.0,101
2025-01-27,PHC004,MED004,319,117,32.0,35,0,1,101.0,75.0,88.0,62
2025-01-28,PHC004,MED004,628,115,27.8,28,1,1,62.0,100.0,86.14285714285714,80
2025-01-29,PHC004,MED004,545,130,22.4,30,2,1,80.0,81.0,83.28571428571429,83
2025-01-30,PHC004,MED004,454,133,32.6,35,3,1,83.0,66.0,83.57142857142857,91
2025-01-31,PHC004,MED004,376,126,20.1,36,4,1,91.0,77.0,87.14285714285714,78
2025-02-01,PHC004,MED004,308,111,20.7,34,5,2,78.0,116.0,87.28571428571429,68
2025-02-02,PHC004,MED004,730,144,30.2,40,6,2,68.0,101.0,80.42857142857143,105
2025-02-03,PHC004,MED004,681,111,21.7,32,0,2,105.0,62.0,81.0,49
2025-02-04,PHC004,MED004,607,124,34.7,33,1,2,49.0,80.0,79.14285714285714,74
2025-02-05,PHC004,MED004,535,118,26.4,20,2,2,74.0,83.0,78.28571428571429,72
2025-02-06,PHC004,MED004,475,112,25.5,17,3,2,72.0,91.0,76.71428571428571,60
2025-02-07,PHC004,MED004,402,116,30.5,34,4,2,60.0,78.0,72.28571428571429,73
2025-02-08,PHC004,MED004,307,144,33.2,36,5,2,73.0,68.0,71.57142857142857,95
2025-02-09,PHC004,MED004,589,124,33.9,27,6,2,95.0,105.0,75.42857142857143,88
2025-02-10,PHC004,MED004,516,127,28.6,33,0,2,88.0,49.0,73.0,73
2025-02-11,PHC004,MED004,450,106,23.9,31,1,2,73.0,74.0,76.42857142857143,66
2025-02-12,PHC004,MED004,372,144,22.8,39,2,2,66.0,72.0,75.28571428571429,78
2025-02-13,PHC004,MED004,285,130,22.0,32,3,2,78.0,60.0,76.14285714285714,87
2025-02-14,PHC004,MED004,849,120,20.9,29,4,2,87.0,73.0,80.0,76
2025-02-15,PHC004,MED004,740,131,24.6,32,5,2,76.0,95.0,80.42857142857143,109
2025-02-16,PHC004,MED004,645,143,23.7,31,6,2,109.0,88.0,82.42857142857143,95
2025-02-17,PHC004,MED004,577,121,23.2,27,0,2,95.0,73.0,83.42857142857143,68
2025-02-18,PHC004,MED004,493,129,29.4,37,1,2,68.0,66.0,82.71428571428571,84
2025-02-19,PHC004,MED004,434,116,22.2,24,2,2,84.0,78.0,85.28571428571429,59
2025-02-20,PHC004,MED004,352,121,34.8,24,3,2,59.0,87.0,82.57142857142857,82
2025-02-21,PHC004,MED004,280,124,29.4,27,4,2,82.0,76.0,81.85714285714286,72
2025-02-22,PHC004,MED004,622,164,26.1,37,5,2,72.0,109.0,81.28571428571429,122
2025-02-23,PHC004,MED004,525,134,30.1,33,6,2,122.0,95.0,83.14285714285714,97
2025-02-24,PHC004,MED004,426,134,29.1,31,0,2,97.0,68.0,83.42857142857143,99
2025-02-25,PHC004,MED004,352,102,31.9,30,1,2,99.0,84.0,87.85714285714286,74
2025-02-26,PHC004,MED004,702,137,31.3,29,2,2,74.0,59.0,86.42857142857143,97
2025-02-27,PHC004,MED004,612,137,29.0,32,3,2,97.0,82.0,91.85714285714286,90
2025-02-28,PHC004,MED004,542,103,30.6,28,4,2,90.0,72.0,93.0,70
2025-03-01,PHC004,MED004,454,113,24.2,32,5,3,70.0,122.0,92.71428571428571,88
2025-03-02,PHC004,MED004,370,112,25.1,16,6,3,88.0,97.0,87.85714285714286,84
2025-03-03,PHC004,MED004,315,103,27.0,34,0,3,84.0,99.0,86.0,55
2025-03-04,PHC004,MED004,265,95,32.6,24,1,3,55.0,74.0,79.71428571428571,50
2025-03-05,PHC004,MED004,208,110,31.8,24,2,3,50.0,97.0,76.28571428571429,57
2025-03-06,PHC004,MED004,733,129,30.4,35,3,3,57.0,90.0,70.57142857142857,90
2025-03-07,PHC004,MED004,667,117,24.0,26,4,3,90.0,70.0,70.57142857142857,66
2025-03-08,PHC004,MED004,580,137,27.7,38,5,3,66.0,88.0,70.0,87
2025-03-09,PHC004,MED004,471,168,25.2,47,6,3,87.0,84.0,69.85714285714286,109
2025-03-10,PHC004,MED004,409,110,27.8,36,0,3,109.0,55.0,73.42857142857143,62
2025-03-11,PHC004,MED004,325,126,31.5,24,1,3,62.0,50.0,74.42857142857143,84
2025-03-12,PHC004,MED004,250,127,31.5,30,2,3,84.0,57.0,79.28571428571429,75
2025-03-13,PHC004,MED004,859,142,24.8,31,3,3,75.0,90.0,81.85714285714286,99
2025-03-14,PHC004,MED004,796,103,21.8,27,4,3,99.0,66.0,83.14285714285714,63
2025-03-15,PHC004,MED004,690,126,29.5,31,5,3,63.0,87.0,82.71428571428571,106
2025-03-16,PHC004,MED004,609,122,32.1,39,6,3,106.0,109.0,85.42857142857143,81
2025-03-17,PHC004,MED004,549,131,26.9,30,0,3,81.0,62.0,81.42857142857143,60
2025-03-18,PHC004,MED004,471,114,21.1,31,1,3,60.0,84.0,81.14285714285714,78
2025-03-19,PHC004,MED004,392,130,21.0,27,2,3,78.0,75.0,80.28571428571429,79
2025-03-20,PHC004,MED004,301,125,27.4,27,3,3,79.0,99.0,80.85714285714286,91
2025-03-21,PHC004,MED004,238,113,26.3,30,4,3,91.0,63.0,79.71428571428571,63
2025-03-22,PHC004,MED004,668,134,29.4,47,5,3,63.0,106.0,79.71428571428571,93
2025-03-23,PHC004,MED004,561,139,22.7,32,6,3,93.0,81.0,77.85714285714286,107
2025-03-24,PHC004,MED004,491,103,20.8,32,0,3,107.0,60.0,81.57142857142857,70
2025-03-25,PHC004,MED004,422,110,31.8,23,1,3,70.0,78.0,83.0,69
2025-03-26,PHC004,MED004,320,141,23.1,31,2,3,69.0,79.0,81.71428571428571,102
2025-03-27,PHC004,MED004,249,108,29.4,31,3,3,102.0,91.0,85.0,71
2025-03-28,PHC004,MED004,618,117,23.5,34,4,3,71.0,63.0,82.14285714285714,67
2025-03-29,PHC004,MED004,529,125,23.5,35,5,3,67.0,93.0,82.71428571428571,89
2025-03-30,PHC004,MED004,888,158,31.4,40,6,3,89.0,107.0,82.14285714285714,137
2025-03-31,PHC004,MED004,770,155,34.3,40,0,3,137.0,70.0,86.42857142857143,118
2025-04-01,PHC004,MED004,687,141,34.7,39,1,4,118.0,69.0,93.28571428571429,83
2025-04-02,PHC004,MED004,594,137,23.3,42,2,4,83.0,102.0,95.28571428571429,93
2025-04-03,PHC004,MED004,526,111,22.6,28,3,4,93.0,71.0,94.0,68
2025-04-04,PHC004,MED004,441,127,28.7,32,4,4,68.0,67.0,93.57142857142857,85
2025-04-05,PHC004,MED004,349,126,23.2,28,5,4,85.0,89.0,96.14285714285714,92
2025-04-06,PHC004,MED004,262,142,31.1,34,6,4,92.0,137.0,96.57142857142857,87
2025-04-07,PHC004,MED004,204,105,25.7,30,0,4,87.0,118.0,89.42857142857143,58
2025-04-08,PHC004,MED004,707,117,31.8,33,1,4,58.0,83.0,80.85714285714286,65
2025-04-09,PHC004,MED004,641,119,27.6,30,2,4,65.0,93.0,78.28571428571429,66
2025-04-10,PHC004,MED004,555,131,21.2,33,3,4,66.0,68.0,74.42857142857143,86
2025-04-11,PHC004,MED004,479,132,22.5,26,4,4,86.0,85.0,77.0,76
2025-04-12,PHC004,MED004,368,144,30.7,33,5,4,76.0,92.0,75.71428571428571,111
2025-04-13,PHC004,MED004,829,150,33.2,34,6,4,111.0,87.0,78.42857142857143,127
2025-04-14,PHC004,MED004,744,115,26.8,29,0,4,127.0,58.0,84.14285714285714,85
2025-04-15,PHC004,MED004,674,125,25.2,26,1,4,85.0,65.0,88.0,70
2025-04-16,PHC004,MED004,613,132,21.3,31,2,4,70.0,66.0,88.71428571428571,61
2025-04-17,PHC004,MED004,527,120,25.5,33,3,4,61.0,86.0,88.0,86
2025-04-18,PHC004,MED004,435,120,29.7,34,4,4,86.0,76.0,88.0,92
2025-04-19,PHC004,MED004,341,116,32.7,23,5,4,92.0,111.0,90.28571428571429,94
2025-04-20,PHC004,MED004,593,136,33.7,34,6,4,94.0,127.0,87.85714285714286,95
2025-04-21,PHC004,MED004,531,106,23.8,22,0,4,95.0,85.0,83.28571428571429,62
2025-04-22,PHC004,MED004,451,118,26.5,31,1,4,62.0,70.0,80.0,80
2025-04-23,PHC004,MED004,367,127,26.1,29,2,4,80.0,61.0,81.42857142857143,84
2025-04-24,PHC004,MED004,296,125,28.6,36,3,4,84.0,86.0,84.71428571428571,71
2025-04-25,PHC004,MED004,755,126,33.0,21,4,4,71.0,92.0,82.57142857142857,81
2025-04-26,PHC004,MED004,669,126,23.5,41,5,4,81.0,94.0,81.0,86
2025-04-27,PHC004,MED004,557,142,30.7,32,6,4,86.0,95.0,79.85714285714286,112
2025-04-28,PHC004,MED004,482,123,21.9,32,0,4,112.0,62.0,82.28571428571429,75
2025-04-29,PHC004,MED004,409,96,30.8,25,1,4,75.0,80.0,84.14285714285714,73
2025-04-30,PHC004,MED004,309,149,32.8,37,2,4,73.0,84.0,83.14285714285714,100
2025-05-01,PHC004,MED004,239,122,20.3,24,3,5,100.0,71.0,85.42857142857143,70
2025-05-02,PHC004,MED004,532,120,22.3,31,4,5,70.0,81.0,85.28571428571429,74
2025-05-03,PHC004,MED004,433,139,25.5,41,5,5,74.0,86.0,84.28571428571429,99
2025-05-04,PHC004,MED004,343,122,30.7,22,6,5,99.0,112.0,86.14285714285714,90
2025-05-05,PHC004,MED004,258,131,20.6,38,0,5,90.0,75.0,83.0,85
2025-05-06,PHC004,MED004,861,119,27.3,28,1,5,85.0,73.0,84.42857142857143,83
2025-05-07,PHC004,MED004,816,105,26.1,30,2,5,83.0,100.0,85.85714285714286,45
2025-05-08,PHC004,MED004,749,114,29.1,32,3,5,45.0,70.0,78.0,67
2025-05-09,PHC004,MED004,687,115,31.3,20,4,5,67.0,74.0,77.57142857142857,62
2025-05-10,PHC004,MED004,591,136,32.1,28,5,5,62.0,99.0,75.85714285714286,96
2025-05-11,PHC004,MED004,493,144,25.5,42,6,5,96.0,90.0,75.42857142857143,98
2025-05-12,PHC004,MED004,401,140,25.6,30,0,5,98.0,85.0,76.57142857142857,92
2025-05-13,PHC004,MED004,340,116,20.2,32,1,5,92.0,83.0,77.57142857142857,61
2025-05-14,PHC004,MED004,927,129,31.9,38,2,5,61.0,45.0,74.42857142857143,96
2025-05-15,PHC004,MED004,827,137,25.9,41,3,5,96.0,67.0,81.71428571428571,100
2025-05-16,PHC004,MED004,740,145,26.0,39,4,5,100.0,62.0,86.42857142857143,87
2025-05-17,PHC004,MED004,621,135,23.1,29,5,5,87.0,96.0,90.0,119
2025-05-18,PHC004,MED004,492,166,29.6,41,6,5,119.0,98.0,93.28571428571429,129
2025-05-19,PHC004,MED004,390,132,25.3,35,0,5,129.0,92.0,97.71428571428571,102
2025-05-20,PHC004,MED004,327,103,24.4,27,1,5,102.0,61.0,99.14285714285714,63
2025-05-21,PHC004,MED004,560,128,20.6,26,2,5,63.0,96.0,99.42857142857143,101
2025-05-22,PHC004,MED004,480,117,33.8,27,3,5,101.0,100.0,100.14285714285714,80
2025-05-23,PHC004,MED004,389,144,22.2,49,4,5,80.0,87.0,97.28571428571429,91
2025-05-24,PHC004,MED004,293,127,27.8,35,5,5,91.0,119.0,97.85714285714286,96
2025-05-25,PHC004,MED004,642,153,32.0,39,6,5,96.0,129.0,94.57142857142857,96
2025-05-26,PHC004,MED004,548,125,28.8,25,0,5,96.0,102.0,89.85714285714286,94
2025-05-27,PHC004,MED004,473,139,26.5,29,1,5,94.0,63.0,88.71428571428571,75
2025-05-28,PHC004,MED004,400,118,27.6,21,2,5,75.0,101.0,90.42857142857143,73
2025-05-29,PHC004,MED004,323,129,32.4,32,3,5,73.0,80.0,86.42857142857143,77
2025-05-30,PHC004,MED004,246,141,22.2,34,4,5,77.0,91.0,86.0,77
2025-05-31,PHC004,MED004,473,139,29.3,31,5,5,77.0,96.0,84.0,95
2025-06-01,PHC004,MED004,932,149,22.9,33,6,6,95.0,96.0,83.85714285714286,132
2025-06-02,PHC004,MED004,865,130,33.2,40,0,6,132.0,94.0,89.0,67
2025-06-03,PHC004,MED004,787,129,34.9,35,1,6,67.0,75.0,85.14285714285714,78
2025-06-04,PHC004,MED004,711,122,30.9,31,2,6,78.0,73.0,85.57142857142857,76
2025-06-05,PHC004,MED004,646,110,30.1,30,3,6,76.0,77.0,86.0,65
2025-06-06,PHC004,MED004,571,137,32.2,39,4,6,65.0,77.0,84.28571428571429,75
2025-06-07,PHC004,MED004,448,159,34.3,35,5,6,75.0,95.0,84.0,123
2025-06-08,PHC004,MED004,362,122,33.5,27,6,6,123.0,132.0,88.0,86
2025-06-09,PHC004,MED004,297,99,30.2,23,0,6,86.0,67.0,81.42857142857143,65
2025-06-10,PHC004,MED004,241,116,24.2,23,1,6,65.0,78.0,81.14285714285714,56
2025-06-11,PHC004,MED004,644,102,27.3,25,2,6,56.0,76.0,78.0,65
2025-06-12,PHC004,MED004,558,132,34.6,31,3,6,65.0,65.0,76.42857142857143,86
2025-06-13,PHC004,MED004,492,120,23.9,22,4,6,86.0,75.0,79.42857142857143,66
2025-06-14,PHC004,MED004,380,147,32.7,31,5,6,66.0,123.0,78.14285714285714,112
2025-06-15,PHC004,MED004,828,175,21.5,40,6,6,112.0,86.0,76.57142857142857,129
2025-06-16,PHC004,MED004,768,105,26.0,26,0,6,129.0,65.0,82.71428571428571,60
2025-06-17,PHC004,MED004,683,115,34.2,29,1,6,60.0,56.0,82.0,85
2025-06-18,PHC004,MED004,607,107,33.9,19,2,6,85.0,65.0,86.14285714285714,76
2025-06-19,PHC004,MED004,523,126,34.7,26,3,6,76.0,86.0,87.71428571428571,84
2025-06-20,PHC004,MED004,481,113,24.6,32,4,6,84.0,66.0,87.42857142857143,42
2025-06-21,PHC004,MED004,381,143,23.2,40,5,6,42.0,112.0,84.0,100
2025-06-22,PHC004,MED004,889,128,23.6,33,6,6,100.0,129.0,82.28571428571429,98
2025-06-23,PHC004,MED004,813,107,21.2,24,0,6,98.0,60.0,77.85714285714286,76
2025-06-24,PHC004,MED004,733,143,20.1,40,1,6,76.0,85.0,80.14285714285714,80
2025-06-25,PHC004,MED004,644,116,32.1,40,2,6,80.0,76.0,79.42857142857143,89
2025-06-26,PHC004,MED004,582,92,20.0,10,3,6,89.0,84.0,81.28571428571429,62
2025-06-27,PHC004,MED004,500,127,30.3,36,4,6,62.0,42.0,78.14285714285714,82
2025-06-28,PHC004,MED004,832,145,28.6,32,5,6,82.0,100.0,83.85714285714286,137
2025-06-29,PHC004,MED004,695,146,21.2,50,6,6,137.0,98.0,89.14285714285714,137
2025-01-08,PHC004,MED005,834,143,23.5,28,2,1,51.0,44.0,52.857142857142854,69
2025-01-09,PHC004,MED005,783,115,23.6,32,3,1,69.0,56.0,56.42857142857143,51
2025-01-10,PHC004,MED005,724,127,21.8,37,4,1,51.0,44.0,55.714285714285715,59
2025-01-11,PHC004,MED005,635,151,22.2,41,5,1,59.0,66.0,57.857142857142854,89
2025-01-12,PHC004,MED005,571,150,30.8,34,6,1,89.0,66.0,61.142857142857146,64
2025-01-13,PHC004,MED005,515,113,29.7,29,0,1,64.0,43.0,60.857142857142854,56
2025-01-14,PHC004,MED005,473,113,23.1,18,1,1,56.0,51.0,62.714285714285715,42
2025-01-15,PHC004,MED005,421,116,22.3,29,2,1,42.0,69.0,61.42857142857143,52
2025-01-16,PHC004,MED005,364,125,23.8,40,3,1,52.0,51.0,59.0,57
2025-01-17,PHC004,MED005,317,127,29.9,37,4,1,57.0,59.0,59.857142857142854,47
2025-01-18,PHC004,MED005,1029,152,24.9,36,5,1,47.0,89.0,58.142857142857146,82
2025-01-19,PHC004,MED005,961,132,34.4,25,6,1,82.0,64.0,57.142857142857146,68
2025-01-20,PHC004,MED005,912,90,22.5,26,0,1,68.0,56.0,57.714285714285715,49
2025-01-21,PHC004,MED005,859,120,33.1,32,1,1,49.0,42.0,56.714285714285715,53
2025-01-22,PHC004,MED005,797,124,27.4,34,2,1,53.0,52.0,58.285714285714285,62
2025-01-23,PHC004,MED005,743,118,22.7,32,3,1,62.0,57.0,59.714285714285715,54
2025-01-24,PHC004,MED005,684,121,29.2,27,4,1,54.0,47.0,59.285714285714285,59
2025-01-25,PHC004,MED005,608,135,31.6,35,5,1,59.0,82.0,61.0,76
2025-01-26,PHC004,MED005,527,136,32.9,38,6,1,76.0,68.0,60.142857142857146,81
2025-01-27,PHC004,MED005,481,120,25.9,26,0,1,81.0,49.0,62.0,46
2025-01-28,PHC004,MED005,430,117,31.5,32,1,1,46.0,53.0,61.57142857142857,51
2025-01-29,PHC004,MED005,380,120,34.5,28,2,1,51.0,62.0,61.285714285714285,50
2025-01-30,PHC004,MED005,328,113,24.3,33,3,1,50.0,54.0,59.57142857142857,52
2025-01-31,PHC004,MED005,257,140,34.5,35,4,1,52.0,59.0,59.285714285714285,71
2025-02-01,PHC004,MED005,772,149,33.3,32,5,2,71.0,76.0,61.0,77
2025-02-02,PHC004,MED005,711,140,28.9,39,6,2,77.0,81.0,61.142857142857146,61
2025-02-03,PHC004,MED005,660,124,23.4,30,0,2,61.0,46.0,58.285714285714285,51
2025-02-04,PHC004,MED005,607,130,24.0,30,1,2,51.0,51.0,59.0,53
2025-02-05,PHC004,MED005,558,119,26.0,34,2,2,53.0,50.0,59.285714285714285,49
2025-02-06,PHC004,MED005,523,86,32.0,26,3,2,49.0,52.0,59.142857142857146,35
2025-02-07,PHC004,MED005,462,147,27.5,31,4,2,35.0,71.0,56.714285714285715,61
2025-02-08,PHC004,MED005,385,164,29.6,38,5,2,61.0,77.0,55.285714285714285,77
2025-02-09,PHC004,MED005,298,157,23.2,53,6,2,77.0,61.0,55.285714285714285,87
2025-02-10,PHC004,MED005,247,114,21.7,25,0,2,87.0,51.0,59.0,51
2025-02-11,PHC004,MED005,580,165,28.2,37,1,2,51.0,53.0,59.0,69
2025-02-12,PHC004,MED005,521,136,24.9,34,2,2,69.0,49.0,61.285714285714285,59
2025-02-13,PHC004,MED005,451,137,31.0,43,3,2,59.0,35.0,62.714285714285715,70
2025-02-14,PHC004,MED005,392,126,23.9,35,4,2,70.0,61.0,67.71428571428571,59
2025-02-15,PHC004,MED005,324,152,31.5,37,5,2,59.0,77.0,67.42857142857143,68
2025-02-16,PHC004,MED005,262,126,30.4,48,6,2,68.0,87.0,66.14285714285714,62
2025-02-17,PHC004,MED005,208,116,34.1,30,0,2,62.0,51.0,62.57142857142857,54
2025-02-18,PHC004,MED005,543,125,31.6,30,1,2,54.0,69.0,63.0,56
2025-02-19,PHC004,MED005,491,108,21.8,31,2,2,56.0,59.0,61.142857142857146,52
2025-02-20,PHC004,MED005,429,123,27.0,22,3,2,52.0,70.0,60.142857142857146,62
2025-02-21,PHC004,MED005,365,136,31.8,33,4,2,62.0,59.0,59.0,64
2025-02-22,PHC004,MED005,286,129,22.8,36,5,2,64.0,68.0,59.714285714285715,79
2025-02-23,PHC004,MED005,225,130,34.5,38,6,2,79.0,62.0,61.285714285714285,61
2025-02-24,PHC004,MED005,173,125,22.4,15,0,2,61.0,54.0,61.142857142857146,52
2025-02-25,PHC004,MED005,803,135,34.9,32,1,2,52.0,56.0,60.857142857142854,57
2025-02-26,PHC004,MED005,748,118,32.8,28,2,2,57.0,52.0,61.0,55
2025-02-27,PHC004,MED005,710,105,26.0,29,3,2,55.0,62.0,61.42857142857143,38
2025-02-28,PHC004,MED005,660,131,27.3,38,4,2,38.0,64.0,58.0,50
2025-03-01,PHC004,MED005,595,126,32.5,39,5,3,50.0,79.0,56.0,65
2025-03-02,PHC004,MED005,525,162,28.4,36,6,3,65.0,61.0,54.0,70
2025-03-03,PHC004,MED005,463,124,20.5,23,0,3,70.0,52.0,55.285714285714285,62
2025-03-04,PHC004,MED005,412,128,20.3,38,1,3,62.0,57.0,56.714285714285715,51
2025-03-05,PHC004,MED005,359,108,20.1,22,2,3,51.0,55.0,55.857142857142854,53
2025-03-06,PHC004,MED005,305,114,22.0,33,3,3,53.0,38.0,55.57142857142857,54
2025-03-07,PHC004,MED005,258,131,27.1,33,4,3,54.0,50.0,57.857142857142854,47
2025-03-08,PHC004,MED005,892,120,31.4,27,5,3,47.0,65.0,57.42857142857143,68
2025-03-09,PHC004,MED005,821,157,24.7,41,6,3,68.0,70.0,57.857142857142854,71
2025-03-10,PHC004,MED005,762,126,32.9,27,0,3,71.0,62.0,58.0,59
2025-03-11,PHC004,MED005,709,124,23.9,33,1,3,59.0,51.0,57.57142857142857,53
2025-03-12,PHC004,MED005,662,114,25.1,30,2,3,53.0,53.0,57.857142857142854,47
2025-03-13,PHC004,MED005,609,123,24.6,28,3,3,47.0,54.0,57.0,53
2025-03-14,PHC004,MED005,562,119,34.7,30,4,3,53.0,47.0,56.857142857142854,47
2025-03-15,PHC004,MED005,498,159,29.0,47,5,3,47.0,68.0,56.857142857142854,64
2025-03-16,PHC004,MED005,424,147,21.4,32,6,3,64.0,71.0,56.285714285714285,74
2025-03-17,PHC004,MED005,368,134,23.2,35,0,3,74.0,59.0,56.714285714285715,56
2025-03-18,PHC004,MED005,309,124,24.1,27,1,3,56.0,53.0,56.285714285714285,59
2025-03-19,PHC004,MED005,266,104,32.2,16,2,3,59.0,47.0,57.142857142857146,43
2025-03-20,PHC004,MED005,223,101,30.4,23,3,3,43.0,53.0,56.57142857142857,43
2025-03-21,PHC004,MED005,466,138,31.3,31,4,3,43.0,47.0,55.142857142857146,77
2025-03-22,PHC004,MED005,407,127,21.4,41,5,3,77.0,64.0,59.42857142857143,59
2025-03-23,PHC004,MED005,321,160,34.2,41,6,3,59.0,74.0,58.714285714285715,86
2025-03-24,PHC004,MED005,250,152,20.6,38,0,3,86.0,56.0,60.42857142857143,71
2025-03-25,PHC004,MED005,200,106,34.1,28,1,3,71.0,59.0,62.57142857142857,50
2025-03-26,PHC004,MED005,793,129,25.0,29,2,3,50.0,43.0,61.285714285714285,65
2025-03-27,PHC004,MED005,733,151,20.3,42,3,3,65.0,43.0,64.42857142857143,60
2025-03-28,PHC004,MED005,663,125,22.5,38,4,3,60.0,77.0,66.85714285714286,70
2025-03-29,PHC004,MED005,596,130,20.1,17,5,3,70.0,59.0,65.85714285714286,67
2025-03-30,PHC004,MED005,529,126,31.9,30,6,3,67.0,86.0,67.0,67
2025-03-31,PHC004,MED005,479,111,23.2,26,0,3,67.0,71.0,64.28571428571429,50
2025-04-01,PHC004,MED005,434,115,27.9,25,1,4,50.0,50.0,61.285714285714285,45
2025-04-02,PHC004,MED005,386,133,24.3,23,2,4,45.0,65.0,60.57142857142857,48
2025-04-03,PHC004,MED005,343,120,21.9,39,3,4,48.0,60.0,58.142857142857146,43
2025-04-04,PHC004,MED005,287,131,26.1,18,4,4,43.0,70.0,55.714285714285715,56
2025-04-05,PHC004,MED005,574,142,21.9,39,5,4,56.0,67.0,53.714285714285715,74
2025-04-06,PHC004,MED005,498,158,30.7,43,6,4,74.0,67.0,54.714285714285715,76
2025-04-07,PHC004,MED005,440,122,20.7,34,0,4,76.0,50.0,56.0,58
2025-04-08,PHC004,MED005,387,127,21.7,35,1,4,58.0,45.0,57.142857142857146,53
2025-04-09,PHC004,MED005,333,130,21.7,32,2,4,53.0,48.0,58.285714285714285,54
2025-04-10,PHC004,MED005,282,106,22.2,23,3,4,54.0,43.0,59.142857142857146,51
2025-04-11,PHC004,MED005,226,116,25.5,26,4,4,51.0,56.0,60.285714285714285,56
2025-04-12,PHC004,MED005,898,136,29.9,30,5,4,56.0,74.0,60.285714285714285,67
2025-04-13,PHC004,MED005,821,132,25.3,30,6,4,67.0,76.0,59.285714285714285,77
2025-04-14,PHC004,MED005,783,99,34.2,21,0,4,77.0,58.0,59.42857142857143,38
2025-04-15,PHC004,MED005,729,110,26.5,28,1,4,38.0,53.0,56.57142857142857,54
2025-04-16,PHC004,MED005,677,142,27.9,39,2,4,54.0,54.0,56.714285714285715,52
2025-04-17,PHC004,MED005,624,122,24.3,32,3,4,52.0,51.0,56.42857142857143,53
2025-04-18,PHC004,MED005,575,129,31.4,32,4,4,53.0,56.0,56.714285714285715,49
2025-04-19,PHC004,MED005,496,153,24.5,40,5,4,49.0,67.0,55.714285714285715,79
2025-04-20,PHC004,MED005,433,148,34.5,43,6,4,79.0,77.0,57.42857142857143,63
2025-04-21,PHC004,MED005,373,118,26.6,35,0,4,63.0,38.0,55.42857142857143,60
2025-04-22,PHC004,MED005,316,140,34.8,31,1,4,60.0,54.0,58.57142857142857,57
2025-04-23,PHC004,MED005,272,100,22.2,22,2,4,57.0,52.0,59.0,44
2025-04-24,PHC004,MED005,208,135,32.9,33,3,4,44.0,53.0,57.857142857142854,64
2025-04-25,PHC004,MED005,500,107,26.1,26,4,4,64.0,49.0,59.42857142857143,62
2025-04-26,PHC004,MED005,412,153,32.1,38,5,4,62.0,79.0,61.285714285714285,88
2025-04-27,PHC004,MED005,351,139,28.3,27,6,4,88.0,63.0,62.57142857142857,61
2025-04-28,PHC004,MED005,305,103,27.5,22,0,4,61.0,60.0,62.285714285714285,46
2025-04-29,PHC004,MED005,253,112,20.3,27,1,4,46.0,57.0,60.285714285714285,52
2025-04-30,PHC004,MED005,207,95,27.2,19,2,4,52.0,44.0,59.57142857142857,46
2025-05-01,PHC004,MED005,162,130,30.8,40,3,5,46.0,64.0,59.857142857142854,45
2025-05-02,PHC004,MED005,834,131,26.0,32,4,5,45.0,62.0,57.142857142857146,59
2025-05-03,PHC004,MED005,767,157,25.4,37,5,5,59.0,88.0,56.714285714285715,67
2025-05-04,PHC004,MED005,698,153,32.9,41,6,5,67.0,61.0,53.714285714285715,69
2025-05-05,PHC004,MED005,660,104,28.0,32,0,5,69.0,46.0,54.857142857142854,38
2025-05-06,PHC004,MED005,612,121,21.5,23,1,5,38.0,52.0,53.714285714285715,48
2025-05-07,PHC004,MED005,555,129,33.0,30,2,5,48.0,46.0,53.142857142857146,57
2025-05-08,PHC004,MED005,497,135,30.2,35,3,5,57.0,45.0,54.714285714285715,58
2025-05-09,PHC004,MED005,439,136,22.0,33,4,5,58.0,59.0,56.57142857142857,58
2025-05-10,PHC004,MED005,372,128,33.8,35,5,5,58.0,67.0,56.42857142857143,67
2025-05-11,PHC004,MED005,313,99,29.6,33,6,5,67.0,69.0,56.42857142857143,59
2025-05-12,PHC004,MED005,263,100,29.2,34,0,5,59.0,38.0,55.0,50
2025-05-13,PHC004,MED005,207,130,29.0,34,1,5,50.0,48.0,56.714285714285715,56
2025-05-14,PHC004,MED005,165,85,24.2,21,2,5,56.0,57.0,57.857142857142854,42
2025-05-15,PHC004,MED005,509,133,30.9,40,3,5,42.0,58.0,55.714285714285715,66
2025-05-16,PHC004,MED005,472,112,21.5,30,4,5,66.0,58.0,56.857142857142854,37
2025-05-17,PHC004,MED005,395,127,28.6,31,5,5,37.0,67.0,53.857142857142854,77
2025-05-18,PHC004,MED005,330,138,28.3,42,6,5,77.0,59.0,55.285714285714285,65
2025-05-19,PHC004,MED005,280,133,34.7,40,0,5,65.0,50.0,56.142857142857146,50
2025-05-20,PHC004,MED005,221,110,23.5,30,1,5,50.0,56.0,56.142857142857146,59
2025-05-21,PHC004,MED005,492,129,32.4,33,2,5,59.0,42.0,56.57142857142857,60
2025-05-22,PHC004,MED005,437,132,22.0,31,3,5,60.0,66.0,59.142857142857146,55
2025-05-23,PHC004,MED005,383,145,23.1,43,4,5,55.0,37.0,57.57142857142857,54
2025-05-24,PHC004,MED005,312,116,22.3,26,5,5,54.0,77.0,60.0,71
2025-05-25,PHC004,MED005,786,168,27.1,46,6,5,71.0,65.0,59.142857142857146,98
2025-05-26,PHC004,MED005,720,121,26.3,34,0,5,98.0,50.0,63.857142857142854,66
2025-05-27,PHC004,MED005,668,128,21.1,33,1,5,66.0,59.0,66.14285714285714,52
2025-05-28,PHC004,MED005,614,128,30.7,31,2,5,52.0,60.0,65.14285714285714,54
2025-05-29,PHC004,MED005,556,113,28.0,18,3,5,54.0,55.0,64.28571428571429,58
2025-05-30,PHC004,MED005,508,108,25.0,33,4,5,58.0,54.0,64.71428571428571,48
2025-05-31,PHC004,MED005,457,111,28.9,30,5,5,48.0,71.0,63.857142857142854,51
2025-06-01,PHC004,MED005,393,129,32.6,29,6,6,51.0,98.0,61.0,64
2025-06-02,PHC004,MED005,339,108,29.1,28,0,6,64.0,66.0,56.142857142857146,54
2025-06-03,PHC004,MED005,297,108,24.4,28,1,6,54.0,52.0,54.42857142857143,42
2025-06-04,PHC004,MED005,255,123,21.4,25,2,6,42.0,54.0,53.0,42
2025-06-05,PHC004,MED005,208,107,31.1,27,3,6,42.0,58.0,51.285714285714285,47
2025-06-06,PHC004,MED005,175,91,28.4,20,4,6,47.0,48.0,49.714285714285715,33
2025-06-07,PHC004,MED005,508,152,20.8,35,5,6,33.0,51.0,47.57142857142857,59
2025-06-08,PHC004,MED005,437,128,21.9,31,6,6,59.0,64.0,48.714285714285715,71
2025-06-09,PHC004,MED005,397,110,23.6,19,0,6,71.0,54.0,49.714285714285715,40
2025-06-10,PHC004,MED005,351,107,28.1,25,1,6,40.0,42.0,47.714285714285715,46
2025-06-11,PHC004,MED005,289,134,26.4,35,2,6,46.0,42.0,48.285714285714285,62
2025-06-12,PHC004,MED005,232,126,32.0,28,3,6,62.0,47.0,51.142857142857146,57
2025-06-13,PHC004,MED005,841,141,21.1,28,4,6,57.0,33.0,52.57142857142857,60
2025-06-14,PHC004,MED005,785,134,31.4,31,5,6,60.0,59.0,56.42857142857143,56
2025-06-15,PHC004,MED005,712,144,20.5,40,6,6,56.0,71.0,56.0,73
2025-06-16,PHC004,MED005,645,124,30.0,31,0,6,73.0,40.0,56.285714285714285,67
2025-06-17,PHC004,MED005,589,124,31.4,35,1,6,67.0,46.0,60.142857142857146,56
2025-06-18,PHC004,MED005,526,127,21.2,25,2,6,56.0,62.0,61.57142857142857,63
2025-06-19,PHC004,MED005,448,155,28.1,45,3,6,63.0,57.0,61.714285714285715,78
2025-06-20,PHC004,MED005,409,102,31.2,31,4,6,78.0,60.0,64.71428571428571,39
2025-06-21,PHC004,MED005,346,124,30.1,35,5,6,39.0,56.0,61.714285714285715,63
2025-06-22,PHC004,MED005,273,143,24.3,30,6,6,63.0,73.0,62.714285714285715,73
2025-06-23,PHC004,MED005,216,129,30.0,29,0,6,73.0,67.0,62.714285714285715,57
2025-06-24,PHC004,MED005,167,108,27.8,25,1,6,57.0,56.0,61.285714285714285,49
2025-06-25,PHC004,MED005,442,112,29.3,29,2,6,49.0,63.0,60.285714285714285,46
2025-06-26,PHC004,MED005,392,114,27.6,33,3,6,46.0,78.0,57.857142857142854,50
2025-06-27,PHC004,MED005,334,121,33.3,37,4,6,50.0,39.0,53.857142857142854,58
2025-06-28,PHC004,MED005,270,123,21.3,35,5,6,58.0,63.0,56.57142857142857,64
2025-06-29,PHC004,MED005,708,126,21.8,34,6,6,64.0,73.0,56.714285714285715,73
2025-01-08,PHC005,MED001,394,71,33.7,7,2,1,73.0,24.0,48.142857142857146,44
2025-01-09,PHC005,MED001,334,79,31.0,15,3,1,44.0,61.0,51.0,60
2025-01-10,PHC005,MED001,287,75,33.2,13,4,1,60.0,45.0,50.857142857142854,47
2025-01-11,PHC005,MED001,716,92,30.8,26,5,1,47.0,65.0,51.142857142857146,75
2025-01-12,PHC005,MED001,625,112,21.0,27,6,1,75.0,45.0,52.57142857142857,91
2025-01-13,PHC005,MED001,573,73,24.4,11,0,1,91.0,24.0,59.142857142857146,52
2025-01-14,PHC005,MED001,519,97,26.1,20,1,1,52.0,73.0,63.142857142857146,54
2025-01-15,PHC005,MED001,463,86,26.3,24,2,1,54.0,44.0,60.42857142857143,56
2025-01-16,PHC005,MED001,425,66,23.2,15,3,1,56.0,60.0,62.142857142857146,38
2025-01-17,PHC005,MED001,371,70,21.2,25,4,1,38.0,47.0,59.0,54
2025-01-18,PHC005,MED001,297,72,25.8,14,5,1,54.0,75.0,60.0,74
2025-01-19,PHC005,MED001,236,77,31.4,25,6,1,74.0,91.0,59.857142857142854,61
2025-01-20,PHC005,MED001,181,77,30.1,16,0,1,61.0,52.0,55.57142857142857,55
2025-01-21,PHC005,MED001,434,68,24.4,23,1,1,55.0,54.0,56.0,58
2025-01-22,PHC005,MED001,391,72,24.6,15,2,1,58.0,56.0,56.57142857142857,43
2025-01-23,PHC005,MED001,322,88,27.7,12,3,1,43.0,38.0,54.714285714285715,69
2025-01-24,PHC005,MED001,271,75,23.4,19,4,1,69.0,54.0,59.142857142857146,51
2025-01-25,PHC005,MED001,209,101,30.5,27,5,1,51.0,74.0,58.714285714285715,62
2025-01-26,PHC005,MED001,737,89,22.0,20,6,1,62.0,61.0,57.0,84
2025-01-27,PHC005,MED001,669,83,30.3,19,0,1,84.0,55.0,60.285714285714285,68
2025-01-28,PHC005,MED001,605,85,23.6,30,1,1,68.0,58.0,62.142857142857146,64
2025-01-29,PHC005,MED001,552,89,31.5,20,2,1,64.0,43.0,63.0,53
2025-01-30,PHC005,MED001,473,102,30.6,25,3,1,53.0,69.0,64.42857142857143,79
2025-01-31,PHC005,MED001,425,72,22.1,20,4,1,79.0,51.0,65.85714285714286,48
2025-02-01,PHC005,MED001,360,96,30.8,19,5,2,48.0,62.0,65.42857142857143,65
2025-02-02,PHC005,MED001,285,96,29.1,17,6,2,65.0,84.0,65.85714285714286,75
2025-02-03,PHC005,MED001,225,99,23.3,22,0,2,75.0,68.0,64.57142857142857,60
2025-02-04,PHC005,MED001,173,69,23.4,19,1,2,60.0,64.0,63.42857142857143,52
2025-02-05,PHC005,MED001,146,60,33.8,12,2,2,52.0,53.0,61.714285714285715,27
2025-02-06,PHC005,MED001,642,66,31.4,12,3,2,27.0,79.0,58.0,40
2025-02-07,PHC005,MED001,585,93,31.7,32,4,2,40.0,48.0,52.42857142857143,57
2025-02-08,PHC005,MED001,513,89,20.1,16,5,2,57.0,65.0,53.714285714285715,72
2025-02-09,PHC005,MED001,445,87,28.8,30,6,2,72.0,75.0,54.714285714285715,68
2025-02-10,PHC005,MED001,394,72,28.2,22,0,2,68.0,60.0,53.714285714285715,51
2025-02-11,PHC005,MED001,351,64,25.0,23,1,2,51.0,52.0,52.42857142857143,43
2025-02-12,PHC005,MED001,303,68,30.9,12,2,2,43.0,27.0,51.142857142857146,48
2025-02-13,PHC005,MED001,265,62,33.8,26,3,2,48.0,40.0,54.142857142857146,38
2025-02-14,PHC005,MED001,206,97,25.9,19,4,2,38.0,57.0,53.857142857142854,59
2025-02-15,PHC005,MED001,857,83,29.1,22,5,2,59.0,72.0,54.142857142857146,62
2025-02-16,PHC005,MED001,778,105,31.6,30,6,2,62.0,68.0,52.714285714285715,79
2025-02-17,PHC005,MED001,704,98,27.2,25,0,2,79.0,51.0,54.285714285714285,74
2025-02-18,PHC005,MED001,647,90,31.3,16,1,2,74.0,43.0,57.57142857142857,57
2025-02-19,PHC005,MED001,606,85,29.1,19,2,2,57.0,48.0,59.57142857142857,41
2025-02-20,PHC005,MED001,559,74,26.8,18,3,2,41.0,38.0,58.57142857142857,47
2025-02-21,PHC005,MED001,486,93,30.4,32,4,2,47.0,59.0,59.857142857142854,73
2025-02-22,PHC005,MED001,420,100,27.8,21,5,2,73.0,62.0,61.857142857142854,66
2025-02-23,PHC005,MED001,349,106,31.7,29,6,2,66.0,79.0,62.42857142857143,71
2025-02-24,PHC005,MED001,310,71,25.9,22,0,2,71.0,74.0,61.285714285714285,39
2025-02-25,PHC005,MED001,244,90,21.7,29,1,2,39.0,57.0,56.285714285714285,66
2025-02-26,PHC005,MED001,499,98,20.3,30,2,2,66.0,41.0,57.57142857142857,73
2025-02-27,PHC005,MED001,442,83,25.9,17,3,2,73.0,47.0,62.142857142857146,57
2025-02-28,PHC005,MED001,379,85,33.1,19,4,2,57.0,73.0,63.57142857142857,63
2025-03-01,PHC005,MED001,302,93,31.2,19,5,3,63.0,66.0,62.142857142857146,77
2025-03-02,PHC005,MED001,940,100,23.3,26,6,3,77.0,71.0,63.714285714285715,80
2025-03-03,PHC005,MED001,891,72,26.5,12,0,3,80.0,39.0,65.0,49
2025-03-04,PHC005,MED001,828,96,27.3,28,1,3,49.0,66.0,66.42857142857143,63
2025-03-05,PHC005,MED001,788,58,27.9,16,2,3,63.0,73.0,66.0,40
2025-03-06,PHC005,MED001,737,78,20.6,27,3,3,40.0,57.0,61.285714285714285,51
2025-03-07,PHC005,MED001,664,112,26.7,34,4,3,51.0,63.0,60.42857142857143,73
2025-03-08,PHC005,MED001,597,96,27.2,27,5,3,73.0,77.0,61.857142857142854,67
2025-03-09,PHC005,MED001,542,76,20.7,21,6,3,67.0,80.0,60.42857142857143,55
2025-03-10,PHC005,MED001,480,81,30.9,25,0,3,55.0,49.0,56.857142857142854,62
2025-03-11,PHC005,MED001,420,87,29.1,14,1,3,62.0,63.0,58.714285714285715,60
2025-03-12,PHC005,MED001,362,94,28.5,24,2,3,60.0,40.0,58.285714285714285,58
2025-03-13,PHC005,MED001,324,54,20.2,12,3,3,58.0,51.0,60.857142857142854,38
2025-03-14,PHC005,MED001,893,126,28.7,31,4,3,38.0,73.0,59.0,92
2025-03-15,PHC005,MED001,817,114,26.3,17,5,3,92.0,67.0,61.714285714285715,76
2025-03-16,PHC005,MED001,768,73,33.0,11,6,3,76.0,55.0,63.0,49
2025-03-17,PHC005,MED001,737,56,31.2,8,0,3,49.0,62.0,62.142857142857146,31
2025-03-18,PHC005,MED001,685,69,32.8,9,1,3,31.0,60.0,57.714285714285715,52
2025-03-19,PHC005,MED001,614,90,28.7,27,2,3,52.0,58.0,56.57142857142857,71
2025-03-20,PHC005,MED001,573,67,22.2,11,3,3,71.0,38.0,58.42857142857143,41
2025-03-21,PHC005,MED001,535,75,28.5,20,4,3,41.0,92.0,58.857142857142854,38
2025-03-22,PHC005,MED001,453,100,34.3,15,5,3,38.0,76.0,51.142857142857146,82
2025-03-23,PHC005,MED001,397,87,23.3,26,6,3,82.0,49.0,52.0,56
2025-03-24,PHC005,MED001,355,85,26.4,12,0,3,56.0,31.0,53.0,42
2025-03-25,PHC005,MED001,308,65,20.3,22,1,3,42.0,52.0,54.57142857142857,47
2025-03-26,PHC005,MED001,264,72,29.6,16,2,3,47.0,71.0,53.857142857142854,44
2025-03-27,PHC005,MED001,212,84,22.6,26,3,3,44.0,41.0,50.0,52
2025-03-28,PHC005,MED001,618,84,34.9,27,4,3,52.0,38.0,51.57142857142857,60
2025-03-29,PHC005,MED001,541,112,25.4,24,5,3,60.0,82.0,54.714285714285715,77
2025-03-30,PHC005,MED001,454,93,22.1,35,6,3,77.0,56.0,54.0,87
2025-03-31,PHC005,MED001,422,65,32.4,23,0,3,87.0,42.0,58.42857142857143,32
2025-04-01,PHC005,MED001,348,110,33.3,19,1,4,32.0,47.0,57.0,74
2025-04-02,PHC005,MED001,302,86,25.1,19,2,4,74.0,44.0,60.857142857142854,46
2025-04-03,PHC005,MED001,272,52,22.2,10,3,4,46.0,52.0,61.142857142857146,30
2025-04-04,PHC005,MED001,231,72,24.0,15,4,4,30.0,60.0,58.0,41
2025-04-05,PHC005,MED001,887,95,25.7,18,5,4,41.0,77.0,55.285714285714285,68
2025-04-06,PHC005,MED001,805,95,32.1,25,6,4,68.0,87.0,54.0,82
2025-04-07,PHC005,MED001,736,103,33.2,31,0,4,82.0,32.0,53.285714285714285,69
2025-04-08,PHC005,MED001,698,53,33.9,11,1,4,69.0,74.0,58.57142857142857,38
2025-04-09,PHC005,MED001,635,101,31.7,31,2,4,38.0,46.0,53.42857142857143,63
2025-04-10,PHC005,MED001,585,85,32.7,13,3,4,63.0,30.0,55.857142857142854,50
2025-04-11,PHC005,MED001,533,76,32.8,29,4,4,50.0,41.0,58.714285714285715,52
2025-04-12,PHC005,MED001,469,84,30.0,21,5,4,52.0,68.0,60.285714285714285,64
2025-04-13,PHC005,MED001,432,72,33.6,17,6,4,64.0,82.0,59.714285714285715,37
2025-04-14,PHC005,MED001,338,115,25.8,39,0,4,37.0,69.0,53.285714285714285,94
2025-04-15,PHC005,MED001,293,82,22.9,22,1,4,94.0,38.0,56.857142857142854,45
2025-04-16,PHC005,MED001,253,62,34.2,16,2,4,45.0,63.0,57.857142857142854,40
2025-04-17,PHC005,MED001,194,76,29.7,20,3,4,40.0,50.0,54.57142857142857,59
2025-04-18,PHC005,MED001,636,90,20.8,29,4,4,59.0,52.0,55.857142857142854,66
2025-04-19,PHC005,MED001,546,96,27.8,14,5,4,66.0,64.0,57.857142857142854,90
2025-04-20,PHC005,MED001,501,66,20.8,12,6,4,90.0,37.0,61.57142857142857,45
2025-04-21,PHC005,MED001,452,65,24.1,21,0,4,45.0,94.0,62.714285714285715,49
2025-04-22,PHC005,MED001,408,70,20.9,13,1,4,49.0,45.0,56.285714285714285,44
2025-04-23,PHC005,MED001,332,109,30.9,23,2,4,44.0,40.0,56.142857142857146,76
2025-04-24,PHC005,MED001,285,65,20.3,18,3,4,76.0,59.0,61.285714285714285,47
2025-04-25,PHC005,MED001,231,87,27.4,13,4,4,47.0,66.0,59.57142857142857,54
2025-04-26,PHC005,MED001,824,80,22.4,18,5,4,54.0,90.0,57.857142857142854,65
2025-04-27,PHC005,MED001,725,97,31.7,23,6,4,65.0,45.0,54.285714285714285,99
2025-04-28,PHC005,MED001,671,85,34.6,19,0,4,99.0,49.0,62.0,54
2025-04-29,PHC005,MED001,601,85,21.3,26,1,4,54.0,44.0,62.714285714285715,70
2025-04-30,PHC005,MED001,511,106,23.0,19,2,4,70.0,76.0,66.42857142857143,90
2025-05-01,PHC005,MED001,444,93,27.0,20,3,5,90.0,47.0,68.42857142857143,67
2025-05-02,PHC005,MED001,379,73,33.6,22,4,5,67.0,54.0,71.28571428571429,65
2025-05-03,PHC005,MED001,317,89,22.5,20,5,5,65.0,65.0,72.85714285714286,62
2025-05-04,PHC005,MED001,698,99,34.7,16,6,5,62.0,99.0,72.42857142857143,81
2025-05-05,PHC005,MED001,641,92,28.6,27,0,5,81.0,54.0,69.85714285714286,57
2025-05-06,PHC005,MED001,583,86,30.0,21,1,5,57.0,70.0,70.28571428571429,58
2025-05-07,PHC005,MED001,521,77,20.7,23,2,5,58.0,90.0,68.57142857142857,62
2025-05-08,PHC005,MED001,471,73,25.9,17,3,5,62.0,67.0,64.57142857142857,50
2025-05-09,PHC005,MED001,447,40,21.4,9,4,5,50.0,65.0,62.142857142857146,24
2025-05-10,PHC005,MED001,684,140,23.8,35,5,5,24.0,62.0,56.285714285714285,115
2025-05-11,PHC005,MED001,616,77,33.9,22,6,5,115.0,81.0,63.857142857142854,68
2025-05-12,PHC005,MED001,572,66,33.7,10,0,5,68.0,57.0,62.0,44
2025-05-13,PHC005,MED001,489,105,29.6,30,1,5,44.0,58.0,60.142857142857146,83
2025-05-14,PHC005,MED001,455,58,21.5,6,2,5,83.0,62.0,63.714285714285715,34
2025-05-15,PHC005,MED001,393,86,34.6,27,3,5,34.0,50.0,59.714285714285715,62
2025-05-16,PHC005,MED001,337,97,31.0,23,4,5,62.0,24.0,61.42857142857143,56
2025-05-17,PHC005,MED001,265,83,26.4,18,5,5,56.0,115.0,66.0,72
2025-05-18,PHC005,MED001,218,65,32.7,6,6,5,72.0,68.0,59.857142857142854,47
2025-05-19,PHC005,MED001,836,90,24.8,29,0,5,47.0,44.0,56.857142857142854,66
2025-05-20,PHC005,MED001,777,82,27.4,12,1,5,66.0,83.0,60.0,59
2025-05-21,PHC005,MED001,738,74,29.5,12,2,5,59.0,34.0,56.57142857142857,39
2025-05-22,PHC005,MED001,663,100,20.9,29,3,5,39.0,62.0,57.285714285714285,75
2025-05-23,PHC005,MED001,614,91,33.5,18,4,5,75.0,56.0,59.142857142857146,49
2025-05-24,PHC005,MED001,545,89,31.5,22,5,5,49.0,72.0,58.142857142857146,69
2025-05-25,PHC005,MED001,474,86,29.9,23,6,5,69.0,47.0,57.714285714285715,71
2025-05-26,PHC005,MED001,403,89,21.3,17,0,5,71.0,66.0,61.142857142857146,71
2025-05-27,PHC005,MED001,363,56,25.5,20,1,5,71.0,59.0,61.857142857142854,40
2025-05-28,PHC005,MED001,319,62,24.0,13,2,5,40.0,39.0,59.142857142857146,44
2025-05-29,PHC005,MED001,278,58,27.8,11,3,5,44.0,75.0,59.857142857142854,41
2025-05-30,PHC005,MED001,229,71,28.5,20,4,5,41.0,49.0,55.0,49
2025-05-31,PHC005,MED001,804,117,34.3,27,5,5,49.0,69.0,55.0,74
2025-06-01,PHC005,MED001,733,85,29.1,20,6,6,74.0,71.0,55.714285714285715,71
2025-06-02,PHC005,MED001,678,75,20.2,24,0,6,71.0,71.0,55.714285714285715,55
2025-06-03,PHC005,MED001,607,107,20.5,31,1,6,55.0,40.0,53.42857142857143,71
2025-06-04,PHC005,MED001,580,61,29.9,10,2,6,71.0,44.0,57.857142857142854,27
2025-06-05,PHC005,MED001,540,69,27.6,10,3,6,27.0,41.0,55.42857142857143,40
2025-06-06,PHC005,MED001,495,78,33.2,22,4,6,40.0,49.0,55.285714285714285,45
2025-06-07,PHC005,MED001,411,113,29.7,21,5,6,45.0,74.0,54.714285714285715,84
2025-06-08,PHC005,MED001,358,89,28.2,27,6,6,84.0,71.0,56.142857142857146,53
2025-06-09,PHC005,MED001,306,87,26.6,28,0,6,53.0,55.0,53.57142857142857,52
2025-06-10,PHC005,MED001,262,74,33.4,20,1,6,52.0,71.0,53.142857142857146,44
2025-06-11,PHC005,MED001,505,89,29.9,25,2,6,44.0,27.0,49.285714285714285,70
2025-06-12,PHC005,MED001,433,95,25.7,21,3,6,70.0,40.0,55.42857142857143,72
2025-06-13,PHC005,MED001,384,90,26.9,21,4,6,72.0,45.0,60.0,49
2025-06-14,PHC005,MED001,317,79,28.1,16,5,6,49.0,84.0,60.57142857142857,67
2025-06-15,PHC005,MED001,254,77,32.7,13,6,6,67.0,53.0,58.142857142857146,63
2025-06-16,PHC005,MED001,509,84,27.7,18,0,6,63.0,52.0,59.57142857142857,64
2025-06-17,PHC005,MED001,437,125,30.2,32,1,6,64.0,44.0,61.285714285714285,72
2025-06-18,PHC005,MED001,367,101,30.2,25,2,6,72.0,70.0,65.28571428571429,70
2025-06-19,PHC005,MED001,333,66,30.0,13,3,6,70.0,72.0,65.28571428571429,34
2025-06-20,PHC005,MED001,268,97,25.9,18,4,6,34.0,49.0,59.857142857142854,65
2025-06-21,PHC005,MED001,205,79,30.1,18,5,6,65.0,67.0,62.142857142857146,63
2025-06-22,PHC005,MED001,557,108,22.6,36,6,6,63.0,63.0,61.57142857142857,85
2025-06-23,PHC005,MED001,512,51,25.9,12,0,6,85.0,64.0,64.71428571428571,45
2025-06-24,PHC005,MED001,460,72,25.3,16,1,6,45.0,72.0,62.0,52
2025-06-25,PHC005,MED001,419,68,22.0,12,2,6,52.0,70.0,59.142857142857146,41
2025-06-26,PHC005,MED001,385,61,24.0,13,3,6,41.0,34.0,55.0,34
2025-06-27,PHC005,MED001,320,99,34.4,26,4,6,34.0,65.0,55.0,65
2025-06-28,PHC005,MED001,866,123,25.1,25,5,6,65.0,63.0,55.0,102
2025-06-29,PHC005,MED001,791,97,31.4,27,6,6,102.0,85.0,60.57142857142857,75
2025-01-08,PHC005,MED002,894,68,24.6,16,2,1,35.0,44.0,44.42857142857143,34
2025-01-09,PHC005,MED002,865,58,33.4,7,3,1,34.0,40.0,43.0,29
2025-01-10,PHC005,MED002,837,75,29.0,24,4,1,29.0,43.0,41.42857142857143,28
2025-01-11,PHC005,MED002,784,97,32.5,27,5,1,28.0,59.0,39.285714285714285,53
2025-01-12,PHC005,MED002,729,102,25.5,26,6,1,53.0,49.0,38.42857142857143,55
2025-01-13,PHC005,MED002,685,75,24.4,20,0,1,55.0,41.0,39.285714285714285,44
2025-01-14,PHC005,MED002,632,98,22.6,25,1,1,44.0,35.0,39.714285714285715,53
2025-01-15,PHC005,MED002,598,72,26.3,15,2,1,53.0,34.0,42.285714285714285,34
2025-01-16,PHC005,MED002,573,44,26.7,18,3,1,34.0,29.0,42.285714285714285,25
2025-01-17,PHC005,MED002,531,79,29.3,20,4,1,25.0,28.0,41.714285714285715,42
2025-01-18,PHC005,MED002,487,90,24.3,28,5,1,42.0,53.0,43.714285714285715,44
2025-01-19,PHC005,MED002,430,93,31.6,21,6,1,44.0,55.0,42.42857142857143,57
2025-01-20,PHC005,MED002,386,93,30.4,6,0,1,57.0,44.0,42.714285714285715,44
2025-01-21,PHC005,MED002,352,61,29.1,14,1,1,44.0,53.0,42.714285714285715,34
2025-01-22,PHC005,MED002,322,58,23.5,19,2,1,34.0,34.0,40.0,30
2025-01-23,PHC005,MED002,297,61,31.5,14,3,1,30.0,25.0,39.42857142857143,25
2025-01-24,PHC005,MED002,250,98,33.7,30,4,1,25.0,42.0,39.42857142857143,47
2025-01-25,PHC005,MED002,188,95,34.3,18,5,1,47.0,44.0,40.142857142857146,62
2025-01-26,PHC005,MED002,580,77,28.1,12,6,1,62.0,57.0,42.714285714285715,51
2025-01-27,PHC005,MED002,542,77,27.4,22,0,1,51.0,44.0,41.857142857142854,38
2025-01-28,PHC005,MED002,503,92,28.1,22,1,1,38.0,34.0,41.0,39
2025-01-29,PHC005,MED002,466,69,34.5,22,2,1,39.0,30.0,41.714285714285715,37
2025-01-30,PHC005,MED002,437,67,22.7,15,3,1,37.0,25.0,42.714285714285715,29
2025-01-31,PHC005,MED002,375,106,33.7,35,4,1,29.0,47.0,43.285714285714285,62
2025-02-01,PHC005,MED002,325,86,22.0,17,5,2,62.0,62.0,45.42857142857143,50
2025-02-02,PHC005,MED002,262,110,20.6,19,6,2,50.0,51.0,43.714285714285715,63
2025-02-03,PHC005,MED002,225,66,23.5,17,0,2,63.0,38.0,45.42857142857143,37
2025-02-04,PHC005,MED002,175,88,33.2,21,1,2,37.0,39.0,45.285714285714285,50
2025-02-05,PHC005,MED002,152,61,21.0,18,2,2,50.0,37.0,46.857142857142854,23
2025-02-06,PHC005,MED002,688,94,20.5,23,3,2,23.0,29.0,44.857142857142854,48
2025-02-07,PHC005,MED002,648,100,24.3,24,4,2,48.0,62.0,47.57142857142857,40
2025-02-08,PHC005,MED002,605,88,29.3,27,5,2,40.0,50.0,44.42857142857143,43
2025-02-09,PHC005,MED002,549,106,34.4,25,6,2,43.0,63.0,43.42857142857143,56
2025-02-10,PHC005,MED002,510,67,26.3,5,0,2,56.0,37.0,42.42857142857143,39
2025-02-11,PHC005,MED002,482,64,26.2,15,1,2,39.0,50.0,42.714285714285715,28
2025-02-12,PHC005,MED002,435,80,32.7,17,2,2,28.0,23.0,39.57142857142857,47
2025-02-13,PHC005,MED002,398,78,34.2,23,3,2,47.0,48.0,43.0,37
2025-02-14,PHC005,MED002,356,89,32.2,23,4,2,37.0,40.0,41.42857142857143,42
2025-02-15,PHC005,MED002,317,66,32.5,18,5,2,42.0,43.0,41.714285714285715,39
2025-02-16,PHC005,MED002,262,106,33.2,31,6,2,39.0,56.0,41.142857142857146,55
2025-02-17,PHC005,MED002,231,63,31.1,14,0,2,55.0,39.0,41.0,31
2025-02-18,PHC005,MED002,187,94,26.2,19,1,2,31.0,28.0,39.857142857142854,44
2025-02-19,PHC005,MED002,147,81,28.0,15,2,2,44.0,47.0,42.142857142857146,40
2025-02-20,PHC005,MED002,499,82,30.6,15,3,2,40.0,37.0,41.142857142857146,40
2025-02-21,PHC005,MED002,465,72,24.8,22,4,2,40.0,42.0,41.57142857142857,34
2025-02-22,PHC005,MED002,417,92,29.4,18,5,2,34.0,39.0,40.42857142857143,48
2025-02-23,PHC005,MED002,374,94,24.9,31,6,2,48.0,55.0,41.714285714285715,43
2025-02-24,PHC005,MED002,342,67,31.6,12,0,2,43.0,31.0,40.0,32
2025-02-25,PHC005,MED002,311,66,30.9,21,1,2,32.0,44.0,40.142857142857146,31
2025-02-26,PHC005,MED002,279,65,22.7,20,2,2,31.0,40.0,38.285714285714285,32
2025-02-27,PHC005,MED002,235,83,30.3,18,3,2,32.0,40.0,37.142857142857146,44
2025-02-28,PHC005,MED002,182,88,30.9,30,4,2,44.0,34.0,37.714285714285715,53
2025-03-01,PHC005,MED002,602,82,33.9,32,5,3,53.0,48.0,40.42857142857143,46
2025-03-02,PHC005,MED002,545,96,34.3,26,6,3,46.0,43.0,40.142857142857146,57
2025-03-03,PHC005,MED002,508,74,21.5,15,0,3,57.0,32.0,42.142857142857146,37
2025-03-04,PHC005,MED002,472,68,32.8,18,1,3,37.0,31.0,42.857142857142854,36
2025-03-05,PHC005,MED002,431,86,33.5,18,2,3,36.0,32.0,43.57142857142857,41
2025-03-06,PHC005,MED002,394,73,34.5,22,3,3,41.0,44.0,44.857142857142854,37
2025-03-07,PHC005,MED002,370,51,34.1,8,4,3,37.0,53.0,43.857142857142854,24
2025-03-08,PHC005,MED002,329,91,30.9,25,5,3,24.0,46.0,39.714285714285715,41
2025-03-09,PHC005,MED002,274,98,25.9,21,6,3,41.0,57.0,39.0,55
2025-03-10,PHC005,MED002,231,80,25.0,20,0,3,55.0,37.0,38.714285714285715,43
2025-03-11,PHC005,MED002,201,65,30.7,21,1,3,43.0,36.0,39.57142857142857,30
2025-03-12,PHC005,MED002,446,104,29.1,33,2,3,30.0,41.0,38.714285714285715,56
2025-03-13,PHC005,MED002,412,64,21.0,17,3,3,56.0,37.0,40.857142857142854,34
2025-03-14,PHC005,MED002,373,91,33.5,24,4,3,34.0,24.0,40.42857142857143,39
2025-03-15,PHC005,MED002,318,96,27.4,21,5,3,39.0,41.0,42.57142857142857,55
2025-03-16,PHC005,MED002,274,103,28.7,23,6,3,55.0,55.0,44.57142857142857,44
2025-03-17,PHC005,MED002,238,68,32.2,17,0,3,44.0,43.0,43.0,36
2025-03-18,PHC005,MED002,205,80,31.9,17,1,3,36.0,30.0,42.0,33
2025-03-19,PHC005,MED002,162,96,22.6,28,2,3,33.0,56.0,42.42857142857143,43
2025-03-20,PHC005,MED002,127,89,28.3,19,3,3,43.0,34.0,40.57142857142857,35
2025-03-21,PHC005,MED002,101,58,27.6,19,4,3,35.0,39.0,40.714285714285715,26
2025-03-22,PHC005,MED002,545,79,23.2,17,5,3,26.0,55.0,38.857142857142854,46
2025-03-23,PHC005,MED002,509,69,23.6,14,6,3,46.0,44.0,37.57142857142857,36
2025-03-24,PHC005,MED002,481,47,32.0,9,0,3,36.0,36.0,36.42857142857143,28
2025-03-25,PHC005,MED002,447,68,20.3,17,1,3,28.0,33.0,35.285714285714285,34
2025-03-26,PHC005,MED002,394,91,25.8,22,2,3,34.0,43.0,35.42857142857143,53
2025-03-27,PHC005,MED002,352,90,26.9,23,3,3,53.0,35.0,36.857142857142854,42
2025-03-28,PHC005,MED002,316,63,34.3,24,4,3,42.0,26.0,37.857142857142854,36
2025-03-29,PHC005,MED002,270,78,31.7,21,5,3,36.0,46.0,39.285714285714285,46
2025-03-30,PHC005,MED002,209,86,33.9,19,6,3,46.0,36.0,39.285714285714285,61
2025-03-31,PHC005,MED002,174,71,23.0,16,0,3,61.0,28.0,42.857142857142854,35
2025-04-01,PHC005,MED002,131,75,27.7,28,1,4,35.0,34.0,43.857142857142854,43
2025-04-02,PHC005,MED002,434,90,34.9,28,2,4,43.0,53.0,45.142857142857146,39
2025-04-03,PHC005,MED002,390,85,21.4,27,3,4,39.0,42.0,43.142857142857146,44
2025-04-04,PHC005,MED002,352,78,22.3,22,4,4,44.0,36.0,43.42857142857143,38
2025-04-05,PHC005,MED002,302,94,30.3,25,5,4,38.0,46.0,43.714285714285715,50
2025-04-06,PHC005,MED002,258,76,20.8,11,6,4,50.0,61.0,44.285714285714285,44
2025-04-07,PHC005,MED002,226,60,21.3,9,0,4,44.0,35.0,41.857142857142854,32
2025-04-08,PHC005,MED002,180,90,21.8,24,1,4,32.0,43.0,41.42857142857143,46
2025-04-09,PHC005,MED002,148,77,30.8,13,2,4,46.0,39.0,41.857142857142854,32
2025-04-10,PHC005,MED002,130,51,23.0,13,3,4,32.0,44.0,40.857142857142854,18
2025-04-11,PHC005,MED002,103,63,20.6,10,4,4,18.0,38.0,37.142857142857146,27
2025-04-12,PHC005,MED002,581,85,29.9,18,5,4,27.0,50.0,35.57142857142857,55
2025-04-13,PHC005,MED002,539,79,24.5,13,6,4,55.0,44.0,36.285714285714285,42
2025-04-14,PHC005,MED002,503,79,21.4,20,0,4,42.0,32.0,36.0,36
2025-04-15,PHC005,MED002,467,99,25.9,25,1,4,36.0,46.0,36.57142857142857,36
2025-04-16,PHC005,MED002,434,75,24.9,22,2,4,36.0,32.0,35.142857142857146,33
2025-04-17,PHC005,MED002,377,93,25.6,28,3,4,33.0,18.0,35.285714285714285,57
2025-04-18,PHC005,MED002,326,83,34.9,24,4,4,57.0,27.0,40.857142857142854,51
2025-04-19,PHC005,MED002,274,83,31.9,24,5,4,51.0,55.0,44.285714285714285,52
2025-04-20,PHC005,MED002,234,69,30.7,28,6,4,52.0,42.0,43.857142857142854,40
2025-04-21,PHC005,MED002,207,67,31.7,14,0,4,40.0,36.0,43.57142857142857,27
2025-04-22,PHC005,MED002,176,66,26.8,17,1,4,27.0,36.0,42.285714285714285,31
2025-04-23,PHC005,MED002,138,86,34.0,24,2,4,31.0,33.0,41.57142857142857,38
2025-04-24,PHC005,MED002,828,74,22.0,12,3,4,38.0,57.0,42.285714285714285,43
2025-04-25,PHC005,MED002,768,115,33.3,30,4,4,43.0,51.0,40.285714285714285,60
2025-04-26,PHC005,MED002,716,89,26.3,33,5,4,60.0,52.0,41.57142857142857,52
2025-04-27,PHC005,MED002,667,86,23.5,23,6,4,52.0,40.0,41.57142857142857,49
2025-04-28,PHC005,MED002,626,80,30.8,18,0,4,49.0,27.0,42.857142857142854,41
2025-04-29,PHC005,MED002,572,95,32.9,22,1,4,41.0,31.0,44.857142857142854,54
2025-04-30,PHC005,MED002,527,81,29.8,23,2,4,54.0,38.0,48.142857142857146,45
2025-05-01,PHC005,MED002,477,91,23.9,20,3,5,45.0,43.0,49.142857142857146,50
2025-05-02,PHC005,MED002,453,59,23.3,11,4,5,50.0,60.0,50.142857142857146,24
2025-05-03,PHC005,MED002,398,89,23.7,18,5,5,24.0,52.0,45.0,55
2025-05-04,PHC005,MED002,343,107,27.4,31,6,5,55.0,49.0,45.42857142857143,55
2025-05-05,PHC005,MED002,292,98,25.5,20,0,5,55.0,41.0,46.285714285714285,51
2025-05-06,PHC005,MED002,255,72,30.2,22,1,5,51.0,54.0,47.714285714285715,37
2025-05-07,PHC005,MED002,207,94,26.4,23,2,5,37.0,45.0,45.285714285714285,48
2025-05-08,PHC005,MED002,163,90,32.6,20,3,5,48.0,50.0,45.714285714285715,44
2025-05-09,PHC005,MED002,132,80,21.7,25,4,5,44.0,24.0,44.857142857142854,31
2025-05-10,PHC005,MED002,405,83,20.6,22,5,5,31.0,55.0,45.857142857142854,40
2025-05-11,PHC005,MED002,347,100,26.2,17,6,5,40.0,55.0,43.714285714285715,58
2025-05-12,PHC005,MED002,286,96,27.3,22,0,5,58.0,51.0,44.142857142857146,61
2025-05-13,PHC005,MED002,242,76,20.2,19,1,5,61.0,37.0,45.57142857142857,44
2025-05-14,PHC005,MED002,193,94,28.9,21,2,5,44.0,48.0,46.57142857142857,49
2025-05-15,PHC005,MED002,149,85,25.1,19,3,5,49.0,44.0,46.714285714285715,44
2025-05-16,PHC005,MED002,435,82,21.5,15,4,5,44.0,31.0,46.714285714285715,41
2025-05-17,PHC005,MED002,376,82,21.2,21,5,5,41.0,40.0,48.142857142857146,59
2025-05-18,PHC005,MED002,311,101,24.1,21,6,5,59.0,58.0,50.857142857142854,65
2025-05-19,PHC005,MED002,275,72,22.6,26,0,5,65.0,61.0,51.857142857142854,36
2025-05-20,PHC005,MED002,237,77,28.0,16,1,5,36.0,44.0,48.285714285714285,38
2025-05-21,PHC005,MED002,206,66,26.4,15,2,5,38.0,49.0,47.42857142857143,31
2025-05-22,PHC005,MED002,162,85,20.1,23,3,5,31.0,44.0,44.857142857142854,44
2025-05-23,PHC005,MED002,837,87,33.1,28,4,5,44.0,41.0,44.857142857142854,46
2025-05-24,PHC005,MED002,790,107,33.8,31,5,5,46.0,59.0,45.57142857142857,47
2025-05-25,PHC005,MED002,721,109,26.6,18,6,5,47.0,65.0,43.857142857142854,69
2025-05-26,PHC005,MED002,672,91,22.1,26,0,5,69.0,36.0,44.42857142857143,49
2025-05-27,PHC005,MED002,630,82,20.9,19,1,5,49.0,38.0,46.285714285714285,42
2025-05-28,PHC005,MED002,571,95,29.4,34,2,5,42.0,31.0,46.857142857142854,59
2025-05-29,PHC005,MED002,532,86,21.7,21,3,5,59.0,44.0,50.857142857142854,39
2025-05-30,PHC005,MED002,485,86,20.6,10,4,5,39.0,46.0,50.142857142857146,47
2025-05-31,PHC005,MED002,434,92,23.5,19,5,5,47.0,47.0,50.285714285714285,51
2025-06-01,PHC005,MED002,400,73,30.5,21,6,6,51.0,69.0,50.857142857142854,34
2025-06-02,PHC005,MED002,367,74,28.6,11,0,6,34.0,49.0,45.857142857142854,33
2025-06-03,PHC005,MED002,324,100,22.6,23,1,6,33.0,42.0,43.57142857142857,43
2025-06-04,PHC005,MED002,292,79,20.6,26,2,6,43.0,59.0,43.714285714285715,32
2025-06-05,PHC005,MED002,262,68,33.7,12,3,6,32.0,39.0,39.857142857142854,30
2025-06-06,PHC005,MED002,221,84,27.4,14,4,6,30.0,47.0,38.57142857142857,41
2025-06-07,PHC005,MED002,677,97,21.8,19,5,6,41.0,51.0,37.714285714285715,56
2025-06-08,PHC005,MED002,637,78,24.4,23,6,6,56.0,34.0,38.42857142857143,40
2025-06-09,PHC005,MED002,592,88,24.3,24,0,6,40.0,33.0,39.285714285714285,45
2025-06-10,PHC005,MED002,544,96,24.0,25,1,6,45.0,43.0,41.0,48
2025-06-11,PHC005,MED002,497,89,31.1,20,2,6,48.0,32.0,41.714285714285715,47
2025-06-12,PHC005,MED002,458,102,28.9,23,3,6,47.0,30.0,43.857142857142854,39
2025-06-13,PHC005,MED002,427,63,20.2,21,4,6,39.0,41.0,45.142857142857146,31
2025-06-14,PHC005,MED002,394,84,22.5,10,5,6,31.0,56.0,43.714285714285715,33
2025-06-15,PHC005,MED002,331,111,27.0,27,6,6,33.0,40.0,40.42857142857143,63
2025-06-16,PHC005,MED002,304,52,28.1,12,0,6,63.0,45.0,43.714285714285715,27
2025-06-17,PHC005,MED002,260,86,30.0,24,1,6,27.0,48.0,41.142857142857146,44
2025-06-18,PHC005,MED002,972,107,29.4,28,2,6,44.0,47.0,40.57142857142857,67
2025-06-19,PHC005,MED002,926,99,21.3,11,3,6,67.0,39.0,43.42857142857143,46
2025-06-20,PHC005,MED002,898,64,29.2,21,4,6,46.0,31.0,44.42857142857143,28
2025-06-21,PHC005,MED002,845,91,33.5,29,5,6,28.0,33.0,44.0,53
2025-06-22,PHC005,MED002,775,97,26.7,22,6,6,53.0,63.0,46.857142857142854,70
2025-06-23,PHC005,MED002,732,84,24.3,14,0,6,70.0,27.0,47.857142857142854,43
2025-06-24,PHC005,MED002,686,78,32.3,18,1,6,43.0,44.0,50.142857142857146,46
2025-06-25,PHC005,MED002,638,88,28.0,18,2,6,46.0,67.0,50.42857142857143,48
2025-06-26,PHC005,MED002,590,84,34.2,23,3,6,48.0,46.0,47.714285714285715,48
2025-06-27,PHC005,MED002,558,68,34.7,16,4,6,48.0,28.0,48.0,32
2025-06-28,PHC005,MED002,497,106,34.0,25,5,6,32.0,53.0,48.57142857142857,61
2025-06-29,PHC005,MED002,441,91,26.3,28,6,6,61.0,70.0,49.714285714285715,56
2025-01-08,PHC005,MED003,596,99,31.9,24,2,1,25.0,28.0,26.714285714285715,44
2025-01-09,PHC005,MED003,568,68,20.7,19,3,1,44.0,26.0,29.0,28
2025-01-10,PHC005,MED003,541,67,33.4,18,4,1,28.0,31.0,29.285714285714285,27
2025-01-11,PHC005,MED003,506,85,25.0,15,5,1,27.0,29.0,28.714285714285715,35
2025-01-12,PHC005,MED003,467,97,32.9,30,6,1,35.0,26.0,29.571428571428573,39
2025-01-13,PHC005,MED003,446,68,22.7,10,0,1,39.0,22.0,31.428571428571427,21
2025-01-14,PHC005,MED003,427,56,24.2,20,1,1,21.0,25.0,31.285714285714285,19
2025-01-15,PHC005,MED003,402,69,23.7,14,2,1,19.0,44.0,30.428571428571427,25
2025-01-16,PHC005,MED003,364,100,24.7,30,3,1,25.0,28.0,27.714285714285715,38
2025-01-17,PHC005,MED003,332,82,28.4,20,4,1,38.0,27.0,29.142857142857142,32
2025-01-18,PHC005,MED003,290,97,31.4,28,5,1,32.0,35.0,29.857142857142858,42
2025-01-19,PHC005,MED003,242,99,28.1,20,6,1,42.0,39.0,30.857142857142858,48
2025-01-20,PHC005,MED003,210,92,23.3,15,0,1,48.0,21.0,32.142857142857146,32
2025-01-21,PHC005,MED003,191,62,27.5,14,1,1,32.0,19.0,33.714285714285715,19
2025-01-22,PHC005,MED003,167,60,27.2,17,2,1,19.0,25.0,33.714285714285715,24
2025-01-23,PHC005,MED003,131,105,26.7,25,3,1,24.0,38.0,33.57142857142857,36
2025-01-24,PHC005,MED003,104,73,24.5,16,4,1,36.0,32.0,33.285714285714285,27
2025-01-25,PHC005,MED003,543,98,28.8,33,5,1,27.0,42.0,32.57142857142857,44
2025-01-26,PHC005,MED003,522,68,29.6,9,6,1,44.0,48.0,32.857142857142854,21
2025-01-27,PHC005,MED003,488,94,23.1,31,0,1,21.0,32.0,29.0,34
2025-01-28,PHC005,MED003,454,86,20.0,16,1,1,34.0,19.0,29.285714285714285,34
2025-01-29,PHC005,MED003,423,84,33.8,24,2,1,34.0,24.0,31.428571428571427,31
2025-01-30,PHC005,MED003,381,96,30.5,16,3,1,31.0,36.0,32.42857142857143,42
2025-01-31,PHC005,MED003,348,92,34.3,20,4,1,42.0,27.0,33.285714285714285,33
2025-02-01,PHC005,MED003,312,74,26.4,17,5,2,33.0,44.0,34.142857142857146,36
2025-02-02,PHC005,MED003,282,74,30.5,10,6,2,36.0,21.0,33.0,30
2025-02-03,PHC005,MED003,239,106,27.1,18,0,2,30.0,34.0,34.285714285714285,43
2025-02-04,PHC005,MED003,207,78,34.0,8,1,2,43.0,34.0,35.57142857142857,32
2025-02-05,PHC005,MED003,180,87,28.6,19,2,2,32.0,31.0,35.285714285714285,27
2025-02-06,PHC005,MED003,152,76,28.1,18,3,2,27.0,42.0,34.714285714285715,28
2025-02-07,PHC005,MED003,119,79,22.2,12,4,2,28.0,33.0,32.714285714285715,33
2025-02-08,PHC005,MED003,495,90,26.2,27,5,2,33.0,36.0,32.714285714285715,39
2025-02-09,PHC005,MED003,464,86,33.8,25,6,2,39.0,30.0,33.142857142857146,31
2025-02-10,PHC005,MED003,447,54,28.2,5,0,2,31.0,43.0,33.285714285714285,17
2025-02-11,PHC005,MED003,425,67,34.6,18,1,2,17.0,32.0,29.571428571428573,22
2025-02-12,PHC005,MED003,399,63,26.6,19,2,2,22.0,27.0,28.142857142857142,26
2025-02-13,PHC005,MED003,365,74,21.4,14,3,2,26.0,28.0,28.0,34
2025-02-14,PHC005,MED003,338,74,24.7,21,4,2,34.0,33.0,28.857142857142858,27
2025-02-15,PHC005,MED003,306,86,30.2,15,5,2,27.0,39.0,28.0,32
2025-02-16,PHC005,MED003,263,113,27.2,30,6,2,32.0,31.0,27.0,43
2025-02-17,PHC005,MED003,221,98,25.3,18,0,2,43.0,17.0,28.714285714285715,42
2025-02-18,PHC005,MED003,182,85,30.2,22,1,2,42.0,22.0,32.285714285714285,39
2025-02-19,PHC005,MED003,149,91,32.1,14,2,2,39.0,26.0,34.714285714285715,33
2025-02-20,PHC005,MED003,118,83,26.2,24,3,2,33.0,34.0,35.714285714285715,31
2025-02-21,PHC005,MED003,91,72,25.6,14,4,2,31.0,27.0,35.285714285714285,27
2025-02-22,PHC005,MED003,504,108,20.7,28,5,2,27.0,32.0,35.285714285714285,41
2025-02-23,PHC005,MED003,472,80,34.6,21,6,2,41.0,43.0,36.57142857142857,32
2025-02-24,PHC005,MED003,436,80,33.8,21,0,2,32.0,42.0,35.0,36
2025-02-25,PHC005,MED003,397,80,32.9,18,1,2,36.0,39.0,34.142857142857146,39
2025-02-26,PHC005,MED003,372,68,26.2,13,2,2,39.0,33.0,34.142857142857146,25
2025-02-27,PHC005,MED003,328,94,34.0,28,3,2,25.0,31.0,33.0,44
2025-02-28,PHC005,MED003,305,68,27.4,26,4,2,44.0,27.0,34.857142857142854,23
2025-03-01,PHC005,MED003,259,99,34.3,30,5,3,23.0,41.0,34.285714285714285,46
2025-03-02,PHC005,MED003,226,96,22.9,11,6,3,46.0,32.0,35.0,33
2025-03-03,PHC005,MED003,197,79,31.7,16,0,3,33.0,36.0,35.142857142857146,29
2025-03-04,PHC005,MED003,165,79,25.7,24,1,3,29.0,39.0,34.142857142857146,32
2025-03-05,PHC005,MED003,134,96,24.3,24,2,3,32.0,25.0,33.142857142857146,31
2025-03-06,PHC005,MED003,105,96,29.1,28,3,3,31.0,44.0,34.0,29
2025-03-07,PHC005,MED003,803,108,26.4,38,4,3,29.0,23.0,31.857142857142858,40
2025-03-08,PHC005,MED003,754,96,24.4,26,5,3,40.0,46.0,34.285714285714285,49
2025-03-09,PHC005,MED003,714,86,30.4,12,6,3,49.0,33.0,34.714285714285715,40
2025-03-10,PHC005,MED003,693,65,31.5,17,0,3,40.0,29.0,35.714285714285715,21
2025-03-11,PHC005,MED003,666,70,30.6,19,1,3,21.0,32.0,34.57142857142857,27
2025-03-12,PHC005,MED003,642,92,34.6,25,2,3,27.0,31.0,33.857142857142854,24
2025-03-13,PHC005,MED003,614,79,25.8,13,3,3,24.0,29.0,32.857142857142854,28
2025-03-14,PHC005,MED003,570,104,34.7,29,4,3,28.0,40.0,32.714285714285715,44
2025-03-15,PHC005,MED003,530,94,30.7,18,5,3,44.0,49.0,33.285714285714285,40
2025-03-16,PHC005,MED003,484,100,33.1,24,6,3,40.0,40.0,32.0,46
2025-03-17,PHC005,MED003,449,98,31.8,29,0,3,46.0,21.0,32.857142857142854,35
2025-03-18,PHC005,MED003,404,107,26.7,27,1,3,35.0,27.0,34.857142857142854,45
2025-03-19,PHC005,MED003,372,79,32.2,19,2,3,45.0,24.0,37.42857142857143,32
2025-03-20,PHC005,MED003,328,102,33.8,29,3,3,32.0,28.0,38.57142857142857,44
2025-03-21,PHC005,MED003,289,86,27.2,22,4,3,44.0,44.0,40.857142857142854,39
2025-03-22,PHC005,MED003,254,94,28.8,28,5,3,39.0,40.0,40.142857142857146,35
2025-03-23,PHC005,MED003,204,108,34.6,33,6,3,35.0,46.0,39.42857142857143,50
2025-03-24,PHC005,MED003,180,70,24.0,13,0,3,50.0,35.0,40.0,24
2025-03-25,PHC005,MED003,146,79,31.3,24,1,3,24.0,45.0,38.42857142857143,34
2025-03-26,PHC005,MED003,127,49,25.4,12,2,3,34.0,32.0,36.857142857142854,19
2025-03-27,PHC005,MED003,110,43,26.4,17,3,3,19.0,44.0,35.0,17
2025-03-28,PHC005,MED003,482,75,29.8,23,4,3,17.0,39.0,31.142857142857142,28
2025-03-29,PHC005,MED003,439,99,22.1,25,5,3,28.0,35.0,29.571428571428573,43
2025-03-30,PHC005,MED003,394,104,34.8,36,6,3,43.0,50.0,30.714285714285715,45
2025-03-31,PHC005,MED003,363,98,27.4,25,0,3,45.0,24.0,30.0,31
2025-04-01,PHC005,MED003,335,103,34.7,22,1,4,31.0,34.0,31.0,28
2025-04-02,PHC005,MED003,301,90,30.0,19,2,4,28.0,19.0,30.142857142857142,34
2025-04-03,PHC005,MED003,277,66,22.5,10,3,4,34.0,17.0,32.285714285714285,24
2025-04-04,PHC005,MED003,249,89,30.3,25,4,4,24.0,28.0,33.285714285714285,28
2025-04-05,PHC005,MED003,198,106,25.3,16,5,4,28.0,43.0,33.285714285714285,51
2025-04-06,PHC005,MED003,160,94,31.8,24,6,4,51.0,45.0,34.42857142857143,38
2025-04-07,PHC005,MED003,122,107,23.8,24,0,4,38.0,31.0,33.42857142857143,38
2025-04-08,PHC005,MED003,556,70,34.7,5,1,4,38.0,28.0,34.42857142857143,32
2025-04-09,PHC005,MED003,530,77,22.2,13,2,4,32.0,34.0,35.0,26
2025-04-10,PHC005,MED003,509,72,20.2,23,3,4,26.0,24.0,33.857142857142854,21
2025-04-11,PHC005,MED003,473,99,31.8,16,4,4,21.0,28.0,33.42857142857143,36
2025-04-12,PHC005,MED003,445,74,27.1,17,5,4,36.0,51.0,34.57142857142857,28
2025-04-13,PHC005,MED003,410,85,32.6,31,6,4,28.0,38.0,31.285714285714285,35
2025-04-14,PHC005,MED003,368,88,34.3,21,0,4,35.0,38.0,30.857142857142858,42
2025-04-15,PHC005,MED003,337,79,32.4,25,1,4,42.0,32.0,31.428571428571427,31
2025-04-16,PHC005,MED003,299,98,29.0,23,2,4,31.0,26.0,31.285714285714285,38
2025-04-17,PHC005,MED003,261,85,28.3,28,3,4,38.0,21.0,33.0,38
2025-04-18,PHC005,MED003,237,82,30.0,20,4,4,38.0,36.0,35.42857142857143,24
2025-04-19,PHC005,MED003,202,93,22.2,29,5,4,24.0,28.0,33.714285714285715,35
2025-04-20,PHC005,MED003,168,97,31.0,18,6,4,35.0,35.0,34.714285714285715,34
2025-04-21,PHC005,MED003,139,86,26.4,15,0,4,34.0,42.0,34.57142857142857,29
2025-04-22,PHC005,MED003,106,71,30.4,23,1,4,29.0,31.0,32.714285714285715,33
2025-04-23,PHC005,MED003,606,124,24.7,36,2,4,33.0,38.0,33.0,45
2025-04-24,PHC005,MED003,573,76,30.2,26,3,4,45.0,38.0,34.0,33
2025-04-25,PHC005,MED003,535,80,32.2,23,4,4,33.0,24.0,33.285714285714285,38
2025-04-26,PHC005,MED003,511,58,30.7,5,5,4,38.0,35.0,35.285714285714285,24
2025-04-27,PHC005,MED003,472,96,23.1,26,6,4,24.0,34.0,33.714285714285715,39
2025-04-28,PHC005,MED003,441,76,23.6,13,0,4,39.0,29.0,34.42857142857143,31
2025-04-29,PHC005,MED003,412,82,21.7,17,1,4,31.0,33.0,34.714285714285715,29
2025-04-30,PHC005,MED003,385,65,22.4,27,2,4,29.0,45.0,34.142857142857146,27
2025-05-01,PHC005,MED003,348,88,22.6,19,3,5,27.0,33.0,31.571428571428573,37
2025-05-02,PHC005,MED003,331,55,23.2,12,4,5,37.0,38.0,32.142857142857146,17
2025-05-03,PHC005,MED003,291,95,21.8,24,5,5,17.0,24.0,29.142857142857142,40
2025-05-04,PHC005,MED003,249,101,27.8,27,6,5,40.0,39.0,31.428571428571427,42
2025-05-05,PHC005,MED003,220,66,20.7,17,0,5,42.0,31.0,31.857142857142858,29
2025-05-06,PHC005,MED003,194,85,33.8,12,1,5,29.0,29.0,31.571428571428573,26
2025-05-07,PHC005,MED003,174,69,21.8,10,2,5,26.0,27.0,31.142857142857142,20
2025-05-08,PHC005,MED003,145,72,21.4,19,3,5,20.0,37.0,30.142857142857142,29
2025-05-09,PHC005,MED003,109,102,33.5,28,4,5,29.0,17.0,29.0,36
2025-05-10,PHC005,MED003,738,105,28.8,26,5,5,36.0,40.0,31.714285714285715,57
2025-05-11,PHC005,MED003,692,108,26.3,28,6,5,57.0,42.0,34.142857142857146,46
2025-05-12,PHC005,MED003,675,50,24.6,10,0,5,46.0,29.0,34.714285714285715,17
2025-05-13,PHC005,MED003,640,93,32.5,18,1,5,17.0,26.0,33.0,35
2025-05-14,PHC005,MED003,606,76,20.3,21,2,5,35.0,20.0,34.285714285714285,34
2025-05-15,PHC005,MED003,578,88,22.7,17,3,5,34.0,29.0,36.285714285714285,28
2025-05-16,PHC005,MED003,544,100,28.8,36,4,5,28.0,36.0,36.142857142857146,34
2025-05-17,PHC005,MED003,508,87,20.3,22,5,5,34.0,57.0,35.857142857142854,36
2025-05-18,PHC005,MED003,476,77,26.3,26,6,5,36.0,46.0,32.857142857142854,32
2025-05-19,PHC005,MED003,442,82,29.7,20,0,5,32.0,17.0,30.857142857142858,34
2025-05-20,PHC005,MED003,413,74,32.6,20,1,5,34.0,35.0,33.285714285714285,29
2025-05-21,PHC005,MED003,376,91,24.2,22,2,5,29.0,34.0,32.42857142857143,37
2025-05-22,PHC005,MED003,350,62,33.8,21,3,5,37.0,28.0,32.857142857142854,26
2025-05-23,PHC005,MED003,328,58,27.0,9,4,5,26.0,34.0,32.57142857142857,22
2025-05-24,PHC005,MED003,296,92,26.4,24,5,5,22.0,36.0,30.857142857142858,32
2025-05-25,PHC005,MED003,266,80,22.1,18,6,5,32.0,32.0,30.285714285714285,30
2025-05-26,PHC005,MED003,238,76,29.1,16,0,5,30.0,34.0,30.0,28
2025-05-27,PHC005,MED003,210,84,28.1,15,1,5,28.0,29.0,29.142857142857142,28
2025-05-28,PHC005,MED003,183,73,27.9,16,2,5,28.0,37.0,29.0,27
2025-05-29,PHC005,MED003,155,71,31.7,11,3,5,27.0,26.0,27.571428571428573,28
2025-05-30,PHC005,MED003,127,82,25.4,22,4,5,28.0,22.0,27.857142857142858,28
2025-05-31,PHC005,MED003,442,103,33.5,20,5,5,28.0,32.0,28.714285714285715,49
2025-06-01,PHC005,MED003,403,95,26.5,25,6,6,49.0,30.0,31.142857142857142,39
2025-06-02,PHC005,MED003,376,67,26.8,5,0,6,39.0,28.0,32.42857142857143,27
2025-06-03,PHC005,MED003,351,76,25.7,9,1,6,27.0,28.0,32.285714285714285,25
2025-06-04,PHC005,MED003,322,78,32.8,21,2,6,25.0,27.0,31.857142857142858,29
2025-06-05,PHC005,MED003,310,38,34.1,5,3,6,29.0,28.0,32.142857142857146,12
2025-06-06,PHC005,MED003,278,83,27.7,16,4,6,12.0,28.0,29.857142857142858,32
2025-06-07,PHC005,MED003,239,91,21.4,18,5,6,32.0,49.0,30.428571428571427,39
2025-06-08,PHC005,MED003,199,92,25.8,17,6,6,39.0,39.0,29.0,40
2025-06-09,PHC005,MED003,170,85,29.7,12,0,6,40.0,27.0,29.142857142857142,29
2025-06-10,PHC005,MED003,141,84,30.7,22,1,6,29.0,25.0,29.428571428571427,29
2025-06-11,PHC005,MED003,107,85,29.0,20,2,6,29.0,29.0,30.0,34
2025-06-12,PHC005,MED003,847,62,21.1,16,3,6,34.0,12.0,30.714285714285715,27
2025-06-13,PHC005,MED003,819,88,25.5,27,4,6,27.0,32.0,32.857142857142854,28
2025-06-14,PHC005,MED003,779,98,28.3,23,5,6,28.0,39.0,32.285714285714285,40
2025-06-15,PHC005,MED003,746,79,26.5,20,6,6,40.0,40.0,32.42857142857143,33
2025-06-16,PHC005,MED003,711,79,28.7,19,0,6,33.0,29.0,31.428571428571427,35
2025-06-17,PHC005,MED003,672,102,28.6,25,1,6,35.0,29.0,32.285714285714285,39
2025-06-18,PHC005,MED003,639,84,29.5,20,2,6,39.0,34.0,33.714285714285715,33
2025-06-19,PHC005,MED003,597,103,20.8,23,3,6,33.0,27.0,33.57142857142857,42
2025-06-20,PHC005,MED003,553,93,24.2,31,4,6,42.0,28.0,35.714285714285715,44
2025-06-21,PHC005,MED003,528,57,29.2,5,5,6,44.0,40.0,38.0,25
2025-06-22,PHC005,MED003,470,116,24.2,22,6,6,25.0,33.0,35.857142857142854,58
2025-06-23,PHC005,MED003,444,86,27.8,15,0,6,58.0,35.0,39.42857142857143,26
2025-06-24,PHC005,MED003,400,86,26.8,24,1,6,26.0,39.0,38.142857142857146,44
2025-06-25,PHC005,MED003,354,106,28.1,37,2,6,44.0,33.0,38.857142857142854,46
2025-06-26,PHC005,MED003,306,103,20.1,22,3,6,46.0,42.0,40.714285714285715,48
2025-06-27,PHC005,MED003,273,91,31.3,29,4,6,48.0,44.0,41.57142857142857,33
2025-06-28,PHC005,MED003,225,99,25.6,25,5,6,33.0,25.0,40.0,48
2025-06-29,PHC005,MED003,181,92,34.7,14,6,6,48.0,58.0,43.285714285714285,44
2025-01-08,PHC005,MED004,861,95,28.6,17,2,1,33.0,40.0,38.714285714285715,40
2025-01-09,PHC005,MED004,825,90,22.0,18,3,1,40.0,30.0,38.714285714285715,36
2025-01-10,PHC005,MED004,783,117,31.0,29,4,1,36.0,41.0,39.57142857142857,42
2025-01-11,PHC005,MED004,722,118,27.7,27,5,1,42.0,45.0,39.714285714285715,61
2025-01-12,PHC005,MED004,683,105,21.2,29,6,1,61.0,50.0,42.0,39
2025-01-13,PHC005,MED004,642,100,21.1,20,0,1,39.0,32.0,40.42857142857143,41
2025-01-14,PHC005,MED004,602,85,29.2,17,1,1,41.0,33.0,41.714285714285715,40
2025-01-15,PHC005,MED004,571,82,27.0,23,2,1,40.0,40.0,42.714285714285715,31
2025-01-16,PHC005,MED004,531,118,26.6,31,3,1,31.0,36.0,41.42857142857143,40
2025-01-17,PHC005,MED004,510,49,23.6,10,4,1,40.0,42.0,42.0,21
2025-01-18,PHC005,MED004,469,86,24.1,16,5,1,21.0,61.0,39.0,41
2025-01-19,PHC005,MED004,424,88,26.4,21,6,1,41.0,39.0,36.142857142857146,45
2025-01-20,PHC005,MED004,384,98,33.4,41,0,1,45.0,41.0,37.0,40
2025-01-21,PHC005,MED004,339,96,28.2,21,1,1,40.0,40.0,36.857142857142854,45
2025-01-22,PHC005,MED004,297,77,32.0,20,2,1,45.0,31.0,37.57142857142857,42
2025-01-23,PHC005,MED004,271,60,26.1,7,3,1,42.0,40.0,39.142857142857146,26
2025-01-24,PHC005,MED004,231,84,26.7,18,4,1,26.0,21.0,37.142857142857146,40
2025-01-25,PHC005,MED004,190,91,25.4,24,5,1,40.0,41.0,39.857142857142854,41
2025-01-26,PHC005,MED004,146,82,23.1,17,6,1,41.0,45.0,39.857142857142854,44
2025-01-27,PHC005,MED004,111,91,28.9,31,0,1,44.0,40.0,39.714285714285715,35
2025-01-28,PHC005,MED004,738,77,27.4,19,1,1,35.0,45.0,39.0,31
2025-01-29,PHC005,MED004,701,79,34.9,20,2,1,31.0,42.0,37.0,37
2025-01-30,PHC005,MED004,668,86,26.9,37,3,1,37.0,26.0,36.285714285714285,33
2025-01-31,PHC005,MED004,643,65,29.0,16,4,1,33.0,40.0,37.285714285714285,25
2025-02-01,PHC005,MED004,611,84,26.7,23,5,2,25.0,41.0,35.142857142857146,32
2025-02-02,PHC005,MED004,580,74,22.7,23,6,2,32.0,44.0,33.857142857142854,31
2025-02-03,PHC005,MED004,558,69,24.7,9,0,2,31.0,35.0,32.0,22
2025-02-04,PHC005,MED004,528,90,34.1,20,1,2,22.0,31.0,30.142857142857142,30
2025-02-05,PHC005,MED004,517,31,22.7,13,2,2,30.0,37.0,30.0,11
2025-02-06,PHC005,MED004,484,101,33.5,20,3,2,11.0,33.0,26.285714285714285,33
2025-02-07,PHC005,MED004,439,110,31.4,37,4,2,33.0,25.0,26.285714285714285,45
2025-02-08,PHC005,MED004,402,91,24.8,21,5,2,45.0,32.0,29.142857142857142,37
2025-02-09,PHC005,MED004,352,118,25.2,39,6,2,37.0,31.0,29.857142857142858,50
2025-02-10,PHC005,MED004,325,87,28.8,14,0,2,50.0,22.0,32.57142857142857,27
2025-02-11,PHC005,MED004,283,92,20.7,20,1,2,27.0,30.0,33.285714285714285,42
2025-02-12,PHC005,MED004,248,83,26.6,18,2,2,42.0,11.0,35.0,35
2025-02-13,PHC005,MED004,213,87,25.3,20,3,2,35.0,33.0,38.42857142857143,35
2025-02-14,PHC005,MED004,175,79,29.7,12,4,2,35.0,45.0,38.714285714285715,38
2025-02-15,PHC005,MED004,137,81,34.7,21,5,2,38.0,37.0,37.714285714285715,38
2025-02-16,PHC005,MED004,502,87,23.2,29,6,2,38.0,50.0,37.857142857142854,39
2025-02-17,PHC005,MED004,465,103,20.0,23,0,2,39.0,27.0,36.285714285714285,37
2025-02-18,PHC005,MED004,444,59,33.2,24,1,2,37.0,42.0,37.714285714285715,21
2025-02-19,PHC005,MED004,414,88,21.0,19,2,2,21.0,35.0,34.714285714285715,30
2025-02-20,PHC005,MED004,380,60,33.6,13,3,2,30.0,35.0,34.0,34
2025-02-21,PHC005,MED004,348,67,33.4,13,4,2,34.0,38.0,33.857142857142854,32
2025-02-22,PHC005,MED004,296,106,31.4,25,5,2,32.0,38.0,33.0,52
2025-02-23,PHC005,MED004,245,107,25.4,24,6,2,52.0,39.0,35.0,51
2025-02-24,PHC005,MED004,214,85,34.5,22,0,2,51.0,37.0,36.714285714285715,31
2025-02-25,PHC005,MED004,186,72,26.4,14,1,2,31.0,21.0,35.857142857142854,28
2025-02-26,PHC005,MED004,149,104,20.9,21,2,2,28.0,30.0,36.857142857142854,37
2025-02-27,PHC005,MED004,117,73,30.4,16,3,2,37.0,34.0,37.857142857142854,32
2025-02-28,PHC005,MED004,874,81,24.0,25,4,2,32.0,32.0,37.57142857142857,32
2025-03-01,PHC005,MED004,836,70,32.7,18,5,3,32.0,52.0,37.57142857142857,38
2025-03-02,PHC005,MED004,797,84,34.8,28,6,3,38.0,51.0,35.57142857142857,39
2025-03-03,PHC005,MED004,763,78,31.4,15,0,3,39.0,31.0,33.857142857142854,34
2025-03-04,PHC005,MED004,726,88,20.1,18,1,3,34.0,28.0,34.285714285714285,37
2025-03-05,PHC005,MED004,689,92,34.8,28,2,3,37.0,37.0,35.57142857142857,37
2025-03-06,PHC005,MED004,659,77,25.9,21,3,3,37.0,32.0,35.57142857142857,30
2025-03-07,PHC005,MED004,614,96,29.4,23,4,3,30.0,32.0,35.285714285714285,45
2025-03-08,PHC005,MED004,575,82,31.7,14,5,3,45.0,38.0,37.142857142857146,39
2025-03-09,PHC005,MED004,525,102,20.2,24,6,3,39.0,39.0,37.285714285714285,50
2025-03-10,PHC005,MED004,484,85,29.6,14,0,3,50.0,34.0,38.857142857142854,41
2025-03-11,PHC005,MED004,458,62,29.6,19,1,3,41.0,37.0,39.857142857142854,26
2025-03-12,PHC005,MED004,418,98,26.2,22,2,3,26.0,37.0,38.285714285714285,40
2025-03-13,PHC005,MED004,386,82,25.8,22,3,3,40.0,30.0,38.714285714285715,32
2025-03-14,PHC005,MED004,358,55,29.2,16,4,3,32.0,45.0,39.0,28
2025-03-15,PHC005,MED004,301,93,33.7,16,5,3,28.0,39.0,36.57142857142857,57
2025-03-16,PHC005,MED004,263,77,28.4,28,6,3,57.0,50.0,39.142857142857146,38
2025-03-17,PHC005,MED004,234,62,22.8,12,0,3,38.0,41.0,37.42857142857143,29
2025-03-18,PHC005,MED004,197,92,31.6,30,1,3,29.0,26.0,35.714285714285715,37
2025-03-19,PHC005,MED004,148,94,26.3,24,2,3,37.0,40.0,37.285714285714285,49
2025-03-20,PHC005,MED004,115,83,20.1,17,3,3,49.0,32.0,38.57142857142857,33
2025-03-21,PHC005,MED004,623,64,23.8,14,4,3,33.0,28.0,38.714285714285715,29
2025-03-22,PHC005,MED004,567,110,21.9,22,5,3,29.0,57.0,38.857142857142854,56
2025-03-23,PHC005,MED004,533,88,23.4,25,6,3,56.0,38.0,38.714285714285715,34
2025-03-24,PHC005,MED004,500,80,22.8,19,0,3,34.0,29.0,38.142857142857146,33
2025-03-25,PHC005,MED004,474,71,29.9,13,1,3,33.0,37.0,38.714285714285715,26
2025-03-26,PHC005,MED004,421,110,27.9,31,2,3,26.0,49.0,37.142857142857146,53
2025-03-27,PHC005,MED004,381,94,25.5,23,3,3,53.0,33.0,37.714285714285715,40
2025-03-28,PHC005,MED004,349,86,21.7,22,4,3,40.0,29.0,38.714285714285715,32
2025-03-29,PHC005,MED004,293,99,31.0,21,5,3,32.0,56.0,39.142857142857146,56
2025-03-30,PHC005,MED004,236,106,27.0,22,6,3,56.0,34.0,39.142857142857146,57
2025-03-31,PHC005,MED004,206,78,27.8,17,0,3,57.0,33.0,42.42857142857143,30
2025-04-01,PHC005,MED004,173,74,31.6,10,1,4,30.0,26.0,42.0,33
2025-04-02,PHC005,MED004,150,71,32.9,18,2,4,33.0,53.0,43.0,23
2025-04-03,PHC005,MED004,641,118,29.1,35,3,4,23.0,40.0,38.714285714285715,54
2025-04-04,PHC005,MED004,604,107,24.1,34,4,4,54.0,32.0,40.714285714285715,37
2025-04-05,PHC005,MED004,549,105,20.8,25,5,4,37.0,56.0,41.42857142857143,55
2025-04-06,PHC005,MED004,493,102,22.4,29,6,4,55.0,57.0,41.285714285714285,56
2025-04-07,PHC005,MED004,460,98,29.2,26,0,4,56.0,30.0,41.142857142857146,33
2025-04-08,PHC005,MED004,432,75,29.9,20,1,4,33.0,33.0,41.57142857142857,28
2025-04-09,PHC005,MED004,400,86,24.2,24,2,4,28.0,23.0,40.857142857142854,32
2025-04-10,PHC005,MED004,365,81,31.2,20,3,4,32.0,54.0,42.142857142857146,35
2025-04-11,PHC005,MED004,332,73,26.3,17,4,4,35.0,37.0,39.42857142857143,33
2025-04-12,PHC005,MED004,292,88,20.2,19,5,4,33.0,55.0,38.857142857142854,40
2025-04-13,PHC005,MED004,237,107,20.2,31,6,4,40.0,56.0,36.714285714285715,55
2025-04-14,PHC005,MED004,200,82,30.4,31,0,4,55.0,33.0,36.57142857142857,37
2025-04-15,PHC005,MED004,174,81,30.8,22,1,4,37.0,28.0,37.142857142857146,26
2025-04-16,PHC005,MED004,135,80,23.7,27,2,4,26.0,32.0,36.857142857142854,39
2025-04-17,PHC005,MED004,572,79,31.7,18,3,4,39.0,35.0,37.857142857142854,34
2025-04-18,PHC005,MED004,539,85,25.9,25,4,4,34.0,33.0,37.714285714285715,33
2025-04-19,PHC005,MED004,476,135,20.9,34,5,4,33.0,40.0,37.714285714285715,63
2025-04-20,PHC005,MED004,443,72,26.9,22,6,4,63.0,55.0,41.0,33
2025-04-21,PHC005,MED004,415,64,29.2,19,0,4,33.0,37.0,37.857142857142854,28
2025-04-22,PHC005,MED004,378,105,34.9,23,1,4,28.0,26.0,36.57142857142857,37
2025-04-23,PHC005,MED004,334,99,32.2,28,2,4,37.0,39.0,38.142857142857146,44
2025-04-24,PHC005,MED004,292,79,20.6,16,3,4,44.0,34.0,38.857142857142854,42
2025-04-25,PHC005,MED004,247,99,34.3,22,4,4,42.0,33.0,40.0,45
2025-04-26,PHC005,MED004,760,127,34.5,35,5,4,45.0,63.0,41.714285714285715,64
2025-04-27,PHC005,MED004,709,94,25.8,21,6,4,64.0,33.0,41.857142857142854,51
2025-04-28,PHC005,MED004,671,96,21.8,25,0,4,51.0,28.0,44.42857142857143,38
2025-04-29,PHC005,MED004,647,62,25.5,15,1,4,38.0,37.0,45.857142857142854,24
2025-04-30,PHC005,MED004,621,75,33.6,23,2,4,24.0,44.0,44.0,26
2025-05-01,PHC005,MED004,602,56,33.4,16,3,5,26.0,42.0,41.42857142857143,19
2025-05-02,PHC005,MED004,565,96,27.7,25,4,5,19.0,45.0,38.142857142857146,37
2025-05-03,PHC005,MED004,530,81,24.5,23,5,5,37.0,64.0,37.0,35
2025-05-04,PHC005,MED004,466,117,26.6,29,6,5,35.0,51.0,32.857142857142854,64
2025-05-05,PHC005,MED004,450,42,30.3,16,0,5,64.0,38.0,34.714285714285715,16
2025-05-06,PHC005,MED004,417,74,20.1,19,1,5,16.0,24.0,31.571428571428573,33
2025-05-07,PHC005,MED004,387,71,26.8,13,2,5,33.0,26.0,32.857142857142854,30
2025-05-08,PHC005,MED004,345,87,21.8,28,3,5,30.0,19.0,33.42857142857143,42
2025-05-09,PHC005,MED004,315,78,23.2,22,4,5,42.0,37.0,36.714285714285715,30
2025-05-10,PHC005,MED004,274,96,29.8,26,5,5,30.0,35.0,35.714285714285715,41
2025-05-11,PHC005,MED004,237,88,22.3,18,6,5,41.0,64.0,36.57142857142857,37
2025-05-12,PHC005,MED004,220,54,28.0,5,0,5,37.0,16.0,32.714285714285715,17
2025-05-13,PHC005,MED004,208,36,34.3,9,1,5,17.0,33.0,32.857142857142854,12
2025-05-14,PHC005,MED004,183,63,23.6,18,2,5,12.0,30.0,29.857142857142858,25
2025-05-15,PHC005,MED004,158,70,21.3,26,3,5,25.0,42.0,29.142857142857142,25
2025-05-16,PHC005,MED004,128,66,25.1,16,4,5,25.0,30.0,26.714285714285715,30
2025-05-17,PHC005,MED004,868,93,34.5,25,5,5,30.0,41.0,26.714285714285715,58
2025-05-18,PHC005,MED004,827,90,30.0,32,6,5,58.0,37.0,29.142857142857142,41
2025-05-19,PHC005,MED004,788,73,23.7,21,0,5,41.0,17.0,29.714285714285715,39
2025-05-20,PHC005,MED004,758,68,21.2,24,1,5,39.0,12.0,32.857142857142854,30
2025-05-21,PHC005,MED004,727,76,30.0,14,2,5,30.0,25.0,35.42857142857143,31
2025-05-22,PHC005,MED004,693,80,33.0,23,3,5,31.0,25.0,36.285714285714285,34
2025-05-23,PHC005,MED004,660,83,30.3,15,4,5,34.0,30.0,37.57142857142857,33
2025-05-24,PHC005,MED004,627,76,30.7,20,5,5,33.0,58.0,38.0,33
2025-05-25,PHC005,MED004,575,84,30.8,6,6,5,33.0,41.0,34.42857142857143,52
2025-05-26,PHC005,MED004,544,68,34.5,15,0,5,52.0,39.0,36.0,31
2025-05-27,PHC005,MED004,518,62,34.9,18,1,5,31.0,30.0,34.857142857142854,26
2025-05-28,PHC005,MED004,485,95,25.7,22,2,5,26.0,31.0,34.285714285714285,33
2025-05-29,PHC005,MED004,446,86,33.6,16,3,5,33.0,34.0,34.57142857142857,39
2025-05-30,PHC005,MED004,407,87,30.5,21,4,5,39.0,33.0,35.285714285714285,39
2025-05-31,PHC005,MED004,369,105,32.6,26,5,5,39.0,33.0,36.142857142857146,38
2025-06-01,PHC005,MED004,338,68,22.8,7,6,6,38.0,52.0,36.857142857142854,31
2025-06-02,PHC005,MED004,311,73,31.8,19,0,6,31.0,31.0,33.857142857142854,27
2025-06-03,PHC005,MED004,270,91,21.7,21,1,6,27.0,26.0,33.285714285714285,41
2025-06-04,PHC005,MED004,238,82,33.1,20,2,6,41.0,33.0,35.42857142857143,32
2025-06-05,PHC005,MED004,207,91,21.8,23,3,6,32.0,39.0,35.285714285714285,31
2025-06-06,PHC005,MED004,168,83,32.2,23,4,6,31.0,39.0,34.142857142857146,39
2025-06-07,PHC005,MED004,820,99,22.9,24,5,6,39.0,38.0,34.142857142857146,53
2025-06-08,PHC005,MED004,765,121,32.2,23,6,6,53.0,31.0,36.285714285714285,55
2025-06-09,PHC005,MED004,721,92,20.8,20,0,6,55.0,27.0,39.714285714285715,44
2025-06-10,PHC005,MED004,691,70,31.6,16,1,6,44.0,41.0,42.142857142857146,30
2025-06-11,PHC005,MED004,643,118,28.0,29,2,6,30.0,32.0,40.57142857142857,48
2025-06-12,PHC005,MED004,607,77,34.1,16,3,6,48.0,31.0,42.857142857142854,36
2025-06-13,PHC005,MED004,586,50,25.5,14,4,6,36.0,39.0,43.57142857142857,21
2025-06-14,PHC005,MED004,545,86,34.0,20,5,6,21.0,53.0,41.0,41
2025-06-15,PHC005,MED004,485,101,24.2,16,6,6,41.0,55.0,39.285714285714285,60
2025-06-16,PHC005,MED004,445,93,33.6,20,0,6,60.0,44.0,40.0,40
2025-06-17,PHC005,MED004,420,69,30.2,21,1,6,40.0,30.0,39.42857142857143,25
2025-06-18,PHC005,MED004,375,97,29.6,26,2,6,25.0,48.0,38.714285714285715,45
2025-06-19,PHC005,MED004,334,99,27.9,25,3,6,45.0,36.0,38.285714285714285,41
2025-06-20,PHC005,MED004,295,89,32.3,12,4,6,41.0,21.0,39.0,39
2025-06-21,PHC005,MED004,240,108,26.0,20,5,6,39.0,41.0,41.57142857142857,55
2025-06-22,PHC005,MED004,188,88,27.0,24,6,6,55.0,60.0,43.57142857142857,52
2025-06-23,PHC005,MED004,146,101,31.4,24,0,6,52.0,40.0,42.42857142857143,42
2025-06-24,PHC005,MED004,114,71,32.2,9,1,6,42.0,25.0,42.714285714285715,32
2025-06-25,PHC005,MED004,719,78,29.7,23,2,6,32.0,45.0,43.714285714285715,32
2025-06-26,PHC005,MED004,689,84,33.8,20,3,6,32.0,41.0,41.857142857142854,30
2025-06-27,PHC005,MED004,655,82,22.8,20,4,6,30.0,39.0,40.285714285714285,34
2025-06-28,PHC005,MED004,628,64,22.9,18,5,6,34.0,55.0,39.57142857142857,27
2025-06-29,PHC005,MED004,569,101,31.9,26,6,6,27.0,52.0,35.57142857142857,59
2025-01-08,PHC005,MED005,1075,89,26.6,16,2,1,28.0,27.0,27.285714285714285,21
2025-01-09,PHC005,MED005,1053,77,27.8,16,3,1,21.0,20.0,26.428571428571427,22
2025-01-10,PHC005,MED005,1028,79,30.4,16,4,1,22.0,27.0,26.714285714285715,25
2025-01-11,PHC005,MED005,990,114,31.7,22,5,1,25.0,43.0,26.428571428571427,38
2025-01-12,PHC005,MED005,954,103,34.6,20,6,1,38.0,33.0,25.714285714285715,36
2025-01-13,PHC005,MED005,932,73,20.7,18,0,1,36.0,13.0,26.142857142857142,22
2025-01-14,PHC005,MED005,906,79,31.8,22,1,1,22.0,28.0,27.428571428571427,26
2025-01-15,PHC005,MED005,877,93,22.4,27,2,1,26.0,21.0,27.142857142857142,29
2025-01-16,PHC005,MED005,856,68,22.3,21,3,1,29.0,22.0,28.285714285714285,21
2025-01-17,PHC005,MED005,825,97,34.3,28,4,1,21.0,25.0,28.142857142857142,31
2025-01-18,PHC005,MED005,796,91,29.5,30,5,1,31.0,38.0,29.0,29
2025-01-19,PHC005,MED005,768,95,32.9,25,6,1,29.0,36.0,27.714285714285715,28
2025-01-20,PHC005,MED005,751,55,23.9,6,0,1,28.0,22.0,26.571428571428573,17
2025-01-21,PHC005,MED005,725,97,27.2,17,1,1,17.0,26.0,25.857142857142858,26
2025-01-22,PHC005,MED005,693,102,34.5,27,2,1,26.0,29.0,25.857142857142858,32
2025-01-23,PHC005,MED005,661,85,22.3,28,3,1,32.0,21.0,26.285714285714285,32
2025-01-24,PHC005,MED005,640,70,31.3,10,4,1,32.0,31.0,27.857142857142858,21
2025-01-25,PHC005,MED005,606,79,25.2,36,5,1,21.0,29.0,26.428571428571427,34
2025-01-26,PHC005,MED005,577,90,30.0,15,6,1,34.0,28.0,27.142857142857142,29
2025-01-27,PHC005,MED005,554,68,22.7,7,0,1,29.0,17.0,27.285714285714285,23
2025-01-28,PHC005,MED005,528,76,29.3,12,1,1,23.0,26.0,28.142857142857142,26
2025-01-29,PHC005,MED005,499,90,29.8,22,2,1,26.0,32.0,28.142857142857142,29
2025-01-30,PHC005,MED005,480,73,27.2,25,3,1,29.0,32.0,27.714285714285715,19
2025-01-31,PHC005,MED005,460,82,29.7,18,4,1,19.0,21.0,25.857142857142858,20
2025-02-01,PHC005,MED005,435,90,21.6,20,5,2,20.0,34.0,25.714285714285715,25
2025-02-02,PHC005,MED005,399,94,24.7,29,6,2,25.0,29.0,24.428571428571427,36
2025-02-03,PHC005,MED005,388,51,24.9,13,0,2,36.0,23.0,25.428571428571427,11
2025-02-04,PHC005,MED005,362,102,23.3,26,1,2,11.0,26.0,23.714285714285715,26
2025-02-05,PHC005,MED005,335,90,30.0,30,2,2,26.0,29.0,23.714285714285715,27
2025-02-06,PHC005,MED005,312,84,27.1,30,3,2,27.0,19.0,23.428571428571427,23
2025-02-07,PHC005,MED005,293,84,20.7,19,4,2,23.0,20.0,24.0,19
2025-02-08,PHC005,MED005,261,84,32.0,26,5,2,19.0,25.0,23.857142857142858,32
2025-02-09,PHC005,MED005,231,83,30.8,17,6,2,32.0,36.0,24.857142857142858,30
2025-02-10,PHC005,MED005,205,97,33.8,27,0,2,30.0,11.0,24.0,26
2025-02-11,PHC005,MED005,178,93,21.4,34,1,2,26.0,26.0,26.142857142857142,27
2025-02-12,PHC005,MED005,158,76,23.2,12,2,2,27.0,27.0,26.285714285714285,20
2025-02-13,PHC005,MED005,128,97,27.2,22,3,2,20.0,23.0,25.285714285714285,30
2025-02-14,PHC005,MED005,104,88,23.8,22,4,2,30.0,19.0,26.285714285714285,24
2025-02-15,PHC005,MED005,420,96,29.8,30,5,2,24.0,32.0,27.0,33
2025-02-16,PHC005,MED005,381,107,22.2,32,6,2,33.0,30.0,27.142857142857142,39
2025-02-17,PHC005,MED005,352,84,33.6,21,0,2,39.0,26.0,28.428571428571427,29
2025-02-18,PHC005,MED005,333,68,28.5,13,1,2,29.0,27.0,28.857142857142858,19
2025-02-19,PHC005,MED005,310,81,21.1,25,2,2,19.0,20.0,27.714285714285715,23
2025-02-20,PHC005,MED005,293,52,23.5,17,3,2,23.0,30.0,28.142857142857142,17
2025-02-21,PHC005,MED005,281,38,25.8,11,4,2,17.0,24.0,26.285714285714285,12
2025-02-22,PHC005,MED005,253,94,25.1,17,5,2,12.0,33.0,24.571428571428573,28
2025-02-23,PHC005,MED005,228,83,26.3,15,6,2,28.0,39.0,23.857142857142858,25
2025-02-24,PHC005,MED005,206,82,23.1,27,0,2,25.0,29.0,21.857142857142858,22
2025-02-25,PHC005,MED005,188,66,23.0,23,1,2,22.0,19.0,20.857142857142858,18
2025-02-26,PHC005,MED005,169,63,25.7,11,2,2,18.0,23.0,20.714285714285715,19
2025-02-27,PHC005,MED005,144,83,28.7,12,3,2,19.0,17.0,20.142857142857142,25
2025-02-28,PHC005,MED005,120,74,22.2,21,4,2,25.0,12.0,21.285714285714285,24
2025-03-01,PHC005,MED005,794,109,25.2,26,5,3,24.0,28.0,23.0,39
2025-03-02,PHC005,MED005,781,58,28.4,25,6,3,39.0,25.0,24.571428571428573,13
2025-03-03,PHC005,MED005,756,89,20.0,14,0,3,13.0,22.0,22.857142857142858,25
2025-03-04,PHC005,MED005,740,63,25.9,18,1,3,25.0,18.0,23.285714285714285,16
2025-03-05,PHC005,MED005,710,101,28.6,20,2,3,16.0,19.0,23.0,30
2025-03-06,PHC005,MED005,693,52,33.3,6,3,3,30.0,25.0,24.571428571428573,17
2025-03-07,PHC005,MED005,664,95,30.4,20,4,3,17.0,24.0,23.428571428571427,29
2025-03-08,PHC005,MED005,628,121,20.5,32,5,3,29.0,39.0,24.142857142857142,36
2025-03-09,PHC005,MED005,600,100,20.6,23,6,3,36.0,13.0,23.714285714285715,28
2025-03-10,PHC005,MED005,583,77,28.5,5,0,3,28.0,25.0,25.857142857142858,17
2025-03-11,PHC005,MED005,568,54,29.5,11,1,3,17.0,16.0,24.714285714285715,15
2025-03-12,PHC005,MED005,546,75,30.4,16,2,3,15.0,30.0,24.571428571428573,22
2025-03-13,PHC005,MED005,524,90,30.8,20,3,3,22.0,17.0,23.428571428571427,22
2025-03-14,PHC005,MED005,498,86,22.4,25,4,3,22.0,29.0,24.142857142857142,26
2025-03-15,PHC005,MED005,460,105,34.8,27,5,3,26.0,36.0,23.714285714285715,38
2025-03-16,PHC005,MED005,429,105,33.7,20,6,3,38.0,28.0,24.0,31
2025-03-17,PHC005,MED005,411,67,25.9,12,0,3,31.0,17.0,24.428571428571427,18
2025-03-18,PHC005,MED005,385,94,26.5,21,1,3,18.0,15.0,24.571428571428573,26
2025-03-19,PHC005,MED005,351,93,33.9,22,2,3,26.0,22.0,26.142857142857142,34
2025-03-20,PHC005,MED005,322,80,23.9,15,3,3,34.0,22.0,27.857142857142858,29
2025-03-21,PHC005,MED005,297,94,33.9,19,4,3,29.0,26.0,28.857142857142858,25
2025-03-22,PHC005,MED005,275,71,23.6,13,5,3,25.0,38.0,28.714285714285715,22
2025-03-23,PHC005,MED005,250,64,23.4,15,6,3,22.0,31.0,26.428571428571427,25
2025-03-24,PHC005,MED005,225,102,24.0,18,0,3,25.0,18.0,25.571428571428573,25
2025-03-25,PHC005,MED005,205,76,22.2,15,1,3,25.0,26.0,26.571428571428573,20
2025-03-26,PHC005,MED005,180,93,26.3,24,2,3,20.0,34.0,25.714285714285715,25
2025-03-27,PHC005,MED005,162,69,30.0,30,3,3,25.0,29.0,24.428571428571427,18
2025-03-28,PHC005,MED005,145,55,27.8,11,4,3,18.0,25.0,22.857142857142858,17
2025-03-29,PHC005,MED005,115,83,20.1,20,5,3,17.0,22.0,21.714285714285715,30
2025-03-30,PHC005,MED005,623,107,21.9,22,6,3,30.0,25.0,22.857142857142858,37
2025-03-31,PHC005,MED005,604,73,24.5,18,0,3,37.0,25.0,24.571428571428573,19
2025-04-01,PHC005,MED005,580,88,24.3,18,1,4,19.0,20.0,23.714285714285715,24
2025-04-02,PHC005,MED005,559,65,22.0,11,2,4,24.0,25.0,24.285714285714285,21
2025-04-03,PHC005,MED005,538,81,20.2,18,3,4,21.0,18.0,23.714285714285715,21
2025-04-04,PHC005,MED005,513,98,21.0,27,4,4,21.0,17.0,24.142857142857142,25
2025-04-05,PHC005,MED005,477,90,20.8,18,5,4,25.0,30.0,25.285714285714285,36
2025-04-06,PHC005,MED005,447,97,31.7,25,6,4,36.0,37.0,26.142857142857142,30
2025-04-07,PHC005,MED005,424,88,25.0,31,0,4,30.0,19.0,25.142857142857142,23
2025-04-08,PHC005,MED005,402,89,25.0,20,1,4,23.0,24.0,25.714285714285715,22
2025-04-09,PHC005,MED005,377,68,27.1,23,2,4,22.0,21.0,25.428571428571427,25
2025-04-10,PHC005,MED005,355,80,28.6,21,3,4,25.0,21.0,26.0,22
2025-04-11,PHC005,MED005,334,81,30.6,22,4,4,22.0,25.0,26.142857142857142,21
2025-04-12,PHC005,MED005,308,89,23.3,20,5,4,21.0,36.0,25.571428571428573,26
2025-04-13,PHC005,MED005,264,123,28.3,35,6,4,26.0,30.0,24.142857142857142,44
2025-04-14,PHC005,MED005,241,83,26.1,23,0,4,44.0,23.0,26.142857142857142,23
2025-04-15,PHC005,MED005,211,102,20.5,22,1,4,23.0,22.0,26.142857142857142,30
2025-04-16,PHC005,MED005,182,93,23.1,22,2,4,30.0,25.0,27.285714285714285,29
2025-04-17,PHC005,MED005,157,90,29.9,25,3,4,29.0,22.0,27.857142857142858,25
2025-04-18,PHC005,MED005,142,65,29.9,15,4,4,25.0,21.0,28.285714285714285,15
2025-04-19,PHC005,MED005,118,96,20.4,17,5,4,15.0,26.0,27.428571428571427,24
2025-04-20,PHC005,MED005,91,82,30.6,24,6,4,24.0,44.0,27.142857142857142,27
2025-04-21,PHC005,MED005,816,99,25.7,32,0,4,27.0,23.0,24.714285714285715,28
2025-04-22,PHC005,MED005,794,78,29.9,20,1,4,28.0,30.0,25.428571428571427,22
2025-04-23,PHC005,MED005,780,49,21.0,13,2,4,22.0,29.0,24.285714285714285,14
2025-04-24,PHC005,MED005,734,127,20.9,28,3,4,14.0,25.0,22.142857142857142,46
2025-04-25,PHC005,MED005,707,84,32.5,29,4,4,46.0,15.0,25.142857142857142,27
2025-04-26,PHC005,MED005,681,89,24.2,24,5,4,27.0,24.0,26.857142857142858,26
2025-04-27,PHC005,MED005,652,85,31.3,23,6,4,26.0,27.0,27.142857142857142,29
2025-04-28,PHC005,MED005,637,55,22.0,13,0,4,29.0,28.0,27.428571428571427,15
2025-04-29,PHC005,MED005,605,101,23.5,24,1,4,15.0,22.0,25.571428571428573,32
2025-04-30,PHC005,MED005,573,86,23.2,8,2,4,32.0,14.0,27.0,32
2025-05-01,PHC005,MED005,549,88,23.3,19,3,5,32.0,46.0,29.571428571428573,24
2025-05-02,PHC005,MED005,520,97,30.1,31,4,5,24.0,27.0,26.428571428571427,29
2025-05-03,PHC005,MED005,489,77,34.0,21,5,5,29.0,26.0,26.714285714285715,31
2025-05-04,PHC005,MED005,455,94,29.1,27,6,5,31.0,29.0,27.428571428571427,34
2025-05-05,PHC005,MED005,431,80,33.5,15,0,5,34.0,15.0,28.142857142857142,24
2025-05-06,PHC005,MED005,407,84,34.1,19,1,5,24.0,32.0,29.428571428571427,24
2025-05-07,PHC005,MED005,382,85,28.7,24,2,5,24.0,32.0,28.285714285714285,25
2025-05-08,PHC005,MED005,367,53,24.1,13,3,5,25.0,24.0,27.285714285714285,15
2025-05-09,PHC005,MED005,342,103,20.7,21,4,5,15.0,29.0,26.0,25
2025-05-10,PHC005,MED005,315,88,32.1,30,5,5,25.0,31.0,25.428571428571427,27
2025-05-11,PHC005,MED005,284,102,20.2,14,6,5,27.0,34.0,24.857142857142858,31
2025-05-12,PHC005,MED005,256,82,24.4,25,0,5,31.0,24.0,24.428571428571427,28
2025-05-13,PHC005,MED005,233,84,32.2,19,1,5,28.0,24.0,25.0,23
2025-05-14,PHC005,MED005,216,47,26.9,11,2,5,23.0,25.0,24.857142857142858,17
2025-05-15,PHC005,MED005,195,81,33.8,17,3,5,17.0,15.0,23.714285714285715,21
2025-05-16,PHC005,MED005,176,62,21.6,13,4,5,21.0,25.0,24.571428571428573,19
2025-05-17,PHC005,MED005,142,97,32.9,17,5,5,19.0,27.0,23.714285714285715,34
2025-05-18,PHC005,MED005,108,90,28.1,18,6,5,34.0,31.0,24.714285714285715,34
2025-05-19,PHC005,MED005,84,88,30.2,20,0,5,34.0,28.0,25.142857142857142,24
2025-05-20,PHC005,MED005,64,70,22.3,18,1,5,24.0,23.0,24.571428571428573,20
2025-05-21,PHC005,MED005,48,58,28.8,9,2,5,20.0,17.0,24.142857142857142,16
2025-05-22,PHC005,MED005,590,66,23.8,16,3,5,16.0,21.0,24.0,17
2025-05-23,PHC005,MED005,567,79,23.7,16,4,5,17.0,19.0,23.428571428571427,23
2025-05-24,PHC005,MED005,536,102,31.9,14,5,5,23.0,34.0,24.0,31
2025-05-25,PHC005,MED005,499,97,34.7,25,6,5,31.0,34.0,23.571428571428573,37
2025-05-26,PHC005,MED005,472,91,25.2,19,0,5,37.0,24.0,24.0,27
2025-05-27,PHC005,MED005,453,74,33.8,13,1,5,27.0,20.0,24.428571428571427,19
2025-05-28,PHC005,MED005,437,65,26.8,24,2,5,19.0,16.0,24.285714285714285,16
2025-05-29,PHC005,MED005,399,107,24.4,29,3,5,16.0,17.0,24.285714285714285,38
2025-05-30,PHC005,MED005,371,85,21.6,21,4,5,38.0,23.0,27.285714285714285,28
2025-05-31,PHC005,MED005,334,112,30.4,26,5,5,28.0,31.0,28.0,37
2025-06-01,PHC005,MED005,305,104,27.4,32,6,6,37.0,37.0,28.857142857142858,29
2025-06-02,PHC005,MED005,283,84,27.4,23,0,6,29.0,27.0,27.714285714285715,22
2025-06-03,PHC005,MED005,256,87,22.5,22,1,6,22.0,19.0,27.0,27
2025-06-04,PHC005,MED005,238,72,22.2,21,2,6,27.0,16.0,28.142857142857142,18
2025-06-05,PHC005,MED005,208,90,28.9,18,3,6,18.0,38.0,28.428571428571427,30
2025-06-06,PHC005,MED005,190,62,22.9,7,4,6,30.0,28.0,27.285714285714285,18
2025-06-07,PHC005,MED005,160,115,23.0,25,5,6,18.0,37.0,25.857142857142858,30
2025-06-08,PHC005,MED005,129,89,33.2,26,6,6,30.0,29.0,24.857142857142858,31
2025-06-09,PHC005,MED005,112,69,29.0,20,0,6,31.0,22.0,25.142857142857142,17
2025-06-10,PHC005,MED005,89,82,27.0,20,1,6,17.0,27.0,24.428571428571427,23
2025-06-11,PHC005,MED005,714,78,31.5,14,2,6,23.0,18.0,23.857142857142858,25
2025-06-12,PHC005,MED005,693,68,33.1,22,3,6,25.0,30.0,24.857142857142858,21
2025-06-13,PHC005,MED005,664,101,33.6,18,4,6,21.0,18.0,23.571428571428573,29
2025-06-14,PHC005,MED005,635,75,23.1,23,5,6,29.0,30.0,25.142857142857142,29
2025-06-15,PHC005,MED005,604,85,22.8,19,6,6,29.0,31.0,25.0,31
2025-06-16,PHC005,MED005,575,95,31.9,21,0,6,31.0,17.0,25.0,29
2025-06-17,PHC005,MED005,545,92,33.3,25,1,6,29.0,23.0,26.714285714285715,30
2025-06-18,PHC005,MED005,520,76,32.1,20,2,6,30.0,25.0,27.714285714285715,25
2025-06-19,PHC005,MED005,495,96,22.3,13,3,6,25.0,21.0,27.714285714285715,25
2025-06-20,PHC005,MED005,467,79,33.9,21,4,6,25.0,29.0,28.285714285714285,28
2025-06-21,PHC005,MED005,436,85,24.8,21,5,6,28.0,29.0,28.142857142857142,31
2025-06-22,PHC005,MED005,408,93,26.0,15,6,6,31.0,31.0,28.428571428571427,28
2025-06-23,PHC005,MED005,384,87,26.1,21,0,6,28.0,29.0,28.0,24
2025-06-24,PHC005,MED005,356,91,30.0,15,1,6,24.0,30.0,27.285714285714285,28
2025-06-25,PHC005,MED005,331,79,23.9,16,2,6,28.0,25.0,27.0,25
2025-06-26,PHC005,MED005,313,58,28.3,13,3,6,25.0,25.0,27.0,18
2025-06-27,PHC005,MED005,284,86,31.4,27,4,6,18.0,28.0,26.0,29
2025-06-28,PHC005,MED005,244,104,28.0,27,5,6,29.0,31.0,26.142857142857142,40
2025-06-29,PHC005,MED005,214,73,21.3,23,6,6,40.0,28.0,27.428571428571427,30
2025-01-08,PHC006,MED001,903,122,24.7,26,2,1,134.0,142.0,147.0,127
2025-01-09,PHC006,MED001,808,118,25.8,36,3,1,127.0,111.0,144.85714285714286,95
2025-01-10,PHC006,MED001,639,150,31.2,34,4,1,95.0,126.0,142.57142857142858,169
2025-01-11,PHC006,MED001,486,129,23.3,27,5,1,169.0,181.0,148.71428571428572,153
2025-01-12,PHC006,MED001,664,142,32.1,42,6,1,153.0,162.0,144.71428571428572,213
2025-01-13,PHC006,MED001,502,138,24.6,35,0,1,213.0,173.0,152.0,162
2025-01-14,PHC006,MED001,728,134,31.9,28,1,1,162.0,134.0,150.42857142857142,131
2025-01-15,PHC006,MED001,571,126,27.7,37,2,1,131.0,127.0,150.0,157
2025-01-16,PHC006,MED001,457,111,27.1,26,3,1,157.0,95.0,154.28571428571428,114
2025-01-17,PHC006,MED001,955,123,31.4,28,4,1,114.0,169.0,157.0,115
2025-01-18,PHC006,MED001,750,138,21.4,33,5,1,115.0,153.0,149.28571428571428,205
2025-01-19,PHC006,MED001,1303,161,21.7,46,6,1,205.0,213.0,156.71428571428572,195
2025-01-20,PHC006,MED001,1156,127,31.1,27,0,1,195.0,162.0,154.14285714285714,147
2025-01-21,PHC006,MED001,1021,128,20.9,24,1,1,147.0,131.0,152.0,135
2025-01-22,PHC006,MED001,856,137,28.2,36,2,1,135.0,157.0,152.57142857142858,165
2025-01-23,PHC006,MED001,679,132,24.8,35,3,1,165.0,114.0,153.71428571428572,177
2025-01-24,PHC006,MED001,1070,137,33.5,32,4,1,177.0,115.0,162.71428571428572,190
2025-01-25,PHC006,MED001,878,140,28.3,23,5,1,190.0,205.0,173.42857142857142,192
2025-01-26,PHC006,MED001,684,162,31.7,41,6,1,192.0,195.0,171.57142857142858,194
2025-01-27,PHC006,MED001,556,130,26.8,30,0,1,194.0,147.0,171.42857142857142,128
2025-01-28,PHC006,MED001,440,126,34.0,35,1,1,128.0,135.0,168.71428571428572,116
2025-01-29,PHC006,MED001,814,135,28.3,31,2,1,116.0,165.0,166.0,182
2025-01-30,PHC006,MED001,700,109,31.8,23,3,1,182.0,177.0,168.42857142857142,114
2025-01-31,PHC006,MED001,551,139,27.3,33,4,1,114.0,190.0,159.42857142857142,149
2025-02-01,PHC006,MED001,946,145,29.5,34,5,2,149.0,192.0,153.57142857142858,182
2025-02-02,PHC006,MED001,731,170,31.5,38,6,2,182.0,194.0,152.14285714285714,215
2025-02-03,PHC006,MED001,558,144,34.5,36,0,2,215.0,128.0,155.14285714285714,173
2025-02-04,PHC006,MED001,811,160,22.8,48,1,2,173.0,116.0,161.57142857142858,149
2025-02-05,PHC006,MED001,712,106,22.3,32,2,2,149.0,182.0,166.28571428571428,99
2025-02-06,PHC006,MED001,586,115,31.0,20,3,2,99.0,114.0,154.42857142857142,126
2025-02-07,PHC006,MED001,979,161,32.8,33,4,2,126.0,149.0,156.14285714285714,177
2025-02-08,PHC006,MED001,823,125,31.5,32,5,2,177.0,182.0,160.14285714285714,156
2025-02-09,PHC006,MED001,650,147,25.8,42,6,2,156.0,215.0,156.42857142857142,173
2025-02-10,PHC006,MED001,536,120,29.4,25,0,2,173.0,173.0,150.42857142857142,114
2025-02-11,PHC006,MED001,732,143,28.1,46,1,2,114.0,149.0,142.0,155
2025-02-12,PHC006,MED001,566,146,23.7,29,2,2,155.0,99.0,142.85714285714286,166
2025-02-13,PHC006,MED001,450,133,21.8,23,3,2,166.0,126.0,152.42857142857142,116
2025-02-14,PHC006,MED001,883,149,25.3,33,4,2,116.0,177.0,151.0,140
2025-02-15,PHC006,MED001,731,138,24.5,30,5,2,140.0,156.0,145.71428571428572,152
2025-02-16,PHC006,MED001,889,143,30.1,33,6,2,152.0,173.0,145.14285714285714,219
2025-02-17,PHC006,MED001,766,127,30.4,30,0,2,219.0,114.0,151.71428571428572,123
2025-02-18,PHC006,MED001,629,137,31.5,28,1,2,123.0,155.0,153.0,137
2025-02-19,PHC006,MED001,505,120,26.7,31,2,2,137.0,166.0,150.42857142857142,124
2025-02-20,PHC006,MED001,769,123,28.5,36,3,2,124.0,116.0,144.42857142857142,150
2025-02-21,PHC006,MED001,646,125,29.4,25,4,2,150.0,140.0,149.28571428571428,123
2025-02-22,PHC006,MED001,713,165,24.5,41,5,2,123.0,152.0,146.85714285714286,244
2025-02-23,PHC006,MED001,1098,171,22.1,36,6,2,244.0,219.0,160.0,231
2025-02-24,PHC006,MED001,958,112,35.0,31,0,2,231.0,123.0,161.71428571428572,140
2025-02-25,PHC006,MED001,821,135,28.4,29,1,2,140.0,137.0,164.14285714285714,137
2025-02-26,PHC006,MED001,703,110,24.6,25,2,2,137.0,124.0,164.14285714285714,118
2025-02-27,PHC006,MED001,551,119,28.6,25,3,2,118.0,150.0,163.28571428571428,152
2025-02-28,PHC006,MED001,1134,124,27.6,32,4,2,152.0,123.0,163.57142857142858,150
2025-03-01,PHC006,MED001,955,123,23.6,29,5,3,150.0,244.0,167.42857142857142,179
2025-03-02,PHC006,MED001,757,158,29.4,34,6,3,179.0,231.0,158.14285714285714,198
2025-03-03,PHC006,MED001,605,152,35.0,31,0,3,198.0,140.0,153.42857142857142,152
2025-03-04,PHC006,MED001,477,124,20.4,37,1,3,152.0,137.0,155.14285714285714,128
2025-03-05,PHC006,MED001,856,131,27.7,26,2,3,128.0,118.0,153.85714285714286,122
2025-03-06,PHC006,MED001,684,139,22.6,31,3,3,122.0,152.0,154.42857142857142,172
2025-03-07,PHC006,MED001,583,91,26.9,24,4,3,172.0,150.0,157.28571428571428,101
2025-03-08,PHC006,MED001,770,139,29.0,37,5,3,101.0,179.0,150.28571428571428,204
2025-03-09,PHC006,MED001,886,159,25.4,38,6,3,204.0,198.0,153.85714285714286,237
2025-03-10,PHC006,MED001,759,129,33.2,32,0,3,237.0,152.0,159.42857142857142,127
2025-03-11,PHC006,MED001,630,125,27.2,30,1,3,127.0,128.0,155.85714285714286,129
2025-03-12,PHC006,MED001,516,120,23.6,24,2,3,129.0,122.0,156.0,114
2025-03-13,PHC006,MED001,411,119,21.6,33,3,3,114.0,172.0,154.85714285714286,105
2025-03-14,PHC006,MED001,982,104,23.5,37,4,3,105.0,101.0,145.28571428571428,132
2025-03-15,PHC006,MED001,757,179,20.0,44,5,3,132.0,204.0,149.71428571428572,225
2025-03-16,PHC006,MED001,1314,162,25.9,41,6,3,225.0,237.0,152.71428571428572,197
2025-03-17,PHC006,MED001,1196,123,29.7,35,0,3,197.0,127.0,147.0,118
2025-03-18,PHC006,MED001,1021,168,25.4,43,1,3,118.0,129.0,145.71428571428572,175
2025-03-19,PHC006,MED001,872,148,26.6,37,2,3,175.0,114.0,152.28571428571428,149
2025-03-20,PHC006,MED001,777,101,34.9,22,3,3,149.0,105.0,157.28571428571428,95
2025-03-21,PHC006,MED001,627,137,30.8,28,4,3,95.0,132.0,155.85714285714286,150
2025-03-22,PHC006,MED001,776,156,27.1,39,5,3,150.0,225.0,158.42857142857142,168
2025-03-23,PHC006,MED001,1057,159,23.1,46,6,3,168.0,197.0,150.28571428571428,209
2025-03-24,PHC006,MED001,894,135,23.5,32,0,3,209.0,118.0,152.0,163
2025-03-25,PHC006,MED001,759,123,28.9,33,1,3,163.0,175.0,158.42857142857142,135
2025-03-26,PHC006,MED001,572,146,30.0,38,2,3,135.0,149.0,152.71428571428572,187
2025-03-27,PHC006,MED001,447,124,25.6,39,3,3,187.0,95.0,158.14285714285714,125
2025-03-28,PHC006,MED001,1068,128,22.1,33,4,3,125.0,150.0,162.42857142857142,145
2025-03-29,PHC006,MED001,861,141,33.1,31,5,3,145.0,168.0,161.71428571428572,207
2025-03-30,PHC006,MED001,981,171,31.5,51,6,3,207.0,209.0,167.28571428571428,243
2025-03-31,PHC006,MED001,816,156,23.2,35,0,3,243.0,163.0,172.14285714285714,165
2025-04-01,PHC006,MED001,682,114,26.6,22,1,4,165.0,135.0,172.42857142857142,134
2025-04-02,PHC006,MED001,543,132,28.1,28,2,4,134.0,187.0,172.28571428571428,139
2025-04-03,PHC006,MED001,425,124,29.0,26,3,4,139.0,125.0,165.42857142857142,118
2025-04-04,PHC006,MED001,698,121,23.5,37,4,4,118.0,145.0,164.42857142857142,142
2025-04-05,PHC006,MED001,993,142,21.2,40,5,4,142.0,207.0,164.0,183
2025-04-06,PHC006,MED001,787,159,32.4,40,6,4,183.0,243.0,160.57142857142858,206
2025-04-07,PHC006,MED001,666,133,31.1,32,0,4,206.0,165.0,155.28571428571428,121
2025-04-08,PHC006,MED001,529,143,21.0,46,1,4,121.0,134.0,149.0,137
2025-04-09,PHC006,MED001,410,126,33.8,25,2,4,137.0,139.0,149.42857142857142,119
2025-04-10,PHC006,MED001,862,113,31.6,25,3,4,119.0,118.0,146.57142857142858,122
2025-04-11,PHC006,MED001,762,114,29.3,22,4,4,122.0,142.0,147.14285714285714,100
2025-04-12,PHC006,MED001,573,140,22.7,33,5,4,100.0,183.0,141.14285714285714,189
2025-04-13,PHC006,MED001,719,144,32.6,33,6,4,189.0,206.0,142.0,205
2025-04-14,PHC006,MED001,1013,152,24.9,26,0,4,205.0,121.0,141.85714285714286,194
2025-04-15,PHC006,MED001,870,117,20.8,25,1,4,194.0,137.0,152.28571428571428,143
2025-04-16,PHC006,MED001,751,120,29.0,26,2,4,143.0,119.0,153.14285714285714,119
2025-04-17,PHC006,MED001,610,128,24.0,37,3,4,119.0,122.0,153.14285714285714,141
2025-04-18,PHC006,MED001,1169,143,24.5,37,4,4,141.0,100.0,155.85714285714286,188
2025-04-19,PHC006,MED001,988,124,31.0,29,5,4,188.0,189.0,168.42857142857142,181
2025-04-20,PHC006,MED001,772,166,24.5,36,6,4,181.0,205.0,167.28571428571428,216
2025-04-21,PHC006,MED001,632,136,23.0,27,0,4,216.0,194.0,168.85714285714286,140
2025-04-22,PHC006,MED001,1010,160,27.3,41,1,4,140.0,143.0,161.14285714285714,195
2025-04-23,PHC006,MED001,889,139,27.9,35,2,4,195.0,119.0,168.57142857142858,121
2025-04-24,PHC006,MED001,723,144,32.4,39,3,4,121.0,141.0,168.85714285714286,166
2025-04-25,PHC006,MED001,585,109,22.7,26,4,4,166.0,188.0,172.42857142857142,138
2025-04-26,PHC006,MED001,990,141,32.2,24,5,4,138.0,181.0,165.28571428571428,180
2025-04-27,PHC006,MED001,770,173,27.2,46,6,4,180.0,216.0,165.14285714285714,220
2025-04-28,PHC006,MED001,641,129,24.7,34,0,4,220.0,140.0,165.71428571428572,129
2025-04-29,PHC006,MED001,491,138,26.7,35,1,4,129.0,195.0,164.14285714285714,150
2025-04-30,PHC006,MED001,915,142,30.9,29,2,4,150.0,121.0,157.71428571428572,123
2025-05-01,PHC006,MED001,806,139,20.8,26,3,5,123.0,166.0,158.0,109
2025-05-02,PHC006,MED001,656,127,22.8,27,4,5,109.0,138.0,149.85714285714286,150
2025-05-03,PHC006,MED001,516,146,21.3,41,5,5,150.0,180.0,151.57142857142858,140
2025-05-04,PHC006,MED001,1122,152,26.0,44,6,5,140.0,220.0,145.85714285714286,171
2025-05-05,PHC006,MED001,993,141,23.1,36,0,5,171.0,129.0,138.85714285714286,129
2025-05-06,PHC006,MED001,862,141,29.4,25,1,5,129.0,150.0,138.85714285714286,131
2025-05-07,PHC006,MED001,776,93,25.1,28,2,5,131.0,123.0,136.14285714285714,86
2025-05-08,PHC006,MED001,674,117,21.7,31,3,5,86.0,109.0,130.85714285714286,102
2025-05-09,PHC006,MED001,573,110,27.2,26,4,5,102.0,150.0,129.85714285714286,101
2025-05-10,PHC006,MED001,737,140,30.6,36,5,5,101.0,140.0,122.85714285714286,219
2025-05-11,PHC006,MED001,558,154,28.9,39,6,5,219.0,171.0,134.14285714285714,179
2025-05-12,PHC006,MED001,1086,118,25.8,27,0,5,179.0,129.0,135.28571428571428,148
2025-05-13,PHC006,MED001,921,153,24.5,34,1,5,148.0,131.0,138.0,165
2025-05-14,PHC006,MED001,834,97,28.7,20,2,5,165.0,86.0,142.85714285714286,87
2025-05-15,PHC006,MED001,701,111,33.2,30,3,5,87.0,102.0,143.0,133
2025-05-16,PHC006,MED001,573,101,25.2,21,4,5,133.0,101.0,147.42857142857142,128
2025-05-17,PHC006,MED001,802,113,31.1,26,5,5,128.0,219.0,151.28571428571428,144
2025-05-18,PHC006,MED001,606,144,26.9,43,6,5,144.0,179.0,140.57142857142858,196
2025-05-19,PHC006,MED001,492,108,29.9,25,0,5,196.0,148.0,143.0,114
2025-05-20,PHC006,MED001,950,125,22.8,35,1,5,114.0,165.0,138.14285714285714,153
2025-05-21,PHC006,MED001,776,143,21.2,32,2,5,153.0,87.0,136.42857142857142,174
2025-05-22,PHC006,MED001,639,130,34.5,28,3,5,174.0,133.0,148.85714285714286,137
2025-05-23,PHC006,MED001,1019,153,31.8,34,4,5,137.0,128.0,149.42857142857142,174
2025-05-24,PHC006,MED001,854,139,34.9,34,5,5,174.0,144.0,156.0,165
2025-05-25,PHC006,MED001,654,155,22.7,38,6,5,165.0,196.0,159.0,200
2025-05-26,PHC006,MED001,508,133,26.5,28,0,5,200.0,114.0,159.57142857142858,146
2025-05-27,PHC006,MED001,423,104,28.7,24,1,5,146.0,153.0,164.14285714285714,85
2025-05-28,PHC006,MED001,786,101,34.2,26,2,5,85.0,174.0,154.42857142857142,109
2025-05-29,PHC006,MED001,666,101,20.3,20,3,5,109.0,137.0,145.14285714285714,120
2025-05-30,PHC006,MED001,565,108,28.6,33,4,5,120.0,174.0,142.71428571428572,101
2025-05-31,PHC006,MED001,764,165,26.7,33,5,5,101.0,165.0,132.28571428571428,176
2025-06-01,PHC006,MED001,603,142,26.3,30,6,6,176.0,200.0,133.85714285714286,161
2025-06-02,PHC006,MED001,479,136,25.6,42,0,6,161.0,146.0,128.28571428571428,124
2025-06-03,PHC006,MED001,379,113,20.3,28,1,6,124.0,85.0,125.14285714285714,100
2025-06-04,PHC006,MED001,608,122,20.2,17,2,6,100.0,109.0,127.28571428571429,135
2025-06-05,PHC006,MED001,487,118,31.2,29,3,6,135.0,120.0,131.0,121
2025-06-06,PHC006,MED001,871,137,28.8,36,4,6,121.0,101.0,131.14285714285714,188
2025-06-07,PHC006,MED001,667,151,27.1,42,5,6,188.0,176.0,143.57142857142858,204
2025-06-08,PHC006,MED001,1054,168,25.2,49,6,6,204.0,161.0,147.57142857142858,206
2025-06-09,PHC006,MED001,891,145,32.4,41,0,6,206.0,124.0,154.0,163
2025-06-10,PHC006,MED001,728,138,30.8,25,1,6,163.0,100.0,159.57142857142858,163
2025-06-11,PHC006,MED001,596,133,30.7,36,2,6,163.0,135.0,168.57142857142858,132
2025-06-12,PHC006,MED001,465,131,25.1,34,3,6,132.0,121.0,168.14285714285714,131
2025-06-13,PHC006,MED001,353,104,26.0,21,4,6,131.0,188.0,169.57142857142858,112
2025-06-14,PHC006,MED001,783,154,30.4,37,5,6,112.0,204.0,158.71428571428572,160
2025-06-15,PHC006,MED001,909,147,32.0,36,6,6,160.0,206.0,152.42857142857142,204
2025-06-16,PHC006,MED001,732,123,28.2,24,0,6,204.0,163.0,152.14285714285714,177
2025-06-17,PHC006,MED001,612,123,25.5,33,1,6,177.0,163.0,154.14285714285714,120
2025-06-18,PHC006,MED001,475,145,23.7,34,2,6,120.0,132.0,148.0,137
2025-06-19,PHC006,MED001,369,105,27.3,27,3,6,137.0,131.0,148.71428571428572,106
2025-06-20,PHC006,MED001,711,134,33.2,37,4,6,106.0,112.0,145.14285714285714,159
2025-06-21,PHC006,MED001,1250,156,29.9,45,5,6,159.0,160.0,151.85714285714286,190
2025-06-22,PHC006,MED001,1115,137,27.3,34,6,6,190.0,204.0,156.14285714285714,135
2025-06-23,PHC006,MED001,968,137,31.5,29,0,6,135.0,177.0,146.28571428571428,147
2025-06-24,PHC006,MED001,831,128,33.7,32,1,6,147.0,120.0,142.0,137
2025-06-25,PHC006,MED001,656,147,21.0,33,2,6,137.0,137.0,144.42857142857142,175
2025-06-26,PHC006,MED001,1001,125,20.5,26,3,6,175.0,106.0,149.85714285714286,191
2025-06-27,PHC006,MED001,821,164,33.4,45,4,6,191.0,159.0,162.0,180
2025-06-28,PHC006,MED001,660,133,29.5,41,5,6,180.0,190.0,165.0,161
2025-06-29,PHC006,MED001,821,175,21.9,48,6,6,161.0,135.0,160.85714285714286,235
2025-01-08,PHC006,MED002,811,122,31.5,33,2,1,143.0,101.0,122.28571428571429,109
2025-01-09,PHC006,MED002,713,125,26.8,38,3,1,109.0,109.0,123.42857142857143,98
2025-01-10,PHC006,MED002,601,142,30.6,37,4,1,98.0,115.0,121.85714285714286,112
2025-01-11,PHC006,MED002,996,161,28.1,32,5,1,112.0,163.0,121.42857142857143,156
2025-01-12,PHC006,MED002,855,143,22.9,38,6,1,156.0,106.0,120.42857142857143,141
2025-01-13,PHC006,MED002,765,119,28.3,25,0,1,141.0,119.0,125.42857142857143,90
2025-01-14,PHC006,MED002,656,126,32.5,35,1,1,90.0,143.0,121.28571428571429,109
2025-01-15,PHC006,MED002,545,126,32.4,39,2,1,109.0,109.0,116.42857142857143,111
2025-01-16,PHC006,MED002,426,164,33.5,33,3,1,111.0,98.0,116.71428571428571,119
2025-01-17,PHC006,MED002,335,119,27.0,29,4,1,119.0,112.0,119.71428571428571,91
2025-01-18,PHC006,MED002,653,137,23.2,26,5,1,91.0,156.0,116.71428571428571,127
2025-01-19,PHC006,MED002,1098,150,32.4,32,6,1,127.0,141.0,112.57142857142857,164
2025-01-20,PHC006,MED002,979,142,34.1,46,0,1,164.0,90.0,115.85714285714286,119
2025-01-21,PHC006,MED002,883,119,29.6,34,1,1,119.0,109.0,120.0,96
2025-01-22,PHC006,MED002,778,131,25.2,27,2,1,96.0,111.0,118.14285714285714,105
2025-01-23,PHC006,MED002,639,138,33.9,21,3,1,105.0,119.0,117.28571428571429,139
2025-01-24,PHC006,MED002,529,141,21.3,37,4,1,139.0,91.0,120.14285714285714,110
2025-01-25,PHC006,MED002,798,170,26.8,44,5,1,110.0,127.0,122.85714285714286,174
2025-01-26,PHC006,MED002,644,157,30.4,40,6,1,174.0,164.0,129.57142857142858,154
2025-01-27,PHC006,MED002,551,118,24.1,20,0,1,154.0,119.0,128.14285714285714,93
2025-01-28,PHC006,MED002,429,126,32.6,25,1,1,93.0,96.0,124.42857142857143,122
2025-01-29,PHC006,MED002,327,126,27.2,30,2,1,122.0,105.0,128.14285714285714,102
2025-01-30,PHC006,MED002,805,124,31.3,29,3,1,102.0,139.0,127.71428571428571,100
2025-01-31,PHC006,MED002,709,132,31.0,32,4,1,100.0,110.0,122.14285714285714,96
2025-02-01,PHC006,MED002,572,145,34.0,33,5,2,96.0,174.0,120.14285714285714,137
2025-02-02,PHC006,MED002,1122,141,25.6,37,6,2,137.0,154.0,114.85714285714286,156
2025-02-03,PHC006,MED002,1014,128,24.0,34,0,2,156.0,93.0,115.14285714285714,108
2025-02-04,PHC006,MED002,905,146,23.2,31,1,2,108.0,122.0,117.28571428571429,109
2025-02-05,PHC006,MED002,804,133,22.9,34,2,2,109.0,102.0,115.42857142857143,101
2025-02-06,PHC006,MED002,709,117,30.3,32,3,2,101.0,100.0,115.28571428571429,95
2025-02-07,PHC006,MED002,582,146,30.4,39,4,2,95.0,96.0,114.57142857142857,127
2025-02-08,PHC006,MED002,1106,165,22.3,51,5,2,127.0,137.0,119.0,175
2025-02-09,PHC006,MED002,982,153,32.0,39,6,2,175.0,156.0,124.42857142857143,124
2025-02-10,PHC006,MED002,893,128,25.4,30,0,2,124.0,108.0,119.85714285714286,89
2025-02-11,PHC006,MED002,779,139,27.1,39,1,2,89.0,109.0,117.14285714285714,114
2025-02-12,PHC006,MED002,657,127,27.4,33,2,2,114.0,101.0,117.85714285714286,122
2025-02-13,PHC006,MED002,531,157,32.0,38,3,2,122.0,95.0,120.85714285714286,126
2025-02-14,PHC006,MED002,420,133,22.8,38,4,2,126.0,127.0,125.28571428571429,111
2025-02-15,PHC006,MED002,1012,127,23.1,32,5,2,111.0,175.0,123.0,124
2025-02-16,PHC006,MED002,858,145,27.6,37,6,2,124.0,124.0,115.71428571428571,154
2025-02-17,PHC006,MED002,764,115,20.4,25,0,2,154.0,89.0,120.0,94
2025-02-18,PHC006,MED002,650,135,33.8,29,1,2,94.0,114.0,120.71428571428571,114
2025-02-19,PHC006,MED002,601,105,21.7,31,2,2,114.0,122.0,120.71428571428571,49
2025-02-20,PHC006,MED002,485,143,34.5,43,3,2,49.0,126.0,110.28571428571429,116
2025-02-21,PHC006,MED002,369,129,20.8,32,4,2,116.0,111.0,108.85714285714286,116
2025-02-22,PHC006,MED002,972,176,31.4,42,5,2,116.0,124.0,109.57142857142857,159
2025-02-23,PHC006,MED002,791,174,21.4,46,6,2,159.0,154.0,114.57142857142857,181
2025-02-24,PHC006,MED002,681,122,22.7,32,0,2,181.0,94.0,118.42857142857143,110
2025-02-25,PHC006,MED002,563,123,33.7,41,1,2,110.0,114.0,120.71428571428571,118
2025-02-26,PHC006,MED002,456,128,24.1,31,2,2,118.0,49.0,121.28571428571429,107
2025-02-27,PHC006,MED002,381,113,25.6,33,3,2,107.0,116.0,129.57142857142858,75
2025-02-28,PHC006,MED002,678,151,26.3,38,4,2,75.0,116.0,123.71428571428571,118
2025-03-01,PHC006,MED002,551,139,21.2,39,5,3,118.0,159.0,124.0,127
2025-03-02,PHC006,MED002,777,121,30.8,32,6,3,127.0,181.0,119.42857142857143,142
2025-03-03,PHC006,MED002,661,135,30.4,33,0,3,142.0,110.0,113.85714285714286,116
2025-03-04,PHC006,MED002,566,117,25.7,26,1,3,116.0,118.0,114.71428571428571,95
2025-03-05,PHC006,MED002,471,134,34.0,31,2,3,95.0,107.0,111.42857142857143,95
2025-03-06,PHC006,MED002,408,104,22.6,21,3,3,95.0,75.0,109.71428571428571,63
2025-03-07,PHC006,MED002,1007,142,31.0,43,4,3,63.0,118.0,108.0,111
2025-03-08,PHC006,MED002,913,133,27.2,32,5,3,111.0,127.0,107.0,94
2025-03-09,PHC006,MED002,769,162,21.9,47,6,3,94.0,142.0,102.28571428571429,144
2025-03-10,PHC006,MED002,716,74,33.6,22,0,3,144.0,116.0,102.57142857142857,53
2025-03-11,PHC006,MED002,612,129,31.2,31,1,3,53.0,95.0,93.57142857142857,104
2025-03-12,PHC006,MED002,520,109,34.6,30,2,3,104.0,95.0,94.85714285714286,92
2025-03-13,PHC006,MED002,415,128,32.7,36,3,3,92.0,63.0,94.42857142857143,105
2025-03-14,PHC006,MED002,321,140,20.7,38,4,3,105.0,111.0,100.42857142857143,94
2025-03-15,PHC006,MED002,994,162,31.5,41,5,3,94.0,94.0,98.0,109
2025-03-16,PHC006,MED002,866,163,34.4,39,6,3,109.0,144.0,100.14285714285714,128
2025-03-17,PHC006,MED002,807,109,24.2,30,0,3,128.0,53.0,97.85714285714286,59
2025-03-18,PHC006,MED002,689,127,26.7,37,1,3,59.0,104.0,98.71428571428571,118
2025-03-19,PHC006,MED002,577,124,27.9,35,2,3,118.0,92.0,100.71428571428571,112
2025-03-20,PHC006,MED002,472,122,22.2,35,3,3,112.0,105.0,103.57142857142857,105
2025-03-21,PHC006,MED002,372,122,30.9,33,4,3,105.0,94.0,103.57142857142857,100
2025-03-22,PHC006,MED002,998,139,33.0,27,5,3,100.0,109.0,104.42857142857143,123
2025-03-23,PHC006,MED002,834,159,20.9,40,6,3,123.0,128.0,106.42857142857143,164
2025-03-24,PHC006,MED002,718,147,23.7,37,0,3,164.0,59.0,111.57142857142857,116
2025-03-25,PHC006,MED002,585,152,21.7,34,1,3,116.0,118.0,119.71428571428571,133
2025-03-26,PHC006,MED002,452,147,28.6,36,2,3,133.0,112.0,121.85714285714286,133
2025-03-27,PHC006,MED002,388,73,32.0,20,3,3,133.0,105.0,124.85714285714286,64
2025-03-28,PHC006,MED002,890,166,32.8,43,4,3,64.0,100.0,119.0,119
2025-03-29,PHC006,MED002,718,165,30.3,43,5,3,119.0,123.0,121.71428571428571,172
2025-03-30,PHC006,MED002,589,153,32.5,43,6,3,172.0,164.0,128.71428571428572,129
2025-03-31,PHC006,MED002,512,97,30.7,19,0,3,129.0,116.0,123.71428571428571,77
2025-04-01,PHC006,MED002,419,131,31.9,32,1,4,77.0,133.0,118.14285714285714,93
2025-04-02,PHC006,MED002,1076,145,32.8,37,2,4,93.0,133.0,112.42857142857143,108
2025-04-03,PHC006,MED002,988,113,23.9,26,3,4,108.0,64.0,108.85714285714286,88
2025-04-04,PHC006,MED002,894,134,34.6,41,4,4,88.0,119.0,112.28571428571429,94
2025-04-05,PHC006,MED002,776,126,23.7,30,5,4,94.0,172.0,108.71428571428571,118
2025-04-06,PHC006,MED002,673,153,21.2,44,6,4,118.0,129.0,101.0,103
2025-04-07,PHC006,MED002,560,155,24.8,44,0,4,103.0,77.0,97.28571428571429,113
2025-04-08,PHC006,MED002,465,113,27.5,25,1,4,113.0,93.0,102.42857142857143,95
2025-04-09,PHC006,MED002,353,131,24.6,19,2,4,95.0,108.0,102.71428571428571,112
2025-04-10,PHC006,MED002,713,127,20.2,31,3,4,112.0,88.0,103.28571428571429,125
2025-04-11,PHC006,MED002,616,136,24.2,42,4,4,125.0,94.0,108.57142857142857,97
2025-04-12,PHC006,MED002,900,157,29.0,34,5,4,97.0,118.0,109.0,161
2025-04-13,PHC006,MED002,789,128,32.9,28,6,4,161.0,103.0,115.14285714285714,111
2025-04-14,PHC006,MED002,680,133,22.1,34,0,4,111.0,113.0,116.28571428571429,109
2025-04-15,PHC006,MED002,566,147,32.2,31,1,4,109.0,95.0,115.71428571428571,114
2025-04-16,PHC006,MED002,469,111,33.8,32,2,4,114.0,112.0,118.42857142857143,97
2025-04-17,PHC006,MED002,369,119,28.9,24,3,4,97.0,125.0,116.28571428571429,100
2025-04-18,PHC006,MED002,281,90,22.1,28,4,4,100.0,97.0,112.71428571428571,88
2025-04-19,PHC006,MED002,527,131,21.1,31,5,4,88.0,161.0,111.42857142857143,123
2025-04-20,PHC006,MED002,1164,162,25.4,31,6,4,123.0,111.0,106.0,160
2025-04-21,PHC006,MED002,1046,134,34.3,37,0,4,160.0,109.0,113.0,118
2025-04-22,PHC006,MED002,897,178,22.4,48,1,4,118.0,114.0,114.28571428571429,149
2025-04-23,PHC006,MED002,785,150,34.3,42,2,4,149.0,97.0,119.28571428571429,112
2025-04-24,PHC006,MED002,687,125,34.1,23,3,4,112.0,100.0,121.42857142857143,98
2025-04-25,PHC006,MED002,596,111,34.6,21,4,4,98.0,88.0,121.14285714285714,91
2025-04-26,PHC006,MED002,482,151,21.7,32,5,4,91.0,123.0,121.57142857142857,114
2025-04-27,PHC006,MED002,615,165,22.6,42,6,4,114.0,160.0,120.28571428571429,179
2025-04-28,PHC006,MED002,500,134,23.6,35,0,4,179.0,118.0,123.0,115
2025-04-29,PHC006,MED002,768,133,21.3,34,1,4,115.0,149.0,122.57142857142857,134
2025-04-30,PHC006,MED002,679,106,31.0,29,2,4,134.0,112.0,120.42857142857143,89
2025-05-01,PHC006,MED002,555,143,25.3,33,3,5,89.0,98.0,117.14285714285714,124
2025-05-02,PHC006,MED002,426,145,25.6,35,4,5,124.0,91.0,120.85714285714286,129
2025-05-03,PHC006,MED002,1059,133,31.3,33,5,5,129.0,114.0,126.28571428571429,123
2025-05-04,PHC006,MED002,952,176,23.9,42,6,5,123.0,179.0,127.57142857142857,107
2025-05-05,PHC006,MED002,867,126,33.1,32,0,5,107.0,115.0,117.28571428571429,85
2025-05-06,PHC006,MED002,787,103,23.3,30,1,5,85.0,134.0,113.0,80
2025-05-07,PHC006,MED002,689,119,34.5,26,2,5,80.0,89.0,105.28571428571429,98
2025-05-08,PHC006,MED002,572,133,30.8,33,3,5,98.0,124.0,106.57142857142857,117
2025-05-09,PHC006,MED002,469,142,34.5,21,4,5,117.0,129.0,105.57142857142857,103
2025-05-10,PHC006,MED002,632,175,34.4,43,5,5,103.0,123.0,101.85714285714286,179
2025-05-11,PHC006,MED002,487,133,22.5,33,6,5,179.0,107.0,109.85714285714286,145
2025-05-12,PHC006,MED002,397,120,26.9,29,0,5,145.0,85.0,115.28571428571429,90
2025-05-13,PHC006,MED002,309,143,34.8,34,1,5,90.0,80.0,116.0,88
2025-05-14,PHC006,MED002,875,127,25.3,30,2,5,88.0,98.0,117.14285714285714,91
2025-05-15,PHC006,MED002,765,137,32.8,22,3,5,91.0,117.0,116.14285714285714,110
2025-05-16,PHC006,MED002,667,135,33.3,42,4,5,110.0,103.0,115.14285714285714,98
2025-05-17,PHC006,MED002,527,133,27.7,36,5,5,98.0,179.0,114.42857142857143,140
2025-05-18,PHC006,MED002,774,126,21.2,29,6,5,140.0,145.0,108.85714285714286,134
2025-05-19,PHC006,MED002,655,110,25.4,24,0,5,134.0,90.0,107.28571428571429,119
2025-05-20,PHC006,MED002,531,138,27.5,39,1,5,119.0,88.0,111.42857142857143,124
2025-05-21,PHC006,MED002,433,116,22.2,29,2,5,124.0,91.0,116.57142857142857,98
2025-05-22,PHC006,MED002,828,159,24.6,41,3,5,98.0,110.0,117.57142857142857,119
2025-05-23,PHC006,MED002,698,147,28.2,30,4,5,119.0,98.0,118.85714285714286,130
2025-05-24,PHC006,MED002,537,146,32.7,32,5,5,130.0,140.0,123.42857142857143,161
2025-05-25,PHC006,MED002,414,129,22.5,27,6,5,161.0,134.0,126.42857142857143,123
2025-05-26,PHC006,MED002,992,155,30.4,43,0,5,123.0,119.0,124.85714285714286,132
2025-05-27,PHC006,MED002,873,123,31.5,39,1,5,132.0,124.0,126.71428571428571,119
2025-05-28,PHC006,MED002,752,143,28.3,32,2,5,119.0,98.0,126.0,121
2025-05-29,PHC006,MED002,661,113,20.0,27,3,5,121.0,119.0,129.28571428571428,91
2025-05-30,PHC006,MED002,542,119,31.8,30,4,5,91.0,130.0,125.28571428571429,119
2025-05-31,PHC006,MED002,439,119,32.1,29,5,5,119.0,161.0,123.71428571428571,103
2025-06-01,PHC006,MED002,805,130,28.1,30,6,6,103.0,123.0,115.42857142857143,141
2025-06-02,PHC006,MED002,714,104,20.3,31,0,6,141.0,132.0,118.0,91
2025-06-03,PHC006,MED002,632,106,22.4,29,1,6,91.0,119.0,112.14285714285714,82
2025-06-04,PHC006,MED002,528,138,29.8,31,2,6,82.0,121.0,106.85714285714286,104
2025-06-05,PHC006,MED002,883,156,21.8,42,3,6,104.0,91.0,104.42857142857143,150
2025-06-06,PHC006,MED002,789,149,34.3,39,4,6,150.0,119.0,112.85714285714286,94
2025-06-07,PHC006,MED002,632,161,30.7,40,5,6,94.0,103.0,109.28571428571429,157
2025-06-08,PHC006,MED002,498,137,20.8,29,6,6,157.0,141.0,117.0,134
2025-06-09,PHC006,MED002,393,132,28.9,36,0,6,134.0,91.0,116.0,105
2025-06-10,PHC006,MED002,301,110,29.1,25,1,6,105.0,82.0,118.0,92
2025-06-11,PHC006,MED002,654,127,20.2,32,2,6,92.0,104.0,119.42857142857143,99
2025-06-12,PHC006,MED002,521,144,21.8,33,3,6,99.0,150.0,118.71428571428571,133
2025-06-13,PHC006,MED002,424,143,27.0,35,4,6,133.0,94.0,116.28571428571429,97
2025-06-14,PHC006,MED002,774,140,31.7,30,5,6,97.0,157.0,116.71428571428571,148
2025-06-15,PHC006,MED002,630,161,34.8,42,6,6,148.0,134.0,115.42857142857143,144
2025-06-16,PHC006,MED002,519,114,34.7,34,0,6,144.0,105.0,116.85714285714286,111
2025-06-17,PHC006,MED002,398,128,24.3,31,1,6,111.0,92.0,117.71428571428571,121
2025-06-18,PHC006,MED002,877,146,27.9,35,2,6,121.0,99.0,121.85714285714286,142
2025-06-19,PHC006,MED002,787,104,26.6,28,3,6,142.0,133.0,128.0,90
2025-06-20,PHC006,MED002,649,132,30.6,39,4,6,90.0,97.0,121.85714285714286,138
2025-06-21,PHC006,MED002,513,153,32.6,31,5,6,138.0,148.0,127.71428571428571,136
2025-06-22,PHC006,MED002,401,147,22.1,36,6,6,136.0,144.0,126.0,112
2025-06-23,PHC006,MED002,304,134,34.2,32,0,6,112.0,111.0,121.42857142857143,97
2025-06-24,PHC006,MED002,979,132,30.4,33,1,6,97.0,121.0,119.42857142857143,124
2025-06-25,PHC006,MED002,866,142,23.0,36,2,6,124.0,142.0,119.85714285714286,113
2025-06-26,PHC006,MED002,785,108,29.5,22,3,6,113.0,90.0,115.71428571428571,81
2025-06-27,PHC006,MED002,684,140,27.3,35,4,6,81.0,138.0,114.42857142857143,101
2025-06-28,PHC006,MED002,545,151,33.2,36,5,6,101.0,136.0,109.14285714285714,139
2025-06-29,PHC006,MED002,409,146,24.3,39,6,6,139.0,112.0,109.57142857142857,136
2025-01-08,PHC006,MED003,380,124,28.7,29,2,1,66.0,58.0,80.71428571428571,70
2025-01-09,PHC006,MED003,601,164,30.5,39,3,1,70.0,89.0,82.42857142857143,124
2025-01-10,PHC006,MED003,520,116,32.6,25,4,1,124.0,83.0,87.42857142857143,81
2025-01-11,PHC006,MED003,780,171,25.8,37,5,1,81.0,113.0,87.14285714285714,151
2025-01-12,PHC006,MED003,673,149,34.1,37,6,1,151.0,80.0,92.57142857142857,107
2025-01-13,PHC006,MED003,589,136,23.9,28,0,1,107.0,76.0,96.42857142857143,84
2025-01-14,PHC006,MED003,505,117,21.7,31,1,1,84.0,66.0,97.57142857142857,84
2025-01-15,PHC006,MED003,440,119,22.1,28,2,1,84.0,70.0,100.14285714285714,65
2025-01-16,PHC006,MED003,363,126,24.5,32,3,1,65.0,124.0,99.42857142857143,77
2025-01-17,PHC006,MED003,275,141,32.1,38,4,1,77.0,81.0,92.71428571428571,88
2025-01-18,PHC006,MED003,938,150,21.5,38,5,1,88.0,151.0,93.71428571428571,103
2025-01-19,PHC006,MED003,816,164,25.5,43,6,1,103.0,107.0,86.85714285714286,122
2025-01-20,PHC006,MED003,743,111,30.7,24,0,1,122.0,84.0,89.0,73
2025-01-21,PHC006,MED003,658,130,34.0,39,1,1,73.0,84.0,87.42857142857143,85
2025-01-22,PHC006,MED003,584,121,24.9,28,2,1,85.0,65.0,87.57142857142857,74
2025-01-23,PHC006,MED003,504,142,24.1,26,3,1,74.0,77.0,88.85714285714286,80
2025-01-24,PHC006,MED003,424,129,32.3,38,4,1,80.0,88.0,89.28571428571429,80
2025-01-25,PHC006,MED003,331,135,34.4,31,5,1,80.0,103.0,88.14285714285714,93
2025-01-26,PHC006,MED003,552,159,33.7,35,6,1,93.0,122.0,86.71428571428571,135
2025-01-27,PHC006,MED003,452,146,33.6,42,0,1,135.0,73.0,88.57142857142857,100
2025-01-28,PHC006,MED003,371,122,25.6,33,1,1,100.0,85.0,92.42857142857143,81
2025-01-29,PHC006,MED003,300,113,25.1,25,2,1,81.0,74.0,91.85714285714286,71
2025-01-30,PHC006,MED003,816,144,30.1,37,3,1,71.0,80.0,91.42857142857143,90
2025-01-31,PHC006,MED003,739,119,25.8,30,4,1,90.0,80.0,92.85714285714286,77
2025-02-01,PHC006,MED003,616,170,34.9,34,5,2,77.0,93.0,92.42857142857143,123
2025-02-02,PHC006,MED003,507,151,26.9,32,6,2,123.0,135.0,96.71428571428571,109
2025-02-03,PHC006,MED003,424,140,23.1,33,0,2,109.0,100.0,93.0,83
2025-02-04,PHC006,MED003,338,137,25.4,29,1,2,83.0,81.0,90.57142857142857,86
2025-02-05,PHC006,MED003,273,105,31.3,10,2,2,86.0,71.0,91.28571428571429,65
2025-02-06,PHC006,MED003,217,105,23.2,27,3,2,65.0,90.0,90.42857142857143,56
2025-02-07,PHC006,MED003,664,130,22.8,32,4,2,56.0,77.0,85.57142857142857,79
2025-02-08,PHC006,MED003,552,147,24.5,38,5,2,79.0,123.0,85.85714285714286,112
2025-02-09,PHC006,MED003,473,129,22.4,29,6,2,112.0,109.0,84.28571428571429,79
2025-02-10,PHC006,MED003,397,134,31.3,36,0,2,79.0,83.0,80.0,76
2025-02-11,PHC006,MED003,321,115,28.3,32,1,2,76.0,86.0,79.0,76
2025-02-12,PHC006,MED003,761,155,26.7,24,2,2,76.0,65.0,77.57142857142857,88
2025-02-13,PHC006,MED003,688,133,23.1,30,3,2,88.0,56.0,80.85714285714286,73
2025-02-14,PHC006,MED003,611,123,32.5,31,4,2,73.0,79.0,83.28571428571429,77
2025-02-15,PHC006,MED003,533,162,26.0,38,5,2,77.0,112.0,83.0,78
2025-02-16,PHC006,MED003,431,141,29.1,36,6,2,78.0,79.0,78.14285714285714,102
2025-02-17,PHC006,MED003,361,147,29.1,35,0,2,102.0,76.0,81.42857142857143,70
2025-02-18,PHC006,MED003,295,110,20.5,31,1,2,70.0,76.0,80.57142857142857,66
2025-02-19,PHC006,MED003,586,163,30.2,35,2,2,66.0,88.0,79.14285714285714,99
2025-02-20,PHC006,MED003,498,142,25.6,37,3,2,99.0,73.0,80.71428571428571,88
2025-02-21,PHC006,MED003,431,131,34.2,34,4,2,88.0,77.0,82.85714285714286,67
2025-02-22,PHC006,MED003,334,142,23.0,33,5,2,67.0,78.0,81.42857142857143,97
2025-02-23,PHC006,MED003,1022,152,26.7,43,6,2,97.0,102.0,84.14285714285714,99
2025-02-24,PHC006,MED003,946,129,22.9,32,0,2,99.0,70.0,83.71428571428571,76
2025-02-25,PHC006,MED003,867,118,27.5,21,1,2,76.0,66.0,84.57142857142857,79
2025-02-26,PHC006,MED003,778,142,25.1,31,2,2,79.0,99.0,86.42857142857143,89
2025-02-27,PHC006,MED003,678,145,20.4,43,3,2,89.0,88.0,85.0,100
2025-02-28,PHC006,MED003,588,138,22.2,29,4,2,100.0,67.0,86.71428571428571,90
2025-03-01,PHC006,MED003,457,158,26.8,31,5,3,90.0,97.0,90.0,131
2025-03-02,PHC006,MED003,351,150,22.6,39,6,3,131.0,99.0,94.85714285714286,106
2025-03-03,PHC006,MED003,269,126,32.5,38,0,3,106.0,76.0,95.85714285714286,82
2025-03-04,PHC006,MED003,208,140,27.4,28,1,3,82.0,79.0,96.71428571428571,61
2025-03-05,PHC006,MED003,525,104,31.7,28,2,3,61.0,89.0,94.14285714285714,63
2025-03-06,PHC006,MED003,459,115,21.7,24,3,3,63.0,100.0,90.42857142857143,66
2025-03-07,PHC006,MED003,375,148,25.6,33,4,3,66.0,90.0,85.57142857142857,84
2025-03-08,PHC006,MED003,949,175,34.3,40,5,3,84.0,131.0,84.71428571428571,138
2025-03-09,PHC006,MED003,845,149,22.7,37,6,3,138.0,106.0,85.71428571428571,104
2025-03-10,PHC006,MED003,791,96,28.5,30,0,3,104.0,82.0,85.42857142857143,54
2025-03-11,PHC006,MED003,716,127,30.2,35,1,3,54.0,61.0,81.42857142857143,75
2025-03-12,PHC006,MED003,658,126,20.9,40,2,3,75.0,63.0,83.42857142857143,58
2025-03-13,PHC006,MED003,580,120,31.4,20,3,3,58.0,66.0,82.71428571428571,78
2025-03-14,PHC006,MED003,477,153,21.2,33,4,3,78.0,84.0,84.42857142857143,103
2025-03-15,PHC006,MED003,403,141,30.3,37,5,3,103.0,138.0,87.14285714285714,74
2025-03-16,PHC006,MED003,674,160,23.0,38,6,3,74.0,104.0,78.0,122
2025-03-17,PHC006,MED003,570,155,28.7,38,0,3,122.0,54.0,80.57142857142857,104
2025-03-18,PHC006,MED003,498,147,26.6,28,1,3,104.0,75.0,87.71428571428571,72
2025-03-19,PHC006,MED003,423,119,28.3,26,2,3,72.0,58.0,87.28571428571429,75
2025-03-20,PHC006,MED003,379,92,20.5,19,3,3,75.0,78.0,89.71428571428571,44
2025-03-21,PHC006,MED003,953,150,25.2,37,4,3,44.0,103.0,84.85714285714286,99
2025-03-22,PHC006,MED003,873,115,24.9,19,5,3,99.0,74.0,84.28571428571429,80
2025-03-23,PHC006,MED003,778,138,30.5,32,6,3,80.0,122.0,85.14285714285714,95
2025-03-24,PHC006,MED003,667,146,28.1,36,0,3,95.0,104.0,81.28571428571429,111
2025-03-25,PHC006,MED003,569,146,25.2,40,1,3,111.0,72.0,82.28571428571429,98
2025-03-26,PHC006,MED003,470,168,28.4,46,2,3,98.0,75.0,86.0,99
2025-03-27,PHC006,MED003,383,132,25.9,28,3,3,99.0,44.0,89.42857142857143,87
2025-03-28,PHC006,MED003,312,125,32.9,33,4,3,87.0,99.0,95.57142857142857,71
2025-03-29,PHC006,MED003,893,144,24.0,42,5,3,71.0,80.0,91.57142857142857,102
2025-03-30,PHC006,MED003,768,138,26.8,31,6,3,102.0,95.0,94.71428571428571,125
2025-03-31,PHC006,MED003,679,129,26.3,23,0,3,125.0,111.0,99.0,89
2025-04-01,PHC006,MED003,609,115,26.2,28,1,4,89.0,98.0,95.85714285714286,70
2025-04-02,PHC006,MED003,542,122,33.8,23,2,4,70.0,99.0,91.85714285714286,67
2025-04-03,PHC006,MED003,478,103,22.6,21,3,4,67.0,87.0,87.28571428571429,64
2025-04-04,PHC006,MED003,397,132,32.4,37,4,4,64.0,71.0,84.0,81
2025-04-05,PHC006,MED003,305,140,29.3,43,5,4,81.0,102.0,85.42857142857143,92
2025-04-06,PHC006,MED003,581,167,22.6,47,6,4,92.0,125.0,84.0,104
2025-04-07,PHC006,MED003,503,123,23.1,33,0,4,104.0,89.0,81.0,78
2025-04-08,PHC006,MED003,424,129,32.1,31,1,4,78.0,70.0,79.42857142857143,79
2025-04-09,PHC006,MED003,328,152,25.2,32,2,4,79.0,67.0,80.71428571428571,96
2025-04-10,PHC006,MED003,256,128,25.1,34,3,4,96.0,64.0,84.85714285714286,72
2025-04-11,PHC006,MED003,742,118,33.5,36,4,4,72.0,81.0,86.0,72
2025-04-12,PHC006,MED003,651,164,24.3,44,5,4,72.0,92.0,84.71428571428571,91
2025-04-13,PHC006,MED003,544,153,31.3,31,6,4,91.0,104.0,84.57142857142857,107
2025-04-14,PHC006,MED003,439,160,33.8,38,0,4,107.0,78.0,85.0,105
2025-04-15,PHC006,MED003,354,122,32.2,29,1,4,105.0,79.0,88.85714285714286,85
2025-04-16,PHC006,MED003,314,132,23.5,31,2,4,85.0,96.0,89.71428571428571,40
2025-04-17,PHC006,MED003,816,156,24.0,48,3,4,40.0,72.0,81.71428571428571,94
2025-04-18,PHC006,MED003,725,138,31.3,42,4,4,94.0,72.0,84.85714285714286,91
2025-04-19,PHC006,MED003,657,123,29.2,37,5,4,91.0,91.0,87.57142857142857,68
2025-04-20,PHC006,MED003,564,124,27.4,33,6,4,68.0,107.0,84.28571428571429,93
2025-04-21,PHC006,MED003,485,135,24.6,39,0,4,93.0,105.0,82.28571428571429,79
2025-04-22,PHC006,MED003,407,135,28.9,37,1,4,79.0,85.0,78.57142857142857,78
2025-04-23,PHC006,MED003,310,143,28.5,30,2,4,78.0,40.0,77.57142857142857,97
2025-04-24,PHC006,MED003,235,121,22.0,32,3,4,97.0,94.0,85.71428571428571,75
2025-04-25,PHC006,MED003,669,124,23.4,32,4,4,75.0,91.0,83.0,71
2025-04-26,PHC006,MED003,551,150,34.3,41,5,4,71.0,68.0,80.14285714285714,118
2025-04-27,PHC006,MED003,458,140,32.8,35,6,4,118.0,93.0,87.28571428571429,93
2025-04-28,PHC006,MED003,371,118,22.1,21,0,4,93.0,79.0,87.28571428571429,87
2025-04-29,PHC006,MED003,575,150,21.8,38,1,4,87.0,78.0,88.42857142857143,98
2025-04-30,PHC006,MED003,502,119,31.1,27,2,4,98.0,97.0,91.28571428571429,73
2025-05-01,PHC006,MED003,435,117,33.1,28,3,5,73.0,75.0,87.85714285714286,67
2025-05-02,PHC006,MED003,358,139,30.4,34,4,5,67.0,71.0,86.71428571428571,77
2025-05-03,PHC006,MED003,626,157,24.8,35,5,5,77.0,118.0,87.57142857142857,103
2025-05-04,PHC006,MED003,498,172,24.5,48,6,5,103.0,93.0,85.42857142857143,128
2025-05-05,PHC006,MED003,435,127,32.8,30,0,5,128.0,87.0,90.42857142857143,63
2025-05-06,PHC006,MED003,363,131,29.1,30,1,5,63.0,98.0,87.0,72
2025-05-07,PHC006,MED003,815,145,23.8,41,2,5,72.0,73.0,83.28571428571429,104
2025-05-08,PHC006,MED003,726,158,23.8,31,3,5,104.0,67.0,87.71428571428571,89
2025-05-09,PHC006,MED003,644,133,34.0,29,4,5,89.0,77.0,90.85714285714286,82
2025-05-10,PHC006,MED003,584,129,24.5,31,5,5,82.0,103.0,91.57142857142857,60
2025-05-11,PHC006,MED003,507,132,26.5,31,6,5,60.0,128.0,85.42857142857143,77
2025-05-12,PHC006,MED003,437,108,23.5,28,0,5,77.0,63.0,78.14285714285714,70
2025-05-13,PHC006,MED003,359,139,28.4,40,1,5,70.0,72.0,79.14285714285714,78
2025-05-14,PHC006,MED003,277,140,25.1,33,2,5,78.0,104.0,80.0,82
2025-05-15,PHC006,MED003,675,124,34.4,23,3,5,82.0,89.0,76.85714285714286,72
2025-05-16,PHC006,MED003,593,160,25.4,34,4,5,72.0,82.0,74.42857142857143,82
2025-05-17,PHC006,MED003,486,139,31.1,34,5,5,82.0,60.0,74.42857142857143,107
2025-05-18,PHC006,MED003,387,171,27.2,40,6,5,107.0,77.0,81.14285714285714,99
2025-05-19,PHC006,MED003,314,121,31.1,31,0,5,99.0,70.0,84.28571428571429,73
2025-05-20,PHC006,MED003,240,146,25.4,31,1,5,73.0,78.0,84.71428571428571,74
2025-05-21,PHC006,MED003,850,156,29.6,34,2,5,74.0,82.0,84.14285714285714,92
2025-05-22,PHC006,MED003,765,142,22.4,32,3,5,92.0,72.0,85.57142857142857,85
2025-05-23,PHC006,MED003,690,135,31.3,37,4,5,85.0,82.0,87.42857142857143,75
2025-05-24,PHC006,MED003,613,146,26.1,39,5,5,75.0,107.0,86.42857142857143,77
2025-05-25,PHC006,MED003,513,150,26.7,22,6,5,77.0,99.0,82.14285714285714,100
2025-05-26,PHC006,MED003,454,126,29.7,32,0,5,100.0,73.0,82.28571428571429,59
2025-05-27,PHC006,MED003,353,160,31.9,46,1,5,59.0,74.0,80.28571428571429,101
2025-05-28,PHC006,MED003,953,141,28.9,33,2,5,101.0,92.0,84.14285714285714,103
2025-05-29,PHC006,MED003,848,152,26.3,38,3,5,103.0,85.0,85.71428571428571,105
2025-05-30,PHC006,MED003,750,149,20.0,42,4,5,105.0,75.0,88.57142857142857,98
2025-05-31,PHC006,MED003,615,176,32.4,38,5,5,98.0,77.0,91.85714285714286,135
2025-06-01,PHC006,MED003,508,155,27.2,35,6,6,135.0,100.0,100.14285714285714,107
2025-06-02,PHC006,MED003,436,128,30.8,33,0,6,107.0,59.0,101.14285714285714,72
2025-06-03,PHC006,MED003,374,126,23.7,31,1,6,72.0,101.0,103.0,62
2025-06-04,PHC006,MED003,288,131,22.7,26,2,6,62.0,103.0,97.42857142857143,86
2025-06-05,PHC006,MED003,919,153,23.3,48,3,6,86.0,105.0,95.0,105
2025-06-06,PHC006,MED003,835,134,34.5,33,4,6,105.0,98.0,95.0,84
2025-06-07,PHC006,MED003,736,145,26.0,34,5,6,84.0,135.0,93.0,99
2025-06-08,PHC006,MED003,652,121,31.2,36,6,6,99.0,107.0,87.85714285714286,84
2025-06-09,PHC006,MED003,580,125,25.9,41,0,6,84.0,72.0,84.57142857142857,72
2025-06-10,PHC006,MED003,488,133,34.1,39,1,6,72.0,62.0,84.57142857142857,92
2025-06-11,PHC006,MED003,404,130,24.1,32,2,6,92.0,86.0,88.85714285714286,84
2025-06-12,PHC006,MED003,706,153,29.9,43,3,6,84.0,105.0,88.57142857142857,103
2025-06-13,PHC006,MED003,640,112,31.8,38,4,6,103.0,84.0,88.28571428571429,66
2025-06-14,PHC006,MED003,526,165,31.9,45,5,6,66.0,99.0,85.71428571428571,114
2025-06-15,PHC006,MED003,408,172,34.1,47,6,6,114.0,84.0,87.85714285714286,118
2025-06-16,PHC006,MED003,329,126,24.1,26,0,6,118.0,72.0,92.71428571428571,79
2025-06-17,PHC006,MED003,264,122,27.0,30,1,6,79.0,92.0,93.71428571428571,65
2025-06-18,PHC006,MED003,857,121,25.4,26,2,6,65.0,84.0,89.85714285714286,92
2025-06-19,PHC006,MED003,780,119,23.1,39,3,6,92.0,103.0,91.0,77
2025-06-20,PHC006,MED003,693,129,29.4,36,4,6,77.0,66.0,87.28571428571429,87
2025-06-21,PHC006,MED003,582,152,24.9,36,5,6,87.0,114.0,90.28571428571429,111
2025-06-22,PHC006,MED003,460,139,26.6,39,6,6,111.0,118.0,89.85714285714286,122
2025-06-23,PHC006,MED003,379,129,22.8,25,0,6,122.0,79.0,90.42857142857143,81
2025-06-24,PHC006,MED003,302,126,33.2,34,1,6,81.0,65.0,90.71428571428571,77
2025-06-25,PHC006,MED003,752,139,21.2,31,2,6,77.0,92.0,92.42857142857143,104
2025-06-26,PHC006,MED003,670,135,26.4,37,3,6,104.0,77.0,94.14285714285714,82
2025-06-27,PHC006,MED003,595,138,26.7,37,4,6,82.0,87.0,94.85714285714286,75
2025-06-28,PHC006,MED003,491,149,25.4,36,5,6,75.0,111.0,93.14285714285714,104
2025-06-29,PHC006,MED003,384,166,31.4,41,6,6,104.0,122.0,92.14285714285714,107
2025-01-08,PHC006,MED004,670,135,31.1,37,2,1,79.0,86.0,90.28571428571429,76
2025-01-09,PHC006,MED004,583,132,33.6,38,3,1,76.0,85.0,88.85714285714286,87
2025-01-10,PHC006,MED004,485,139,21.2,42,4,1,87.0,75.0,89.14285714285714,98
2025-01-11,PHC006,MED004,379,149,34.4,27,5,1,98.0,101.0,92.42857142857143,106
2025-01-12,PHC006,MED004,1021,161,22.0,47,6,1,106.0,108.0,93.14285714285714,106
2025-01-13,PHC006,MED004,931,121,28.3,32,0,1,106.0,98.0,92.85714285714286,90
2025-01-14,PHC006,MED004,864,93,33.2,29,1,1,90.0,79.0,91.71428571428571,67
2025-01-15,PHC006,MED004,771,141,27.8,37,2,1,67.0,76.0,90.0,93
2025-01-16,PHC006,MED004,681,127,33.9,36,3,1,93.0,87.0,92.42857142857143,90
2025-01-17,PHC006,MED004,594,143,20.2,44,4,1,90.0,98.0,92.85714285714286,87
2025-01-18,PHC006,MED004,498,147,32.6,34,5,1,87.0,106.0,91.28571428571429,96
2025-01-19,PHC006,MED004,412,139,23.5,37,6,1,96.0,106.0,89.85714285714286,86
2025-01-20,PHC006,MED004,733,145,23.4,46,0,1,86.0,90.0,87.0,105
2025-01-21,PHC006,MED004,666,98,28.9,28,1,1,105.0,67.0,89.14285714285714,67
2025-01-22,PHC006,MED004,573,133,23.2,27,2,1,67.0,93.0,89.14285714285714,93
2025-01-23,PHC006,MED004,467,136,31.9,28,3,1,93.0,90.0,89.14285714285714,106
2025-01-24,PHC006,MED004,373,118,26.3,34,4,1,106.0,87.0,91.42857142857143,94
2025-01-25,PHC006,MED004,553,161,28.6,36,5,1,94.0,96.0,92.42857142857143,128
2025-01-26,PHC006,MED004,445,155,29.7,39,6,1,128.0,86.0,97.0,108
2025-01-27,PHC006,MED004,370,119,31.4,31,0,1,108.0,105.0,100.14285714285714,75
2025-01-28,PHC006,MED004,293,105,23.1,31,1,1,75.0,67.0,95.85714285714286,77
2025-01-29,PHC006,MED004,959,118,32.2,31,2,1,77.0,93.0,97.28571428571429,78
2025-01-30,PHC006,MED004,896,107,34.8,31,3,1,78.0,106.0,95.14285714285714,63
2025-01-31,PHC006,MED004,810,158,32.0,40,4,1,63.0,94.0,89.0,86
2025-02-01,PHC006,MED004,730,126,28.6,35,5,2,86.0,128.0,87.85714285714286,80
2025-02-02,PHC006,MED004,618,153,26.8,40,6,2,80.0,108.0,81.0,112
2025-02-03,PHC006,MED004,505,159,21.2,32,0,2,112.0,75.0,81.57142857142857,113
2025-02-04,PHC006,MED004,417,144,26.6,30,1,2,113.0,77.0,87.0,88
2025-02-05,PHC006,MED004,344,135,26.0,38,2,2,88.0,78.0,88.57142857142857,73
2025-02-06,PHC006,MED004,1021,147,30.1,46,3,2,73.0,63.0,87.85714285714286,106
2025-02-07,PHC006,MED004,955,117,31.5,31,4,2,106.0,86.0,94.0,66
2025-02-08,PHC006,MED004,871,128,30.1,31,5,2,66.0,80.0,91.14285714285714,84
2025-02-09,PHC006,MED004,758,141,22.3,36,6,2,84.0,112.0,91.71428571428571,113
2025-02-10,PHC006,MED004,679,118,31.5,17,0,2,113.0,113.0,91.85714285714286,79
2025-02-11,PHC006,MED004,592,118,33.8,36,1,2,79.0,88.0,87.0,87
2025-02-12,PHC006,MED004,524,102,24.6,23,2,2,87.0,73.0,86.85714285714286,68
2025-02-13,PHC006,MED004,424,144,30.8,35,3,2,68.0,106.0,86.14285714285714,100
2025-02-14,PHC006,MED004,346,110,30.0,23,4,2,100.0,66.0,85.28571428571429,78
2025-02-15,PHC006,MED004,266,147,24.5,38,5,2,78.0,84.0,87.0,80
2025-02-16,PHC006,MED004,751,169,20.3,41,6,2,80.0,113.0,86.42857142857143,127
2025-02-17,PHC006,MED004,648,154,34.9,43,0,2,127.0,79.0,88.42857142857143,103
2025-02-18,PHC006,MED004,569,125,25.1,30,1,2,103.0,87.0,91.85714285714286,79
2025-02-19,PHC006,MED004,456,127,28.0,20,2,2,79.0,68.0,90.71428571428571,113
2025-02-20,PHC006,MED004,379,141,28.4,34,3,2,113.0,100.0,97.14285714285714,77
2025-02-21,PHC006,MED004,298,127,20.8,29,4,2,77.0,78.0,93.85714285714286,81
2025-02-22,PHC006,MED004,741,167,30.2,49,5,2,81.0,80.0,94.28571428571429,132
2025-02-23,PHC006,MED004,626,132,32.9,37,6,2,132.0,127.0,101.71428571428571,115
2025-02-24,PHC006,MED004,523,150,34.3,37,0,2,115.0,103.0,100.0,103
2025-02-25,PHC006,MED004,409,140,27.9,42,1,2,103.0,79.0,100.0,114
2025-02-26,PHC006,MED004,721,146,33.8,30,2,2,114.0,113.0,105.0,117
2025-02-27,PHC006,MED004,632,142,30.8,40,3,2,117.0,77.0,105.57142857142857,89
2025-02-28,PHC006,MED004,532,147,27.7,44,4,2,89.0,81.0,107.28571428571429,100
2025-03-01,PHC006,MED004,403,157,27.1,37,5,3,100.0,132.0,110.0,129
2025-03-02,PHC006,MED004,594,187,26.2,41,6,3,129.0,115.0,109.57142857142857,133
2025-03-03,PHC006,MED004,487,145,28.1,37,0,3,133.0,103.0,112.14285714285714,107
2025-03-04,PHC006,MED004,420,97,34.4,23,1,3,107.0,114.0,112.71428571428571,67
2025-03-05,PHC006,MED004,328,133,34.2,35,2,3,67.0,117.0,106.0,92
2025-03-06,PHC006,MED004,249,108,31.6,24,3,3,92.0,89.0,102.42857142857143,79
2025-03-07,PHC006,MED004,472,104,29.9,20,4,3,79.0,100.0,101.0,86
2025-03-08,PHC006,MED004,738,131,29.9,34,5,3,86.0,129.0,99.0,128
2025-03-09,PHC006,MED004,642,141,24.1,31,6,3,128.0,133.0,98.85714285714286,96
2025-03-10,PHC006,MED004,550,146,26.3,39,0,3,96.0,107.0,93.57142857142857,92
2025-03-11,PHC006,MED004,480,125,32.9,22,1,3,92.0,67.0,91.42857142857143,70
2025-03-12,PHC006,MED004,386,137,25.9,39,2,3,70.0,92.0,91.85714285714286,94
2025-03-13,PHC006,MED004,298,129,29.4,32,3,3,94.0,79.0,92.14285714285714,88
2025-03-14,PHC006,MED004,860,109,32.1,29,4,3,88.0,86.0,93.42857142857143,82
2025-03-15,PHC006,MED004,752,148,24.0,40,5,3,82.0,128.0,92.85714285714286,108
2025-03-16,PHC006,MED004,640,139,29.5,40,6,3,108.0,96.0,90.0,112
2025-03-17,PHC006,MED004,545,140,33.1,42,0,3,112.0,92.0,92.28571428571429,95
2025-03-18,PHC006,MED004,455,134,20.2,32,1,3,95.0,70.0,92.71428571428571,90
2025-03-19,PHC006,MED004,388,102,22.4,28,2,3,90.0,94.0,95.57142857142857,67
2025-03-20,PHC006,MED004,317,137,29.0,31,3,3,67.0,88.0,91.71428571428571,71
2025-03-21,PHC006,MED004,540,111,25.5,29,4,3,71.0,82.0,89.28571428571429,81
2025-03-22,PHC006,MED004,435,162,28.5,50,5,3,81.0,108.0,89.14285714285714,105
2025-03-23,PHC006,MED004,1005,164,25.7,39,6,3,105.0,112.0,88.71428571428571,119
2025-03-24,PHC006,MED004,921,121,31.3,31,0,3,119.0,95.0,89.71428571428571,84
2025-03-25,PHC006,MED004,843,142,24.6,41,1,3,84.0,90.0,88.14285714285714,78
2025-03-26,PHC006,MED004,758,123,31.5,33,2,3,78.0,67.0,86.42857142857143,85
2025-03-27,PHC006,MED004,673,154,31.8,35,3,3,85.0,71.0,89.0,85
2025-03-28,PHC006,MED004,581,131,20.2,28,4,3,85.0,81.0,91.0,92
2025-03-29,PHC006,MED004,478,164,33.5,38,5,3,92.0,105.0,92.57142857142857,103
2025-03-30,PHC006,MED004,408,141,33.1,34,6,3,103.0,119.0,92.28571428571429,70
2025-03-31,PHC006,MED004,325,106,34.1,26,0,3,70.0,84.0,85.28571428571429,83
2025-04-01,PHC006,MED004,734,122,23.0,32,1,4,83.0,78.0,85.14285714285714,86
2025-04-02,PHC006,MED004,637,140,31.6,30,2,4,86.0,85.0,86.28571428571429,97
2025-04-03,PHC006,MED004,533,144,28.8,35,3,4,97.0,85.0,88.0,104
2025-04-04,PHC006,MED004,445,143,33.7,30,4,4,104.0,92.0,90.71428571428571,88
2025-04-05,PHC006,MED004,912,173,22.0,36,5,4,88.0,103.0,90.14285714285714,142
2025-04-06,PHC006,MED004,799,152,34.4,34,6,4,142.0,70.0,95.71428571428571,113
2025-04-07,PHC006,MED004,739,122,25.8,29,0,4,113.0,83.0,101.85714285714286,60
2025-04-08,PHC006,MED004,644,152,26.1,44,1,4,60.0,86.0,98.57142857142857,95
2025-04-09,PHC006,MED004,574,134,29.2,37,2,4,95.0,97.0,99.85714285714286,70
2025-04-10,PHC006,MED004,510,112,28.8,20,3,4,70.0,104.0,96.0,64
2025-04-11,PHC006,MED004,425,127,31.0,22,4,4,64.0,88.0,90.28571428571429,85
2025-04-12,PHC006,MED004,890,162,34.6,35,5,4,85.0,142.0,89.85714285714286,119
2025-04-13,PHC006,MED004,784,125,26.8,30,6,4,119.0,113.0,86.57142857142857,106
2025-04-14,PHC006,MED004,672,160,23.7,36,0,4,106.0,60.0,85.57142857142857,112
2025-04-15,PHC006,MED004,581,124,34.2,30,1,4,112.0,95.0,93.0,91
2025-04-16,PHC006,MED004,518,99,23.0,25,2,4,91.0,70.0,92.42857142857143,63
2025-04-17,PHC006,MED004,412,119,31.5,29,3,4,63.0,64.0,91.42857142857143,106
2025-04-18,PHC006,MED004,755,152,33.5,37,4,4,106.0,85.0,97.42857142857143,105
2025-04-19,PHC006,MED004,657,142,29.9,42,5,4,105.0,119.0,100.28571428571429,98
2025-04-20,PHC006,MED004,557,152,34.2,42,6,4,98.0,106.0,97.28571428571429,100
2025-04-21,PHC006,MED004,460,141,29.8,34,0,4,100.0,112.0,96.42857142857143,97
2025-04-22,PHC006,MED004,796,133,21.1,30,1,4,97.0,91.0,94.28571428571429,117
2025-04-23,PHC006,MED004,708,137,32.2,36,2,4,117.0,63.0,98.0,88
2025-04-24,PHC006,MED004,629,129,22.0,28,3,4,88.0,106.0,101.57142857142857,79
2025-04-25,PHC006,MED004,546,113,29.7,24,4,4,79.0,105.0,97.71428571428571,83
2025-04-26,PHC006,MED004,417,136,34.1,38,5,4,83.0,98.0,94.57142857142857,129
2025-04-27,PHC006,MED004,584,170,24.9,50,6,4,129.0,100.0,99.0,161
2025-04-28,PHC006,MED004,497,125,32.5,27,0,4,161.0,97.0,107.71428571428571,87
2025-04-29,PHC006,MED004,412,163,34.9,42,1,4,87.0,117.0,106.28571428571429,85
2025-04-30,PHC006,MED004,909,145,28.4,45,2,4,85.0,88.0,101.71428571428571,120
2025-05-01,PHC006,MED004,830,102,28.5,31,3,5,120.0,79.0,106.28571428571429,79
2025-05-02,PHC006,MED004,762,125,20.5,43,4,5,79.0,83.0,106.28571428571429,68
2025-05-03,PHC006,MED004,636,163,28.0,40,5,5,68.0,129.0,104.14285714285714,126
2025-05-04,PHC006,MED004,536,144,34.0,33,6,5,126.0,161.0,103.71428571428571,100
2025-05-05,PHC006,MED004,473,114,21.5,30,0,5,100.0,87.0,95.0,63
2025-05-06,PHC006,MED004,391,126,31.5,34,1,5,63.0,85.0,91.57142857142857,82
2025-05-07,PHC006,MED004,719,148,31.6,33,2,5,82.0,120.0,91.14285714285714,98
2025-05-08,PHC006,MED004,643,128,23.9,33,3,5,98.0,79.0,88.0,76
2025-05-09,PHC006,MED004,566,126,34.5,27,4,5,76.0,68.0,87.57142857142857,77
2025-05-10,PHC006,MED004,480,134,21.5,26,5,5,77.0,126.0,88.85714285714286,86
2025-05-11,PHC006,MED004,1141,165,22.9,43,6,5,86.0,100.0,83.14285714285714,135
2025-05-12,PHC006,MED004,1038,144,21.3,33,0,5,135.0,63.0,88.14285714285714,103
2025-05-13,PHC006,MED004,960,109,34.5,23,1,5,103.0,82.0,93.85714285714286,78
2025-05-14,PHC006,MED004,881,140,29.0,28,2,5,78.0,98.0,93.28571428571429,79
2025-05-15,PHC006,MED004,787,138,27.3,35,3,5,79.0,76.0,90.57142857142857,94
2025-05-16,PHC006,MED004,690,133,24.4,32,4,5,94.0,77.0,93.14285714285714,97
2025-05-17,PHC006,MED004,565,160,26.7,39,5,5,97.0,86.0,96.0,125
2025-05-18,PHC006,MED004,434,148,26.7,36,6,5,125.0,135.0,101.57142857142857,131
2025-05-19,PHC006,MED004,330,144,21.9,34,0,5,131.0,103.0,101.0,104
2025-05-20,PHC006,MED004,765,173,30.4,52,1,5,104.0,78.0,101.14285714285714,105
2025-05-21,PHC006,MED004,669,124,31.4,32,2,5,105.0,79.0,105.0,96
2025-05-22,PHC006,MED004,570,136,28.4,44,3,5,96.0,94.0,107.42857142857143,99
2025-05-23,PHC006,MED004,478,132,27.2,28,4,5,99.0,97.0,108.14285714285714,92
2025-05-24,PHC006,MED004,359,170,21.2,46,5,5,92.0,125.0,107.42857142857143,119
2025-05-25,PHC006,MED004,955,143,23.8,38,6,5,119.0,131.0,106.57142857142857,110
2025-05-26,PHC006,MED004,867,125,25.2,31,0,5,110.0,104.0,103.57142857142857,88
2025-05-27,PHC006,MED004,786,128,32.1,23,1,5,88.0,105.0,101.28571428571429,81
2025-05-28,PHC006,MED004,656,155,29.3,38,2,5,81.0,96.0,97.85714285714286,130
2025-05-29,PHC006,MED004,566,124,30.0,27,3,5,130.0,99.0,102.71428571428571,90
2025-05-30,PHC006,MED004,476,127,20.8,26,4,5,90.0,92.0,101.42857142857143,90
2025-05-31,PHC006,MED004,1102,160,32.4,40,5,5,90.0,119.0,101.14285714285714,131
2025-06-01,PHC006,MED004,976,149,34.8,34,6,6,131.0,110.0,102.85714285714286,126
2025-06-02,PHC006,MED004,887,140,33.8,34,0,6,126.0,88.0,105.14285714285714,89
2025-06-03,PHC006,MED004,803,121,30.2,35,1,6,89.0,81.0,105.28571428571429,84
2025-06-04,PHC006,MED004,714,116,22.4,26,2,6,84.0,130.0,105.71428571428571,89
2025-06-05,PHC006,MED004,626,120,32.3,30,3,6,89.0,90.0,99.85714285714286,88
2025-06-06,PHC006,MED004,541,108,24.2,24,4,6,88.0,90.0,99.57142857142857,85
2025-06-07,PHC006,MED004,445,144,20.2,32,5,6,85.0,131.0,98.85714285714286,96
2025-06-08,PHC006,MED004,757,142,30.5,37,6,6,96.0,126.0,93.85714285714286,132
2025-06-09,PHC006,MED004,677,146,23.1,33,0,6,132.0,89.0,94.71428571428571,80
2025-06-10,PHC006,MED004,587,132,30.8,36,1,6,80.0,84.0,93.42857142857143,90
2025-06-11,PHC006,MED004,469,133,24.5,38,2,6,90.0,89.0,94.28571428571429,118
2025-06-12,PHC006,MED004,358,139,27.6,29,3,6,118.0,88.0,98.42857142857143,111
2025-06-13,PHC006,MED004,874,137,30.8,32,4,6,111.0,85.0,101.71428571428571,93
2025-06-14,PHC006,MED004,779,105,20.6,20,5,6,93.0,96.0,102.85714285714286,95
2025-06-15,PHC006,MED004,658,185,29.2,44,6,6,95.0,132.0,102.71428571428571,121
2025-06-16,PHC006,MED004,581,106,30.4,24,0,6,121.0,80.0,101.14285714285714,77
2025-06-17,PHC006,MED004,494,121,30.2,30,1,6,77.0,90.0,100.71428571428571,87
2025-06-18,PHC006,MED004,377,152,25.7,33,2,6,87.0,118.0,100.28571428571429,117
2025-06-19,PHC006,MED004,286,140,25.1,28,3,6,117.0,111.0,100.14285714285714,91
2025-06-20,PHC006,MED004,498,133,29.9,29,4,6,91.0,93.0,97.28571428571429,104
2025-06-21,PHC006,MED004,733,163,30.3,39,5,6,104.0,95.0,98.85714285714286,146
2025-06-22,PHC006,MED004,611,156,29.0,42,6,6,146.0,121.0,106.14285714285714,122
2025-06-23,PHC006,MED004,520,129,30.7,28,0,6,122.0,77.0,106.28571428571429,91
2025-06-24,PHC006,MED004,423,122,34.4,38,1,6,91.0,87.0,108.28571428571429,97
2025-06-25,PHC006,MED004,341,135,33.8,40,2,6,97.0,117.0,109.71428571428571,82
2025-06-26,PHC006,MED004,973,134,31.3,32,3,6,82.0,91.0,104.71428571428571,89
2025-06-27,PHC006,MED004,873,153,23.7,34,4,6,89.0,104.0,104.42857142857143,100
2025-06-28,PHC006,MED004,767,144,27.3,46,5,6,100.0,146.0,103.85714285714286,106
2025-06-29,PHC006,MED004,645,158,24.9,41,6,6,106.0,122.0,98.14285714285714,122
2025-01-08,PHC006,MED005,763,131,32.9,30,2,1,61.0,47.0,65.0,59
2025-01-09,PHC006,MED005,702,112,34.8,24,3,1,59.0,65.0,66.71428571428571,61
2025-01-10,PHC006,MED005,641,138,22.0,32,4,1,61.0,59.0,66.14285714285714,61
2025-01-11,PHC006,MED005,566,138,30.3,31,5,1,61.0,86.0,66.42857142857143,75
2025-01-12,PHC006,MED005,488,132,29.0,29,6,1,75.0,73.0,64.85714285714286,78
2025-01-13,PHC006,MED005,424,130,29.7,34,0,1,78.0,64.0,65.57142857142857,64
2025-01-14,PHC006,MED005,353,143,26.5,43,1,1,64.0,61.0,65.57142857142857,71
2025-01-15,PHC006,MED005,276,155,25.2,48,2,1,71.0,59.0,67.0,77
2025-01-16,PHC006,MED005,217,113,32.2,27,3,1,77.0,61.0,69.57142857142857,59
2025-01-17,PHC006,MED005,944,149,22.1,36,4,1,59.0,61.0,69.28571428571429,65
2025-01-18,PHC006,MED005,861,171,33.9,36,5,1,65.0,75.0,69.85714285714286,83
2025-01-19,PHC006,MED005,783,149,28.4,39,6,1,83.0,78.0,71.0,78
2025-01-20,PHC006,MED005,726,123,29.4,26,0,1,78.0,64.0,71.0,57
2025-01-21,PHC006,MED005,671,117,32.6,28,1,1,57.0,71.0,70.0,55
2025-01-22,PHC006,MED005,603,142,22.5,38,2,1,55.0,77.0,67.71428571428571,68
2025-01-23,PHC006,MED005,541,133,21.9,28,3,1,68.0,59.0,66.42857142857143,62
2025-01-24,PHC006,MED005,487,126,23.5,29,4,1,62.0,65.0,66.85714285714286,54
2025-01-25,PHC006,MED005,394,151,26.3,35,5,1,54.0,83.0,65.28571428571429,93
2025-01-26,PHC006,MED005,302,163,26.7,41,6,1,93.0,78.0,66.71428571428571,92
2025-01-27,PHC006,MED005,250,113,33.5,21,0,1,92.0,57.0,68.71428571428571,52
2025-01-28,PHC006,MED005,651,133,25.5,23,1,1,52.0,55.0,68.0,85
2025-01-29,PHC006,MED005,571,143,23.0,36,2,1,85.0,68.0,72.28571428571429,80
2025-01-30,PHC006,MED005,517,129,21.4,29,3,1,80.0,62.0,74.0,54
2025-01-31,PHC006,MED005,466,122,26.3,30,4,1,54.0,54.0,72.85714285714286,51
2025-02-01,PHC006,MED005,380,162,23.8,42,5,2,51.0,93.0,72.42857142857143,86
2025-02-02,PHC006,MED005,305,158,24.9,41,6,2,86.0,92.0,71.42857142857143,75
2025-02-03,PHC006,MED005,263,133,31.0,29,0,2,75.0,52.0,69.0,42
2025-02-04,PHC006,MED005,213,125,32.2,32,1,2,42.0,85.0,67.57142857142857,50
2025-02-05,PHC006,MED005,173,87,30.8,20,2,2,50.0,80.0,62.57142857142857,40
2025-02-06,PHC006,MED005,703,154,21.2,46,3,2,40.0,54.0,56.857142857142854,64
2025-02-07,PHC006,MED005,651,115,31.2,23,4,2,64.0,51.0,58.285714285714285,52
2025-02-08,PHC006,MED005,584,141,28.7,42,5,2,52.0,86.0,58.42857142857143,67
2025-02-09,PHC006,MED005,496,155,33.2,41,6,2,67.0,75.0,55.714285714285715,88
2025-02-10,PHC006,MED005,445,125,29.4,25,0,2,88.0,42.0,57.57142857142857,51
2025-02-11,PHC006,MED005,389,124,27.0,35,1,2,51.0,50.0,58.857142857142854,56
2025-02-12,PHC006,MED005,331,135,34.9,20,2,2,56.0,40.0,59.714285714285715,58
2025-02-13,PHC006,MED005,286,102,24.0,26,3,2,58.0,64.0,62.285714285714285,45
2025-02-14,PHC006,MED005,216,146,21.5,29,4,2,45.0,52.0,59.57142857142857,70
2025-02-15,PHC006,MED005,859,152,23.3,34,5,2,70.0,67.0,62.142857142857146,92
2025-02-16,PHC006,MED005,791,158,29.1,32,6,2,92.0,88.0,65.71428571428571,68
2025-02-17,PHC006,MED005,721,132,32.9,37,0,2,68.0,51.0,62.857142857142854,70
2025-02-18,PHC006,MED005,654,128,33.0,33,1,2,70.0,56.0,65.57142857142857,67
2025-02-19,PHC006,MED005,608,123,34.0,31,2,2,67.0,58.0,67.14285714285714,46
2025-02-20,PHC006,MED005,544,142,29.3,32,3,2,46.0,45.0,65.42857142857143,64
2025-02-21,PHC006,MED005,477,124,23.6,33,4,2,64.0,70.0,68.14285714285714,67
2025-02-22,PHC006,MED005,379,157,30.8,38,5,2,67.0,92.0,67.71428571428571,98
2025-02-23,PHC006,MED005,304,132,22.7,36,6,2,98.0,68.0,68.57142857142857,75
2025-02-24,PHC006,MED005,237,119,34.9,28,0,2,75.0,70.0,69.57142857142857,67
2025-02-25,PHC006,MED005,606,137,27.7,35,1,2,67.0,67.0,69.14285714285714,81
2025-02-26,PHC006,MED005,520,154,27.4,48,2,2,81.0,46.0,71.14285714285714,86
2025-02-27,PHC006,MED005,443,138,32.0,38,3,2,86.0,64.0,76.85714285714286,77
2025-02-28,PHC006,MED005,396,101,32.9,26,4,2,77.0,67.0,78.71428571428571,47
2025-03-01,PHC006,MED005,1060,159,20.9,33,5,3,47.0,98.0,75.85714285714286,110
2025-03-02,PHC006,MED005,995,133,30.3,35,6,3,110.0,75.0,77.57142857142857,65
2025-03-03,PHC006,MED005,941,122,20.1,32,0,3,65.0,67.0,76.14285714285714,54
2025-03-04,PHC006,MED005,876,142,34.8,27,1,3,54.0,81.0,74.28571428571429,65
2025-03-05,PHC006,MED005,821,138,29.4,35,2,3,65.0,86.0,72.0,55
2025-03-06,PHC006,MED005,765,135,27.4,22,3,3,55.0,77.0,67.57142857142857,56
2025-03-07,PHC006,MED005,708,131,30.9,37,4,3,56.0,47.0,64.57142857142857,57
2025-03-08,PHC006,MED005,617,147,26.0,35,5,3,57.0,110.0,66.0,91
2025-03-09,PHC006,MED005,541,138,20.1,43,6,3,91.0,65.0,63.285714285714285,76
2025-03-10,PHC006,MED005,474,124,25.7,30,0,3,76.0,54.0,64.85714285714286,67
2025-03-11,PHC006,MED005,405,133,24.6,36,1,3,67.0,65.0,66.71428571428571,69
2025-03-12,PHC006,MED005,355,125,32.4,29,2,3,69.0,55.0,67.28571428571429,50
2025-03-13,PHC006,MED005,302,109,33.5,26,3,3,50.0,56.0,66.57142857142857,53
2025-03-14,PHC006,MED005,255,126,33.0,38,4,3,53.0,57.0,66.14285714285714,47
2025-03-15,PHC006,MED005,663,153,26.3,32,5,3,47.0,91.0,64.71428571428571,82
2025-03-16,PHC006,MED005,582,148,33.9,36,6,3,82.0,76.0,63.42857142857143,81
2025-03-17,PHC006,MED005,519,127,22.9,39,0,3,81.0,67.0,64.14285714285714,63
2025-03-18,PHC006,MED005,475,87,29.5,21,1,3,63.0,69.0,63.57142857142857,44
2025-03-19,PHC006,MED005,437,94,34.2,30,2,3,44.0,50.0,60.0,38
2025-03-20,PHC006,MED005,380,127,26.7,27,3,3,38.0,53.0,58.285714285714285,57
2025-03-21,PHC006,MED005,313,145,33.9,34,4,3,57.0,47.0,58.857142857142854,67
2025-03-22,PHC006,MED005,810,172,28.6,42,5,3,67.0,82.0,61.714285714285715,80
2025-03-23,PHC006,MED005,745,150,29.0,34,6,3,80.0,81.0,61.42857142857143,65
2025-03-24,PHC006,MED005,684,147,30.6,39,0,3,65.0,63.0,59.142857142857146,61
2025-03-25,PHC006,MED005,622,138,24.7,31,1,3,61.0,44.0,58.857142857142854,62
2025-03-26,PHC006,MED005,548,143,32.0,30,2,3,62.0,38.0,61.42857142857143,74
2025-03-27,PHC006,MED005,482,156,23.2,39,3,3,74.0,57.0,66.57142857142857,66
2025-03-28,PHC006,MED005,413,136,28.9,36,4,3,66.0,67.0,67.85714285714286,69
2025-03-29,PHC006,MED005,322,144,28.8,42,5,3,69.0,80.0,68.14285714285714,91
2025-03-30,PHC006,MED005,242,165,29.8,38,6,3,91.0,65.0,69.71428571428571,80
2025-03-31,PHC006,MED005,188,101,34.0,23,0,3,80.0,61.0,71.85714285714286,54
2025-04-01,PHC006,MED005,806,129,30.5,33,1,4,54.0,62.0,70.85714285714286,61
2025-04-02,PHC006,MED005,758,144,22.5,32,2,4,61.0,74.0,70.71428571428571,48
2025-04-03,PHC006,MED005,691,152,34.6,33,3,4,48.0,66.0,67.0,67
2025-04-04,PHC006,MED005,638,117,33.3,26,4,4,67.0,69.0,67.14285714285714,53
2025-04-05,PHC006,MED005,565,140,30.7,31,5,4,53.0,91.0,64.85714285714286,73
2025-04-06,PHC006,MED005,495,125,27.5,36,6,4,73.0,80.0,62.285714285714285,70
2025-04-07,PHC006,MED005,435,154,23.1,48,0,4,70.0,54.0,60.857142857142854,60
2025-04-08,PHC006,MED005,376,126,28.2,27,1,4,60.0,61.0,61.714285714285715,59
2025-04-09,PHC006,MED005,317,132,27.8,31,2,4,59.0,48.0,61.42857142857143,59
2025-04-10,PHC006,MED005,267,133,23.8,32,3,4,59.0,67.0,63.0,50
2025-04-11,PHC006,MED005,202,120,27.0,26,4,4,50.0,53.0,60.57142857142857,65
2025-04-12,PHC006,MED005,813,146,25.9,49,5,4,65.0,73.0,62.285714285714285,74
2025-04-13,PHC006,MED005,746,141,30.3,29,6,4,74.0,70.0,62.42857142857143,67
2025-04-14,PHC006,MED005,696,115,30.2,29,0,4,67.0,60.0,62.0,50
2025-04-15,PHC006,MED005,632,129,29.3,32,1,4,50.0,59.0,60.57142857142857,64
2025-04-16,PHC006,MED005,571,125,32.6,29,2,4,64.0,59.0,61.285714285714285,61
2025-04-17,PHC006,MED005,500,158,26.3,43,3,4,61.0,50.0,61.57142857142857,71
2025-04-18,PHC006,MED005,432,134,33.5,37,4,4,71.0,65.0,64.57142857142857,68
2025-04-19,PHC006,MED005,354,146,26.1,28,5,4,68.0,74.0,65.0,78
2025-04-20,PHC006,MED005,274,166,24.8,52,6,4,78.0,67.0,65.57142857142857,80
2025-04-21,PHC006,MED005,626,129,27.4,27,0,4,80.0,50.0,67.42857142857143,78
2025-04-22,PHC006,MED005,551,152,20.1,34,1,4,78.0,64.0,71.42857142857143,75
2025-04-23,PHC006,MED005,490,117,27.8,32,2,4,75.0,61.0,73.0,61
2025-04-24,PHC006,MED005,444,104,20.9,28,3,4,61.0,71.0,73.0,46
2025-04-25,PHC006,MED005,371,142,23.8,37,4,4,46.0,68.0,69.42857142857143,73
2025-04-26,PHC006,MED005,838,154,21.0,38,5,4,73.0,78.0,70.14285714285714,95
2025-04-27,PHC006,MED005,752,134,24.4,30,6,4,95.0,80.0,72.57142857142857,86
2025-04-28,PHC006,MED005,667,152,33.7,39,0,4,86.0,78.0,73.42857142857143,85
2025-04-29,PHC006,MED005,595,132,31.6,32,1,4,85.0,75.0,74.42857142857143,72
2025-04-30,PHC006,MED005,551,105,26.8,31,2,4,72.0,61.0,74.0,44
2025-05-01,PHC006,MED005,496,144,20.7,34,3,5,44.0,46.0,71.57142857142857,55
2025-05-02,PHC006,MED005,433,110,27.7,26,4,5,55.0,73.0,72.85714285714286,63
2025-05-03,PHC006,MED005,361,141,32.0,36,5,5,63.0,95.0,71.42857142857143,72
2025-05-04,PHC006,MED005,289,153,20.5,33,6,5,72.0,86.0,68.14285714285714,72
2025-05-05,PHC006,MED005,239,105,31.2,19,0,5,72.0,85.0,66.14285714285714,50
2025-05-06,PHC006,MED005,890,151,29.6,46,1,5,50.0,72.0,61.142857142857146,70
2025-05-07,PHC006,MED005,827,113,33.0,24,2,5,70.0,44.0,60.857142857142854,63
2025-05-08,PHC006,MED005,777,114,24.1,30,3,5,63.0,55.0,63.57142857142857,50
2025-05-09,PHC006,MED005,716,148,21.6,36,4,5,50.0,63.0,62.857142857142854,61
2025-05-10,PHC006,MED005,630,164,33.7,36,5,5,61.0,72.0,62.57142857142857,86
2025-05-11,PHC006,MED005,558,135,31.6,34,6,5,86.0,72.0,64.57142857142857,72
2025-05-12,PHC006,MED005,507,112,20.2,41,0,5,72.0,50.0,64.57142857142857,51
2025-05-13,PHC006,MED005,460,120,34.3,36,1,5,51.0,70.0,64.71428571428571,47
2025-05-14,PHC006,MED005,410,119,29.4,34,2,5,47.0,63.0,61.42857142857143,50
2025-05-15,PHC006,MED005,342,121,34.7,29,3,5,50.0,50.0,59.57142857142857,68
2025-05-16,PHC006,MED005,277,129,33.1,32,4,5,68.0,61.0,62.142857142857146,65
2025-05-17,PHC006,MED005,994,165,34.5,34,5,5,65.0,86.0,62.714285714285715,82
2025-05-18,PHC006,MED005,914,163,24.2,41,6,5,82.0,72.0,62.142857142857146,80
2025-05-19,PHC006,MED005,852,131,22.9,31,0,5,80.0,51.0,63.285714285714285,62
2025-05-20,PHC006,MED005,781,133,30.0,40,1,5,62.0,47.0,64.85714285714286,71
2025-05-21,PHC006,MED005,740,111,26.9,28,2,5,71.0,50.0,68.28571428571429,41
2025-05-22,PHC006,MED005,686,105,27.7,29,3,5,41.0,68.0,67.0,54
2025-05-23,PHC006,MED005,633,118,33.6,31,4,5,54.0,65.0,65.0,53
2025-05-24,PHC006,MED005,551,147,30.9,42,5,5,53.0,82.0,63.285714285714285,82
2025-05-25,PHC006,MED005,453,155,29.6,35,6,5,82.0,80.0,63.285714285714285,98
2025-05-26,PHC006,MED005,403,113,28.6,29,0,5,98.0,62.0,65.85714285714286,50
2025-05-27,PHC006,MED005,325,141,23.3,41,1,5,50.0,71.0,64.14285714285714,78
2025-05-28,PHC006,MED005,270,126,28.2,31,2,5,78.0,41.0,65.14285714285714,55
2025-05-29,PHC006,MED005,216,124,22.5,22,3,5,55.0,54.0,67.14285714285714,54
2025-05-30,PHC006,MED005,678,137,32.7,37,4,5,54.0,53.0,67.14285714285714,65
2025-05-31,PHC006,MED005,597,149,26.0,37,5,5,65.0,82.0,68.85714285714286,81
2025-06-01,PHC006,MED005,528,140,21.3,45,6,6,81.0,98.0,68.71428571428571,69
2025-06-02,PHC006,MED005,458,152,33.8,43,0,6,69.0,50.0,64.57142857142857,70
2025-06-03,PHC006,MED005,403,123,31.7,27,1,6,70.0,78.0,67.42857142857143,55
2025-06-04,PHC006,MED005,342,150,32.3,31,2,6,55.0,55.0,64.14285714285714,61
2025-06-05,PHC006,MED005,290,123,34.0,21,3,6,61.0,54.0,65.0,52
2025-06-06,PHC006,MED005,219,139,26.9,33,4,6,52.0,65.0,64.71428571428571,71
2025-06-07,PHC006,MED005,434,166,34.2,46,5,6,71.0,81.0,65.57142857142857,98
2025-06-08,PHC006,MED005,345,179,23.4,43,6,6,98.0,69.0,68.0,89
2025-06-09,PHC006,MED005,291,111,31.4,36,0,6,89.0,70.0,70.85714285714286,54
2025-06-10,PHC006,MED005,245,104,33.1,30,1,6,54.0,55.0,68.57142857142857,46
2025-06-11,PHC006,MED005,192,108,28.3,19,2,6,46.0,61.0,67.28571428571429,53
2025-06-12,PHC006,MED005,830,145,28.7,22,3,6,53.0,52.0,66.14285714285714,67
2025-06-13,PHC006,MED005,769,124,24.7,25,4,6,67.0,71.0,68.28571428571429,61
2025-06-14,PHC006,MED005,684,143,32.3,34,5,6,61.0,98.0,66.85714285714286,85
2025-06-15,PHC006,MED005,627,134,31.2,29,6,6,85.0,89.0,65.0,57
2025-06-16,PHC006,MED005,572,124,28.7,31,0,6,57.0,54.0,60.42857142857143,55
2025-06-17,PHC006,MED005,505,147,27.6,32,1,6,55.0,46.0,60.57142857142857,67
2025-06-18,PHC006,MED005,459,111,25.9,22,2,6,67.0,53.0,63.57142857142857,46
2025-06-19,PHC006,MED005,392,140,26.6,28,3,6,46.0,67.0,62.57142857142857,67
2025-06-20,PHC006,MED005,321,130,22.3,33,4,6,67.0,61.0,62.57142857142857,71
2025-06-21,PHC006,MED005,589,150,26.0,40,5,6,71.0,85.0,64.0,87
2025-06-22,PHC006,MED005,511,163,31.8,51,6,6,87.0,57.0,64.28571428571429,78
2025-06-23,PHC006,MED005,452,116,33.2,27,0,6,78.0,55.0,67.28571428571429,59
2025-06-24,PHC006,MED005,391,121,28.5,29,1,6,59.0,67.0,67.85714285714286,61
2025-06-25,PHC006,MED005,331,111,31.4,22,2,6,61.0,46.0,67.0,60
2025-06-26,PHC006,MED005,277,121,32.1,30,3,6,60.0,67.0,69.0,54
2025-06-27,PHC006,MED005,224,115,31.4,33,4,6,54.0,71.0,67.14285714285714,53
2025-06-28,PHC006,MED005,689,152,21.8,37,5,6,53.0,87.0,64.57142857142857,81
2025-06-29,PHC006,MED005,617,151,22.2,38,6,6,81.0,78.0,63.714285714285715,72
2025-01-08,PHC007,MED001,615,104,30.2,22,2,1,102.0,84.0,99.0,106
2025-01-09,PHC007,MED001,528,110,33.6,22,3,1,106.0,62.0,102.14285714285714,87
2025-01-10,PHC007,MED001,419,125,30.1,24,4,1,87.0,99.0,105.71428571428571,109
2025-01-11,PHC007,MED001,781,123,30.7,24,5,1,109.0,106.0,107.14285714285714,126
2025-01-12,PHC007,MED001,650,129,21.6,38,6,1,126.0,147.0,110.0,131
2025-01-13,PHC007,MED001,531,113,33.3,29,0,1,131.0,93.0,107.71428571428571,119
2025-01-14,PHC007,MED001,457,102,34.0,22,1,1,119.0,102.0,111.42857142857143,74
2025-01-15,PHC007,MED001,856,135,32.8,32,2,1,74.0,106.0,107.42857142857143,128
2025-01-16,PHC007,MED001,729,126,25.9,36,3,1,128.0,87.0,110.57142857142857,127
2025-01-17,PHC007,MED001,596,125,21.1,28,4,1,127.0,109.0,116.28571428571429,133
2025-01-18,PHC007,MED001,472,130,26.7,36,5,1,133.0,126.0,119.71428571428571,124
2025-01-19,PHC007,MED001,895,154,23.5,41,6,1,124.0,131.0,119.42857142857143,198
2025-01-20,PHC007,MED001,787,104,24.4,25,0,1,198.0,119.0,129.0,108
2025-01-21,PHC007,MED001,683,94,32.2,26,1,1,108.0,74.0,127.42857142857143,104
2025-01-22,PHC007,MED001,558,112,30.9,28,2,1,104.0,128.0,131.71428571428572,125
2025-01-23,PHC007,MED001,491,97,20.3,26,3,1,125.0,127.0,131.28571428571428,67
2025-01-24,PHC007,MED001,387,123,31.4,26,4,1,67.0,133.0,122.71428571428571,104
2025-01-25,PHC007,MED001,810,114,21.8,28,5,1,104.0,124.0,118.57142857142857,108
2025-01-26,PHC007,MED001,693,116,33.7,28,6,1,108.0,198.0,116.28571428571429,117
2025-01-27,PHC007,MED001,629,98,23.5,18,0,1,117.0,108.0,104.71428571428571,64
2025-01-28,PHC007,MED001,537,106,20.6,27,1,1,64.0,104.0,98.42857142857143,92
2025-01-29,PHC007,MED001,425,102,28.4,24,2,1,92.0,125.0,96.71428571428571,112
2025-01-30,PHC007,MED001,361,98,23.4,14,3,1,112.0,67.0,94.85714285714286,64
2025-01-31,PHC007,MED001,742,111,32.8,29,4,1,64.0,104.0,94.42857142857143,96
2025-02-01,PHC007,MED001,631,119,23.7,27,5,2,96.0,108.0,93.28571428571429,111
2025-02-02,PHC007,MED001,510,111,34.2,29,6,2,111.0,117.0,93.71428571428571,121
2025-02-03,PHC007,MED001,442,101,30.6,27,0,2,121.0,64.0,94.28571428571429,68
2025-02-04,PHC007,MED001,369,90,25.2,27,1,2,68.0,92.0,94.85714285714286,73
2025-02-05,PHC007,MED001,279,98,29.4,24,2,2,73.0,112.0,92.14285714285714,90
2025-02-06,PHC007,MED001,485,104,33.9,37,3,2,90.0,64.0,89.0,95
2025-02-07,PHC007,MED001,700,112,33.5,21,4,2,95.0,96.0,93.42857142857143,124
2025-02-08,PHC007,MED001,555,118,28.5,29,5,2,124.0,111.0,97.42857142857143,145
2025-02-09,PHC007,MED001,1045,137,23.4,30,6,2,145.0,121.0,102.28571428571429,200
2025-02-10,PHC007,MED001,952,105,27.2,30,0,2,200.0,68.0,113.57142857142857,93
2025-02-11,PHC007,MED001,871,103,23.1,17,1,2,93.0,73.0,117.14285714285714,81
2025-02-12,PHC007,MED001,775,92,20.4,23,2,2,81.0,90.0,118.28571428571429,96
2025-02-13,PHC007,MED001,683,108,26.1,26,3,2,96.0,95.0,119.14285714285714,92
2025-02-14,PHC007,MED001,609,82,34.6,5,4,2,92.0,124.0,118.71428571428571,74
2025-02-15,PHC007,MED001,1247,121,29.5,37,5,2,74.0,145.0,111.57142857142857,158
2025-02-16,PHC007,MED001,1134,128,30.9,31,6,2,158.0,200.0,113.42857142857143,113
2025-02-17,PHC007,MED001,1034,96,22.8,26,0,2,113.0,93.0,101.0,100
2025-02-18,PHC007,MED001,954,96,29.0,27,1,2,100.0,81.0,102.0,80
2025-02-19,PHC007,MED001,842,119,22.1,27,2,2,80.0,96.0,101.85714285714286,112
2025-02-20,PHC007,MED001,735,102,23.6,30,3,2,112.0,92.0,104.14285714285714,107
2025-02-21,PHC007,MED001,599,141,32.6,43,4,2,107.0,74.0,106.28571428571429,136
2025-02-22,PHC007,MED001,466,140,23.3,40,5,2,136.0,158.0,115.14285714285714,133
2025-02-23,PHC007,MED001,1124,112,30.9,41,6,2,133.0,113.0,111.57142857142857,139
2025-02-24,PHC007,MED001,1043,99,26.3,26,0,2,139.0,100.0,115.28571428571429,81
2025-02-25,PHC007,MED001,908,127,29.2,40,1,2,81.0,80.0,112.57142857142857,135
2025-02-26,PHC007,MED001,823,98,24.1,30,2,2,135.0,112.0,120.42857142857143,85
2025-02-27,PHC007,MED001,713,115,23.7,31,3,2,85.0,107.0,116.57142857142857,110
2025-02-28,PHC007,MED001,617,112,24.6,26,4,2,110.0,136.0,117.0,96
2025-03-01,PHC007,MED001,478,133,32.1,35,5,3,96.0,133.0,111.28571428571429,139
2025-03-02,PHC007,MED001,359,127,25.8,29,6,3,139.0,139.0,112.14285714285714,119
2025-03-03,PHC007,MED001,732,109,31.7,28,0,3,119.0,81.0,109.28571428571429,109
2025-03-04,PHC007,MED001,647,106,33.4,19,1,3,109.0,135.0,113.28571428571429,85
2025-03-05,PHC007,MED001,576,98,27.3,24,2,3,85.0,85.0,106.14285714285714,71
2025-03-06,PHC007,MED001,495,81,23.9,23,3,3,71.0,110.0,104.14285714285714,81
2025-03-07,PHC007,MED001,385,120,34.5,41,4,3,81.0,96.0,100.0,110
2025-03-08,PHC007,MED001,703,141,20.0,32,5,3,110.0,139.0,102.0,157
2025-03-09,PHC007,MED001,540,149,23.1,44,6,3,157.0,119.0,104.57142857142857,163
2025-03-10,PHC007,MED001,981,145,31.7,31,0,3,163.0,109.0,110.85714285714286,140
2025-03-11,PHC007,MED001,886,103,28.0,23,1,3,140.0,85.0,115.28571428571429,95
2025-03-12,PHC007,MED001,806,89,24.5,20,2,3,95.0,71.0,116.71428571428571,80
2025-03-13,PHC007,MED001,735,71,24.1,28,3,3,80.0,81.0,118.0,71
2025-03-14,PHC007,MED001,655,106,25.6,18,4,3,71.0,110.0,116.57142857142857,80
2025-03-15,PHC007,MED001,509,127,21.7,33,5,3,80.0,157.0,112.28571428571429,146
2025-03-16,PHC007,MED001,413,118,27.9,23,6,3,146.0,163.0,110.71428571428571,96
2025-03-17,PHC007,MED001,751,114,30.3,29,0,3,96.0,140.0,101.14285714285714,110
2025-03-18,PHC007,MED001,655,121,23.7,30,1,3,110.0,95.0,96.85714285714286,96
2025-03-19,PHC007,MED001,551,109,30.5,29,2,3,96.0,80.0,97.0,104
2025-03-20,PHC007,MED001,449,114,20.9,22,3,3,104.0,71.0,100.42857142857143,102
2025-03-21,PHC007,MED001,367,90,23.1,24,4,3,102.0,80.0,104.85714285714286,82
2025-03-22,PHC007,MED001,737,130,21.0,33,5,3,82.0,146.0,105.14285714285714,141
2025-03-23,PHC007,MED001,578,142,32.0,36,6,3,141.0,96.0,104.42857142857143,159
2025-03-24,PHC007,MED001,484,89,28.2,22,0,3,159.0,110.0,113.42857142857143,94
2025-03-25,PHC007,MED001,363,120,26.3,24,1,3,94.0,96.0,111.14285714285714,121
2025-03-26,PHC007,MED001,988,126,32.6,37,2,3,121.0,104.0,114.71428571428571,103
2025-03-27,PHC007,MED001,876,119,32.3,39,3,3,103.0,102.0,114.57142857142857,112
2025-03-28,PHC007,MED001,755,102,32.1,22,4,3,112.0,82.0,116.0,121
2025-03-29,PHC007,MED001,576,140,20.2,38,5,3,121.0,141.0,121.57142857142857,179
2025-03-30,PHC007,MED001,883,134,20.8,34,6,3,179.0,159.0,127.0,164
2025-03-31,PHC007,MED001,787,104,25.0,33,0,3,164.0,94.0,127.71428571428571,96
2025-04-01,PHC007,MED001,694,101,33.7,18,1,4,96.0,121.0,128.0,93
2025-04-02,PHC007,MED001,586,118,22.3,32,2,4,93.0,103.0,124.0,108
2025-04-03,PHC007,MED001,496,94,21.5,26,3,4,108.0,112.0,124.71428571428571,90
2025-04-04,PHC007,MED001,400,114,21.4,26,4,4,90.0,121.0,121.57142857142857,96
2025-04-05,PHC007,MED001,617,135,23.7,29,5,4,96.0,179.0,118.0,148
2025-04-06,PHC007,MED001,500,110,20.6,29,6,4,148.0,164.0,113.57142857142857,117
2025-04-07,PHC007,MED001,382,119,34.7,29,0,4,117.0,96.0,106.85714285714286,118
2025-04-08,PHC007,MED001,616,124,29.8,35,1,4,118.0,93.0,110.0,114
2025-04-09,PHC007,MED001,495,132,31.4,31,2,4,114.0,108.0,113.0,121
2025-04-10,PHC007,MED001,391,102,23.1,27,3,4,121.0,90.0,114.85714285714286,104
2025-04-11,PHC007,MED001,310,100,29.6,23,4,4,104.0,96.0,116.85714285714286,81
2025-04-12,PHC007,MED001,594,138,23.2,36,5,4,81.0,148.0,114.71428571428571,140
2025-04-13,PHC007,MED001,477,123,32.5,26,6,4,140.0,117.0,113.57142857142857,117
2025-04-14,PHC007,MED001,366,115,27.5,31,0,4,117.0,118.0,113.57142857142857,111
2025-04-15,PHC007,MED001,276,100,29.1,33,1,4,111.0,114.0,112.57142857142857,90
2025-04-16,PHC007,MED001,600,109,26.4,26,2,4,90.0,121.0,109.14285714285714,113
2025-04-17,PHC007,MED001,490,111,32.2,29,3,4,113.0,104.0,108.0,110
2025-04-18,PHC007,MED001,410,105,27.1,26,4,4,110.0,81.0,108.85714285714286,80
2025-04-19,PHC007,MED001,762,148,24.2,31,5,4,80.0,140.0,108.71428571428571,132
2025-04-20,PHC007,MED001,625,115,23.5,31,6,4,132.0,117.0,107.57142857142857,137
2025-04-21,PHC007,MED001,541,87,25.0,26,0,4,137.0,111.0,110.42857142857143,84
2025-04-22,PHC007,MED001,432,121,25.0,34,1,4,84.0,90.0,106.57142857142857,109
2025-04-23,PHC007,MED001,331,115,31.5,25,2,4,109.0,113.0,109.28571428571429,101
2025-04-24,PHC007,MED001,250,114,27.7,30,3,4,101.0,110.0,107.57142857142857,81
2025-04-25,PHC007,MED001,650,97,24.5,20,4,4,81.0,80.0,103.42857142857143,89
2025-04-26,PHC007,MED001,956,151,28.7,38,5,4,89.0,132.0,104.71428571428571,183
2025-04-27,PHC007,MED001,764,141,31.7,43,6,4,183.0,137.0,112.0,192
2025-04-28,PHC007,MED001,661,98,30.0,18,0,4,192.0,84.0,119.85714285714286,103
2025-04-29,PHC007,MED001,572,98,30.5,29,1,4,103.0,109.0,122.57142857142857,89
2025-04-30,PHC007,MED001,505,94,28.6,24,2,4,89.0,101.0,119.71428571428571,67
2025-05-01,PHC007,MED001,386,127,22.3,26,3,5,67.0,81.0,114.85714285714286,119
2025-05-02,PHC007,MED001,656,140,33.9,35,4,5,119.0,89.0,120.28571428571429,107
2025-05-03,PHC007,MED001,553,121,21.2,34,5,5,107.0,183.0,122.85714285714286,103
2025-05-04,PHC007,MED001,464,101,22.9,23,6,5,103.0,192.0,111.42857142857143,89
2025-05-05,PHC007,MED001,387,84,24.9,12,0,5,89.0,103.0,96.71428571428571,77
2025-05-06,PHC007,MED001,692,130,31.2,28,1,5,77.0,89.0,93.0,121
2025-05-07,PHC007,MED001,609,107,31.8,25,2,5,121.0,67.0,97.57142857142857,83
2025-05-08,PHC007,MED001,489,120,29.6,28,3,5,83.0,119.0,99.85714285714286,120
2025-05-09,PHC007,MED001,408,90,31.4,16,4,5,120.0,107.0,100.0,81
2025-05-10,PHC007,MED001,825,119,30.1,37,5,5,81.0,103.0,96.28571428571429,139
2025-05-11,PHC007,MED001,698,138,31.7,36,6,5,139.0,89.0,101.42857142857143,127
2025-05-12,PHC007,MED001,614,89,27.5,25,0,5,127.0,77.0,106.85714285714286,84
2025-05-13,PHC007,MED001,522,110,20.9,30,1,5,84.0,121.0,107.85714285714286,92
2025-05-14,PHC007,MED001,468,84,24.1,22,2,5,92.0,83.0,103.71428571428571,54
2025-05-15,PHC007,MED001,388,87,34.4,15,3,5,54.0,120.0,99.57142857142857,80
2025-05-16,PHC007,MED001,298,107,24.1,30,4,5,80.0,81.0,93.85714285714286,90
2025-05-17,PHC007,MED001,774,127,21.8,34,5,5,90.0,139.0,95.14285714285714,127
2025-05-18,PHC007,MED001,649,150,26.6,38,6,5,127.0,127.0,93.42857142857143,125
2025-05-19,PHC007,MED001,542,117,32.6,35,0,5,125.0,84.0,93.14285714285714,107
2025-05-20,PHC007,MED001,490,62,30.5,12,1,5,107.0,92.0,96.42857142857143,52
2025-05-21,PHC007,MED001,396,100,33.8,29,2,5,52.0,54.0,90.71428571428571,94
2025-05-22,PHC007,MED001,868,115,32.9,36,3,5,94.0,80.0,96.42857142857143,129
2025-05-23,PHC007,MED001,771,100,23.2,21,4,5,129.0,90.0,103.42857142857143,97
2025-05-24,PHC007,MED001,654,114,30.0,29,5,5,97.0,127.0,104.42857142857143,117
2025-05-25,PHC007,MED001,517,131,33.7,37,6,5,117.0,125.0,103.0,137
2025-05-26,PHC007,MED001,428,89,34.8,26,0,5,137.0,107.0,104.71428571428571,89
2025-05-27,PHC007,MED001,659,131,28.3,33,1,5,89.0,52.0,102.14285714285714,125
2025-05-28,PHC007,MED001,540,119,21.6,41,2,5,125.0,94.0,112.57142857142857,119
2025-05-29,PHC007,MED001,466,93,20.4,30,3,5,119.0,129.0,116.14285714285714,74
2025-05-30,PHC007,MED001,355,122,28.8,26,4,5,74.0,97.0,108.28571428571429,111
2025-05-31,PHC007,MED001,775,125,23.4,29,5,5,111.0,117.0,110.28571428571429,123
2025-06-01,PHC007,MED001,647,136,27.2,38,6,6,123.0,137.0,111.14285714285714,128
2025-06-02,PHC007,MED001,540,120,24.1,18,0,6,128.0,89.0,109.85714285714286,107
2025-06-03,PHC007,MED001,467,97,30.4,27,1,6,107.0,125.0,112.42857142857143,73
2025-06-04,PHC007,MED001,383,113,21.1,29,2,6,73.0,119.0,105.0,84
2025-06-05,PHC007,MED001,618,116,33.6,44,3,6,84.0,74.0,100.0,111
2025-06-06,PHC007,MED001,530,110,24.2,27,4,6,111.0,111.0,105.28571428571429,88
2025-06-07,PHC007,MED001,439,108,20.7,22,5,6,88.0,123.0,102.0,91
2025-06-08,PHC007,MED001,905,112,22.4,37,6,6,91.0,128.0,97.42857142857143,121
2025-06-09,PHC007,MED001,822,104,26.3,28,0,6,121.0,107.0,96.42857142857143,83
2025-06-10,PHC007,MED001,703,133,35.0,40,1,6,83.0,73.0,93.0,119
2025-06-11,PHC007,MED001,614,102,24.4,24,2,6,119.0,84.0,99.57142857142857,89
2025-06-12,PHC007,MED001,521,129,23.0,38,3,6,89.0,111.0,100.28571428571429,93
2025-06-13,PHC007,MED001,410,108,33.3,23,4,6,93.0,88.0,97.71428571428571,111
2025-06-14,PHC007,MED001,881,135,23.0,33,5,6,111.0,91.0,101.0,118
2025-06-15,PHC007,MED001,740,135,32.6,35,6,6,118.0,121.0,104.85714285714286,141
2025-06-16,PHC007,MED001,640,114,33.8,27,0,6,141.0,83.0,107.71428571428571,100
2025-06-17,PHC007,MED001,543,112,30.5,28,1,6,100.0,119.0,110.14285714285714,97
2025-06-18,PHC007,MED001,416,123,23.0,33,2,6,97.0,89.0,107.0,127
2025-06-19,PHC007,MED001,614,126,32.7,27,3,6,127.0,93.0,112.42857142857143,110
2025-06-20,PHC007,MED001,497,121,27.0,30,4,6,110.0,111.0,114.85714285714286,117
2025-06-21,PHC007,MED001,379,118,29.8,35,5,6,117.0,118.0,115.71428571428571,118
2025-06-22,PHC007,MED001,731,123,32.6,33,6,6,118.0,141.0,115.71428571428571,110
2025-06-23,PHC007,MED001,614,114,30.5,32,0,6,110.0,100.0,111.28571428571429,117
2025-06-24,PHC007,MED001,525,111,34.5,20,1,6,117.0,97.0,113.71428571428571,89
2025-06-25,PHC007,MED001,420,111,26.4,23,2,6,89.0,127.0,112.57142857142857,105
2025-06-26,PHC007,MED001,860,99,31.8,22,3,6,105.0,110.0,109.42857142857143,115
2025-06-27,PHC007,MED001,707,124,29.9,26,4,6,115.0,117.0,110.14285714285714,153
2025-06-28,PHC007,MED001,582,106,35.0,32,5,6,153.0,118.0,115.28571428571429,125
2025-06-29,PHC007,MED001,1078,143,20.7,38,6,6,125.0,110.0,116.28571428571429,167
2025-01-08,PHC007,MED002,562,120,34.2,28,2,1,57.0,66.0,71.71428571428571,92
2025-01-09,PHC007,MED002,474,112,21.6,27,3,1,92.0,77.0,75.42857142857143,88
2025-01-10,PHC007,MED002,395,107,34.1,23,4,1,88.0,57.0,77.0,79
2025-01-11,PHC007,MED002,318,133,25.5,31,5,1,79.0,78.0,80.14285714285714,77
2025-01-12,PHC007,MED002,572,124,29.6,32,6,1,77.0,110.0,80.0,90
2025-01-13,PHC007,MED002,513,94,22.0,24,0,1,90.0,57.0,77.14285714285714,59
2025-01-14,PHC007,MED002,447,96,20.1,28,1,1,59.0,57.0,77.42857142857143,66
2025-01-15,PHC007,MED002,349,113,24.4,28,2,1,66.0,92.0,78.71428571428571,98
2025-01-16,PHC007,MED002,271,108,34.8,29,3,1,98.0,88.0,79.57142857142857,78
2025-01-17,PHC007,MED002,204,93,34.4,28,4,1,78.0,79.0,78.14285714285714,67
2025-01-18,PHC007,MED002,477,116,31.7,30,5,1,67.0,77.0,76.42857142857143,79
2025-01-19,PHC007,MED002,373,125,29.6,30,6,1,79.0,90.0,76.71428571428571,104
2025-01-20,PHC007,MED002,315,94,34.8,17,0,1,104.0,59.0,78.71428571428571,58
2025-01-21,PHC007,MED002,618,111,22.0,25,1,1,58.0,66.0,78.57142857142857,83
2025-01-22,PHC007,MED002,519,121,21.8,33,2,1,83.0,98.0,81.0,99
2025-01-23,PHC007,MED002,430,123,22.1,25,3,1,99.0,78.0,81.14285714285714,89
2025-01-24,PHC007,MED002,345,115,20.2,30,4,1,89.0,67.0,82.71428571428571,85
2025-01-25,PHC007,MED002,830,122,22.3,34,5,1,85.0,79.0,85.28571428571429,117
2025-01-26,PHC007,MED002,682,186,24.1,45,6,1,117.0,104.0,90.71428571428571,148
2025-01-27,PHC007,MED002,593,133,24.0,35,0,1,148.0,58.0,97.0,89
2025-01-28,PHC007,MED002,508,104,30.6,19,1,1,89.0,83.0,101.42857142857143,85
2025-01-29,PHC007,MED002,411,121,20.4,28,2,1,85.0,99.0,101.71428571428571,97
2025-01-30,PHC007,MED002,330,88,34.2,26,3,1,97.0,89.0,101.42857142857143,81
2025-01-31,PHC007,MED002,272,116,29.6,27,4,1,81.0,85.0,100.28571428571429,58
2025-02-01,PHC007,MED002,819,106,24.3,38,5,2,58.0,117.0,96.42857142857143,80
2025-02-02,PHC007,MED002,733,118,34.3,22,6,2,80.0,148.0,91.14285714285714,86
2025-02-03,PHC007,MED002,673,107,20.4,27,0,2,86.0,89.0,82.28571428571429,60
2025-02-04,PHC007,MED002,597,111,21.1,27,1,2,60.0,85.0,78.14285714285714,76
2025-02-05,PHC007,MED002,512,104,34.1,23,2,2,76.0,97.0,76.85714285714286,85
2025-02-06,PHC007,MED002,439,109,25.0,29,3,2,85.0,81.0,75.14285714285714,73
2025-02-07,PHC007,MED002,386,82,33.9,9,4,2,73.0,58.0,74.0,53
2025-02-08,PHC007,MED002,309,123,26.1,36,5,2,53.0,80.0,73.28571428571429,77
2025-02-09,PHC007,MED002,847,131,22.6,28,6,2,77.0,86.0,72.85714285714286,90
2025-02-10,PHC007,MED002,782,89,29.2,21,0,2,90.0,60.0,73.42857142857143,65
2025-02-11,PHC007,MED002,687,110,28.4,19,1,2,65.0,76.0,74.14285714285714,95
2025-02-12,PHC007,MED002,626,107,34.9,25,2,2,95.0,85.0,76.85714285714286,61
2025-02-13,PHC007,MED002,546,113,23.3,30,3,2,61.0,73.0,73.42857142857143,80
2025-02-14,PHC007,MED002,482,95,30.8,16,4,2,80.0,53.0,74.42857142857143,64
2025-02-15,PHC007,MED002,641,158,28.9,40,5,2,64.0,77.0,76.0,148
2025-02-16,PHC007,MED002,555,119,24.8,33,6,2,148.0,90.0,86.14285714285714,86
2025-02-17,PHC007,MED002,461,123,30.5,26,0,2,86.0,65.0,85.57142857142857,94
2025-02-18,PHC007,MED002,369,133,22.8,34,1,2,94.0,95.0,89.71428571428571,92
2025-02-19,PHC007,MED002,283,108,28.5,15,2,2,92.0,61.0,89.28571428571429,86
2025-02-20,PHC007,MED002,218,120,33.4,31,3,2,86.0,80.0,92.85714285714286,65
2025-02-21,PHC007,MED002,640,105,30.9,21,4,2,65.0,64.0,90.71428571428571,76
2025-02-22,PHC007,MED002,547,116,23.5,33,5,2,76.0,148.0,92.42857142857143,93
2025-02-23,PHC007,MED002,461,110,24.8,29,6,2,93.0,86.0,84.57142857142857,86
2025-02-24,PHC007,MED002,391,102,23.3,26,0,2,86.0,94.0,84.57142857142857,70
2025-02-25,PHC007,MED002,325,103,22.1,20,1,2,70.0,92.0,81.14285714285714,66
2025-02-26,PHC007,MED002,257,109,24.2,28,2,2,66.0,86.0,77.42857142857143,68
2025-02-27,PHC007,MED002,639,110,32.7,22,3,2,68.0,65.0,74.85714285714286,69
2025-02-28,PHC007,MED002,560,106,32.6,32,4,2,69.0,76.0,75.42857142857143,79
2025-03-01,PHC007,MED002,484,117,28.0,32,5,3,79.0,93.0,75.85714285714286,76
2025-03-02,PHC007,MED002,394,120,22.1,26,6,3,76.0,86.0,73.42857142857143,90
2025-03-03,PHC007,MED002,318,119,24.1,21,0,3,90.0,70.0,74.0,76
2025-03-04,PHC007,MED002,255,101,21.7,25,1,3,76.0,66.0,74.85714285714286,63
2025-03-05,PHC007,MED002,660,118,24.9,34,2,3,63.0,68.0,74.42857142857143,68
2025-03-06,PHC007,MED002,585,103,34.4,29,3,3,68.0,69.0,74.42857142857143,75
2025-03-07,PHC007,MED002,527,102,25.7,28,4,3,75.0,79.0,75.28571428571429,58
2025-03-08,PHC007,MED002,427,129,26.8,34,5,3,58.0,76.0,72.28571428571429,100
2025-03-09,PHC007,MED002,950,150,31.9,37,6,3,100.0,90.0,75.71428571428571,122
2025-03-10,PHC007,MED002,882,97,34.0,21,0,3,122.0,76.0,80.28571428571429,68
2025-03-11,PHC007,MED002,821,97,27.9,15,1,3,68.0,63.0,79.14285714285714,61
2025-03-12,PHC007,MED002,741,110,33.7,31,2,3,61.0,68.0,78.85714285714286,80
2025-03-13,PHC007,MED002,641,121,29.3,34,3,3,80.0,75.0,80.57142857142857,100
2025-03-14,PHC007,MED002,551,116,27.3,30,4,3,100.0,58.0,84.14285714285714,90
2025-03-15,PHC007,MED002,461,118,21.3,30,5,3,90.0,100.0,88.71428571428571,90
2025-03-16,PHC007,MED002,381,91,22.7,25,6,3,90.0,122.0,87.28571428571429,80
2025-03-17,PHC007,MED002,308,124,25.7,21,0,3,80.0,68.0,81.28571428571429,73
2025-03-18,PHC007,MED002,251,116,32.5,38,1,3,73.0,61.0,82.0,57
2025-03-19,PHC007,MED002,537,135,34.6,37,2,3,57.0,80.0,81.42857142857143,76
2025-03-20,PHC007,MED002,461,119,27.5,24,3,3,76.0,100.0,80.85714285714286,76
2025-03-21,PHC007,MED002,370,133,22.3,33,4,3,76.0,90.0,77.42857142857143,91
2025-03-22,PHC007,MED002,299,105,20.7,29,5,3,91.0,90.0,77.57142857142857,71
2025-03-23,PHC007,MED002,741,115,27.3,30,6,3,71.0,80.0,74.85714285714286,107
2025-03-24,PHC007,MED002,648,113,20.9,29,0,3,107.0,73.0,78.71428571428571,93
2025-03-25,PHC007,MED002,578,111,25.7,24,1,3,93.0,57.0,81.57142857142857,70
2025-03-26,PHC007,MED002,505,114,30.7,32,2,3,70.0,76.0,83.42857142857143,73
2025-03-27,PHC007,MED002,439,87,25.3,29,3,3,73.0,76.0,83.0,66
2025-03-28,PHC007,MED002,347,107,26.7,26,4,3,66.0,91.0,81.57142857142857,92
2025-03-29,PHC007,MED002,722,124,31.9,31,5,3,92.0,71.0,81.71428571428571,101
2025-03-30,PHC007,MED002,622,119,22.1,16,6,3,101.0,107.0,86.0,100
2025-03-31,PHC007,MED002,529,146,33.7,33,0,3,100.0,93.0,85.0,93
2025-04-01,PHC007,MED002,466,102,25.0,25,1,4,93.0,70.0,85.0,63
2025-04-02,PHC007,MED002,390,132,31.7,35,2,4,63.0,73.0,84.0,76
2025-04-03,PHC007,MED002,309,117,31.4,32,3,4,76.0,66.0,84.42857142857143,81
2025-04-04,PHC007,MED002,237,128,30.1,41,4,4,81.0,92.0,86.57142857142857,72
2025-04-05,PHC007,MED002,525,140,26.3,34,5,4,72.0,101.0,83.71428571428571,102
2025-04-06,PHC007,MED002,443,127,31.4,27,6,4,102.0,100.0,83.85714285714286,82
2025-04-07,PHC007,MED002,385,111,28.6,28,0,4,82.0,93.0,81.28571428571429,58
2025-04-08,PHC007,MED002,327,99,20.8,21,1,4,58.0,63.0,76.28571428571429,58
2025-04-09,PHC007,MED002,261,94,29.4,15,2,4,58.0,76.0,75.57142857142857,66
2025-04-10,PHC007,MED002,839,118,29.4,27,3,4,66.0,81.0,74.14285714285714,70
2025-04-11,PHC007,MED002,774,111,29.4,27,4,4,70.0,72.0,72.57142857142857,65
2025-04-12,PHC007,MED002,670,127,23.0,30,5,4,65.0,102.0,71.57142857142857,104
2025-04-13,PHC007,MED002,583,106,28.8,27,6,4,104.0,82.0,71.85714285714286,87
2025-04-14,PHC007,MED002,517,112,24.3,30,0,4,87.0,58.0,72.57142857142857,66
2025-04-15,PHC007,MED002,449,93,33.7,22,1,4,66.0,58.0,73.71428571428571,68
2025-04-16,PHC007,MED002,365,114,20.3,30,2,4,68.0,66.0,75.14285714285714,84
2025-04-17,PHC007,MED002,287,133,26.8,34,3,4,84.0,70.0,77.71428571428571,78
2025-04-18,PHC007,MED002,576,136,33.6,28,4,4,78.0,65.0,78.85714285714286,87
2025-04-19,PHC007,MED002,455,141,21.1,29,5,4,87.0,104.0,82.0,121
2025-04-20,PHC007,MED002,357,137,32.8,28,6,4,121.0,87.0,84.42857142857143,98
2025-04-21,PHC007,MED002,287,101,34.6,27,0,4,98.0,66.0,86.0,70
2025-04-22,PHC007,MED002,216,90,28.3,22,1,4,70.0,68.0,86.57142857142857,71
2025-04-23,PHC007,MED002,870,114,25.1,22,2,4,71.0,84.0,87.0,104
2025-04-24,PHC007,MED002,769,127,20.6,33,3,4,104.0,78.0,89.85714285714286,101
2025-04-25,PHC007,MED002,679,118,33.1,31,4,4,101.0,87.0,93.14285714285714,90
2025-04-26,PHC007,MED002,589,100,24.4,27,5,4,90.0,121.0,93.57142857142857,90
2025-04-27,PHC007,MED002,504,97,33.2,28,6,4,90.0,98.0,89.14285714285714,85
2025-04-28,PHC007,MED002,444,98,34.9,26,0,4,85.0,70.0,87.28571428571429,60
2025-04-29,PHC007,MED002,362,103,34.4,29,1,4,60.0,71.0,85.85714285714286,82
2025-04-30,PHC007,MED002,303,99,24.7,28,2,4,82.0,104.0,87.42857142857143,59
2025-05-01,PHC007,MED002,234,108,34.7,20,3,5,59.0,101.0,81.0,69
2025-05-02,PHC007,MED002,859,124,22.5,29,4,5,69.0,90.0,76.42857142857143,91
2025-05-03,PHC007,MED002,755,129,25.5,28,5,5,91.0,90.0,76.57142857142857,104
2025-05-04,PHC007,MED002,662,133,34.4,30,6,5,104.0,85.0,78.57142857142857,93
2025-05-05,PHC007,MED002,624,73,26.3,11,0,5,93.0,60.0,79.71428571428571,38
2025-05-06,PHC007,MED002,542,131,30.1,34,1,5,38.0,82.0,76.57142857142857,82
2025-05-07,PHC007,MED002,448,125,31.3,24,2,5,82.0,59.0,76.57142857142857,94
2025-05-08,PHC007,MED002,371,92,31.1,28,3,5,94.0,69.0,81.57142857142857,77
2025-05-09,PHC007,MED002,301,102,28.8,18,4,5,77.0,91.0,82.71428571428571,70
2025-05-10,PHC007,MED002,537,147,22.0,36,5,5,70.0,104.0,79.71428571428571,120
2025-05-11,PHC007,MED002,443,115,29.9,38,6,5,120.0,93.0,82.0,94
2025-05-12,PHC007,MED002,381,103,27.4,26,0,5,94.0,38.0,82.14285714285714,62
2025-05-13,PHC007,MED002,331,80,34.0,16,1,5,62.0,82.0,85.57142857142857,50
2025-05-14,PHC007,MED002,273,85,34.6,32,2,5,50.0,94.0,81.0,58
2025-05-15,PHC007,MED002,214,105,33.2,20,3,5,58.0,77.0,75.85714285714286,59
2025-05-16,PHC007,MED002,514,130,26.9,30,4,5,59.0,70.0,73.28571428571429,104
2025-05-17,PHC007,MED002,418,127,22.0,38,5,5,104.0,120.0,78.14285714285714,96
2025-05-18,PHC007,MED002,333,143,34.2,42,6,5,96.0,94.0,74.71428571428571,85
2025-05-19,PHC007,MED002,1021,110,29.7,24,0,5,85.0,62.0,73.42857142857143,86
2025-05-20,PHC007,MED002,962,93,24.7,16,1,5,86.0,50.0,76.85714285714286,59
2025-05-21,PHC007,MED002,890,105,26.0,21,2,5,59.0,58.0,78.14285714285714,72
2025-05-22,PHC007,MED002,805,106,30.1,28,3,5,72.0,59.0,80.14285714285714,85
2025-05-23,PHC007,MED002,720,123,32.1,23,4,5,85.0,104.0,83.85714285714286,85
2025-05-24,PHC007,MED002,617,125,31.9,33,5,5,85.0,96.0,81.14285714285714,103
2025-05-25,PHC007,MED002,486,141,32.6,42,6,5,103.0,85.0,82.14285714285714,131
2025-05-26,PHC007,MED002,422,93,24.0,17,0,5,131.0,86.0,88.71428571428571,64
2025-05-27,PHC007,MED002,357,100,34.5,27,1,5,64.0,59.0,85.57142857142857,65
2025-05-28,PHC007,MED002,292,106,26.8,26,2,5,65.0,72.0,86.42857142857143,65
2025-05-29,PHC007,MED002,781,105,31.8,25,3,5,65.0,85.0,85.42857142857143,87
2025-05-30,PHC007,MED002,687,144,31.1,31,4,5,87.0,85.0,85.71428571428571,94
2025-05-31,PHC007,MED002,597,133,20.1,34,5,5,94.0,103.0,87.0,90
2025-06-01,PHC007,MED002,496,144,26.5,32,6,6,90.0,131.0,85.14285714285714,101
2025-06-02,PHC007,MED002,427,115,28.4,27,0,6,101.0,64.0,80.85714285714286,69
2025-06-03,PHC007,MED002,356,120,21.7,21,1,6,69.0,65.0,81.57142857142857,71
2025-06-04,PHC007,MED002,269,113,25.5,31,2,6,71.0,65.0,82.42857142857143,87
2025-06-05,PHC007,MED002,217,84,32.4,25,3,6,87.0,87.0,85.57142857142857,52
2025-06-06,PHC007,MED002,474,138,21.2,32,4,6,52.0,94.0,80.57142857142857,99
2025-06-07,PHC007,MED002,382,117,28.0,20,5,6,99.0,90.0,81.28571428571429,92
2025-06-08,PHC007,MED002,288,116,20.9,21,6,6,92.0,101.0,81.57142857142857,94
2025-06-09,PHC007,MED002,222,101,29.6,19,0,6,94.0,69.0,80.57142857142857,66
2025-06-10,PHC007,MED002,582,108,23.8,25,1,6,66.0,71.0,80.14285714285714,79
2025-06-11,PHC007,MED002,498,113,25.8,28,2,6,79.0,87.0,81.28571428571429,84
2025-06-12,PHC007,MED002,434,102,23.2,25,3,6,84.0,52.0,80.85714285714286,64
2025-06-13,PHC007,MED002,357,124,29.7,28,4,6,64.0,99.0,82.57142857142857,77
2025-06-14,PHC007,MED002,270,108,25.3,27,5,6,77.0,92.0,79.42857142857143,87
2025-06-15,PHC007,MED002,952,126,26.0,30,6,6,87.0,94.0,78.71428571428571,94
2025-06-16,PHC007,MED002,877,103,21.6,29,0,6,94.0,66.0,78.71428571428571,75
2025-06-17,PHC007,MED002,809,94,33.9,23,1,6,75.0,79.0,80.0,68
2025-06-18,PHC007,MED002,720,139,31.9,37,2,6,68.0,84.0,78.42857142857143,89
2025-06-19,PHC007,MED002,662,95,29.7,17,3,6,89.0,64.0,79.14285714285714,58
2025-06-20,PHC007,MED002,573,115,26.5,36,4,6,58.0,77.0,78.28571428571429,89
2025-06-21,PHC007,MED002,441,136,27.8,23,5,6,89.0,87.0,80.0,132
2025-06-22,PHC007,MED002,340,119,28.6,30,6,6,132.0,94.0,86.42857142857143,101
2025-06-23,PHC007,MED002,264,95,27.8,18,0,6,101.0,75.0,87.42857142857143,76
2025-06-24,PHC007,MED002,924,104,21.0,23,1,6,76.0,68.0,87.57142857142857,82
2025-06-25,PHC007,MED002,857,91,28.0,35,2,6,82.0,89.0,89.57142857142857,67
2025-06-26,PHC007,MED002,779,100,29.7,27,3,6,67.0,58.0,86.42857142857143,78
2025-06-27,PHC007,MED002,685,114,28.2,24,4,6,78.0,89.0,89.28571428571429,94
2025-06-28,PHC007,MED002,598,125,34.8,43,5,6,94.0,132.0,90.0,87
2025-06-29,PHC007,MED002,511,115,22.4,28,6,6,87.0,101.0,83.57142857142857,87
2025-01-08,PHC007,MED003,484,126,33.1,35,2,1,43.0,49.0,51.42857142857143,65
2025-01-09,PHC007,MED003,433,100,21.6,28,3,1,65.0,48.0,53.714285714285715,51
2025-01-10,PHC007,MED003,364,135,33.7,30,4,1,51.0,48.0,54.142857142857146,69
2025-01-11,PHC007,MED003,292,106,27.1,25,5,1,69.0,54.0,57.142857142857146,72
2025-01-12,PHC007,MED003,240,106,23.4,21,6,1,72.0,75.0,59.714285714285715,52
2025-01-13,PHC007,MED003,944,127,34.3,24,0,1,52.0,43.0,56.42857142857143,66
2025-01-14,PHC007,MED003,907,92,21.8,22,1,1,66.0,43.0,59.714285714285715,37
2025-01-15,PHC007,MED003,854,109,24.8,23,2,1,37.0,65.0,58.857142857142854,53
2025-01-16,PHC007,MED003,807,92,20.0,18,3,1,53.0,51.0,57.142857142857146,47
2025-01-17,PHC007,MED003,751,107,33.6,26,4,1,47.0,69.0,56.57142857142857,56
2025-01-18,PHC007,MED003,661,128,22.1,38,5,1,56.0,72.0,54.714285714285715,90
2025-01-19,PHC007,MED003,591,121,23.2,34,6,1,90.0,52.0,57.285714285714285,70
2025-01-20,PHC007,MED003,545,104,32.3,25,0,1,70.0,66.0,59.857142857142854,46
2025-01-21,PHC007,MED003,510,85,21.4,8,1,1,46.0,37.0,57.0,35
2025-01-22,PHC007,MED003,471,85,21.8,19,2,1,35.0,53.0,56.714285714285715,39
2025-01-23,PHC007,MED003,429,90,21.6,19,3,1,39.0,47.0,54.714285714285715,42
2025-01-24,PHC007,MED003,358,124,31.5,28,4,1,42.0,56.0,54.0,71
2025-01-25,PHC007,MED003,289,121,29.1,31,5,1,71.0,90.0,56.142857142857146,69
2025-01-26,PHC007,MED003,217,108,24.0,27,6,1,69.0,70.0,53.142857142857146,72
2025-01-27,PHC007,MED003,915,132,22.3,33,0,1,72.0,46.0,53.42857142857143,85
2025-01-28,PHC007,MED003,857,97,30.2,29,1,1,85.0,35.0,59.0,58
2025-01-29,PHC007,MED003,805,91,29.4,29,2,1,58.0,39.0,62.285714285714285,52
2025-01-30,PHC007,MED003,756,106,31.4,29,3,1,52.0,42.0,64.14285714285714,49
2025-01-31,PHC007,MED003,693,109,20.2,34,4,1,49.0,71.0,65.14285714285714,63
2025-02-01,PHC007,MED003,620,128,20.8,28,5,2,63.0,69.0,64.0,73
2025-02-02,PHC007,MED003,527,138,29.6,38,6,2,73.0,72.0,64.57142857142857,93
2025-02-03,PHC007,MED003,452,130,21.4,28,0,2,93.0,85.0,67.57142857142857,75
2025-02-04,PHC007,MED003,390,130,33.6,35,1,2,75.0,58.0,66.14285714285714,62
2025-02-05,PHC007,MED003,334,110,28.4,32,2,2,62.0,52.0,66.71428571428571,56
2025-02-06,PHC007,MED003,276,104,32.7,18,3,2,56.0,49.0,67.28571428571429,58
2025-02-07,PHC007,MED003,238,97,23.0,31,4,2,58.0,63.0,68.57142857142857,38
2025-02-08,PHC007,MED003,182,117,30.7,34,5,2,38.0,73.0,65.0,56
2025-02-09,PHC007,MED003,640,149,28.6,35,6,2,56.0,93.0,62.57142857142857,83
2025-02-10,PHC007,MED003,591,83,25.8,16,0,2,83.0,75.0,61.142857142857146,49
2025-02-11,PHC007,MED003,547,104,25.8,38,1,2,49.0,62.0,57.42857142857143,44
2025-02-12,PHC007,MED003,491,102,32.2,34,2,2,44.0,56.0,54.857142857142854,56
2025-02-13,PHC007,MED003,441,110,30.4,38,3,2,56.0,58.0,54.857142857142854,50
2025-02-14,PHC007,MED003,382,115,25.5,24,4,2,50.0,38.0,53.714285714285715,59
2025-02-15,PHC007,MED003,309,116,32.9,25,5,2,59.0,56.0,56.714285714285715,73
2025-02-16,PHC007,MED003,243,117,30.8,27,6,2,73.0,83.0,59.142857142857146,66
2025-02-17,PHC007,MED003,193,97,33.2,25,0,2,66.0,49.0,56.714285714285715,50
2025-02-18,PHC007,MED003,782,104,28.2,23,1,2,50.0,44.0,56.857142857142854,52
2025-02-19,PHC007,MED003,740,103,24.8,25,2,2,52.0,56.0,58.0,42
2025-02-20,PHC007,MED003,692,92,25.1,19,3,2,42.0,50.0,56.0,48
2025-02-21,PHC007,MED003,637,116,29.8,32,4,2,48.0,59.0,55.714285714285715,55
2025-02-22,PHC007,MED003,562,121,30.4,20,5,2,55.0,73.0,55.142857142857146,75
2025-02-23,PHC007,MED003,492,135,33.6,41,6,2,75.0,66.0,55.42857142857143,70
2025-02-24,PHC007,MED003,444,91,32.5,28,0,2,70.0,50.0,56.0,48
2025-02-25,PHC007,MED003,387,111,20.6,29,1,2,48.0,52.0,55.714285714285715,57
2025-02-26,PHC007,MED003,307,135,28.8,36,2,2,57.0,42.0,56.42857142857143,80
2025-02-27,PHC007,MED003,246,115,34.1,29,3,2,80.0,48.0,61.857142857142854,61
2025-02-28,PHC007,MED003,204,119,20.7,24,4,2,61.0,55.0,63.714285714285715,42
2025-03-01,PHC007,MED003,590,117,24.2,30,5,3,42.0,75.0,61.857142857142854,85
2025-03-02,PHC007,MED003,541,90,31.3,19,6,3,85.0,70.0,63.285714285714285,49
2025-03-03,PHC007,MED003,492,105,23.9,26,0,3,49.0,48.0,60.285714285714285,49
2025-03-04,PHC007,MED003,438,111,26.4,33,1,3,49.0,57.0,60.42857142857143,54
2025-03-05,PHC007,MED003,363,124,20.4,36,2,3,54.0,80.0,60.0,75
2025-03-06,PHC007,MED003,312,110,34.8,25,3,3,75.0,61.0,59.285714285714285,51
2025-03-07,PHC007,MED003,261,94,33.0,32,4,3,51.0,42.0,57.857142857142854,51
2025-03-08,PHC007,MED003,925,101,33.4,21,5,3,51.0,85.0,59.142857142857146,69
2025-03-09,PHC007,MED003,855,122,30.8,35,6,3,69.0,49.0,56.857142857142854,70
2025-03-10,PHC007,MED003,781,133,35.0,37,0,3,70.0,49.0,59.857142857142854,74
2025-03-11,PHC007,MED003,727,111,31.7,24,1,3,74.0,54.0,63.42857142857143,54
2025-03-12,PHC007,MED003,664,109,26.5,37,2,3,54.0,75.0,63.42857142857143,63
2025-03-13,PHC007,MED003,617,100,22.1,21,3,3,63.0,51.0,61.714285714285715,47
2025-03-14,PHC007,MED003,581,67,31.2,11,4,3,47.0,51.0,61.142857142857146,36
2025-03-15,PHC007,MED003,466,137,31.0,36,5,3,36.0,69.0,59.0,115
2025-03-16,PHC007,MED003,403,122,30.9,31,6,3,115.0,70.0,65.57142857142857,63
2025-03-17,PHC007,MED003,341,118,27.6,19,0,3,63.0,74.0,64.57142857142857,62
2025-03-18,PHC007,MED003,310,78,21.9,20,1,3,62.0,54.0,62.857142857142854,31
2025-03-19,PHC007,MED003,243,103,26.5,28,2,3,31.0,63.0,59.57142857142857,67
2025-03-20,PHC007,MED003,192,86,25.4,20,3,3,67.0,47.0,60.142857142857146,51
2025-03-21,PHC007,MED003,912,120,22.4,36,4,3,51.0,36.0,60.714285714285715,53
2025-03-22,PHC007,MED003,855,108,22.8,30,5,3,53.0,115.0,63.142857142857146,57
2025-03-23,PHC007,MED003,787,131,28.5,35,6,3,57.0,63.0,54.857142857142854,68
2025-03-24,PHC007,MED003,715,102,26.0,20,0,3,68.0,62.0,55.57142857142857,72
2025-03-25,PHC007,MED003,663,94,33.8,22,1,3,72.0,31.0,57.0,52
2025-03-26,PHC007,MED003,624,83,28.1,14,2,3,52.0,67.0,60.0,39
2025-03-27,PHC007,MED003,575,98,24.8,21,3,3,39.0,51.0,56.0,49
2025-03-28,PHC007,MED003,529,100,25.1,24,4,3,49.0,53.0,55.714285714285715,46
2025-03-29,PHC007,MED003,441,127,32.5,19,5,3,46.0,57.0,54.714285714285715,88
2025-03-30,PHC007,MED003,359,122,32.6,31,6,3,88.0,68.0,59.142857142857146,82
2025-03-31,PHC007,MED003,307,101,20.4,25,0,3,82.0,72.0,61.142857142857146,52
2025-04-01,PHC007,MED003,239,129,34.0,35,1,4,52.0,52.0,58.285714285714285,68
2025-04-02,PHC007,MED003,188,120,24.9,36,2,4,68.0,39.0,60.57142857142857,51
2025-04-03,PHC007,MED003,921,99,21.0,23,3,4,51.0,49.0,62.285714285714285,52
2025-04-04,PHC007,MED003,885,90,25.3,29,4,4,52.0,46.0,62.714285714285715,36
2025-04-05,PHC007,MED003,786,140,21.2,38,5,4,36.0,88.0,61.285714285714285,99
2025-04-06,PHC007,MED003,700,152,33.1,36,6,4,99.0,82.0,62.857142857142854,86
2025-04-07,PHC007,MED003,646,105,30.8,27,0,4,86.0,52.0,63.42857142857143,54
2025-04-08,PHC007,MED003,591,119,34.2,28,1,4,54.0,68.0,63.714285714285715,55
2025-04-09,PHC007,MED003,553,79,25.2,15,2,4,55.0,51.0,61.857142857142854,38
2025-04-10,PHC007,MED003,497,109,22.1,27,3,4,38.0,52.0,60.0,56
2025-04-11,PHC007,MED003,436,111,31.0,30,4,4,56.0,36.0,60.57142857142857,61
2025-04-12,PHC007,MED003,349,142,32.5,40,5,4,61.0,99.0,64.14285714285714,87
2025-04-13,PHC007,MED003,889,136,28.6,34,6,4,87.0,86.0,62.42857142857143,89
2025-04-14,PHC007,MED003,838,105,22.7,23,0,4,89.0,54.0,62.857142857142854,51
2025-04-15,PHC007,MED003,778,110,29.1,30,1,4,51.0,55.0,62.42857142857143,60
2025-04-16,PHC007,MED003,732,89,20.6,25,2,4,60.0,38.0,63.142857142857146,46
2025-04-17,PHC007,MED003,663,112,22.9,22,3,4,46.0,56.0,64.28571428571429,69
2025-04-18,PHC007,MED003,626,98,29.8,26,4,4,69.0,61.0,66.14285714285714,37
2025-04-19,PHC007,MED003,564,114,32.1,30,5,4,37.0,87.0,62.714285714285715,62
2025-04-20,PHC007,MED003,493,128,24.3,39,6,4,62.0,89.0,59.142857142857146,71
2025-04-21,PHC007,MED003,422,135,27.4,35,0,4,71.0,51.0,56.57142857142857,71
2025-04-22,PHC007,MED003,373,102,25.9,22,1,4,71.0,60.0,59.42857142857143,49
2025-04-23,PHC007,MED003,328,98,33.5,18,2,4,49.0,46.0,57.857142857142854,45
2025-04-24,PHC007,MED003,279,79,28.1,19,3,4,45.0,69.0,57.714285714285715,49
2025-04-25,PHC007,MED003,228,98,29.7,24,4,4,49.0,37.0,54.857142857142854,51
2025-04-26,PHC007,MED003,762,139,24.2,34,5,4,51.0,62.0,56.857142857142854,101
2025-04-27,PHC007,MED003,694,107,28.0,29,6,4,101.0,71.0,62.42857142857143,68
2025-04-28,PHC007,MED003,646,96,31.2,26,0,4,68.0,71.0,62.0,48
2025-04-29,PHC007,MED003,590,107,24.5,30,1,4,48.0,49.0,58.714285714285715,56
2025-04-30,PHC007,MED003,541,97,28.2,28,2,4,56.0,45.0,59.714285714285715,49
2025-05-01,PHC007,MED003,499,100,26.2,26,3,5,49.0,49.0,60.285714285714285,42
2025-05-02,PHC007,MED003,443,109,24.7,23,4,5,42.0,51.0,59.285714285714285,56
2025-05-03,PHC007,MED003,375,141,32.2,43,5,5,56.0,101.0,60.0,68
2025-05-04,PHC007,MED003,302,128,29.1,37,6,5,68.0,68.0,55.285714285714285,73
2025-05-05,PHC007,MED003,247,109,29.8,35,0,5,73.0,48.0,56.0,55
2025-05-06,PHC007,MED003,194,88,23.8,23,1,5,55.0,56.0,57.0,53
2025-05-07,PHC007,MED003,719,110,26.5,41,2,5,53.0,49.0,56.57142857142857,49
2025-05-08,PHC007,MED003,669,100,30.9,26,3,5,49.0,42.0,56.57142857142857,50
2025-05-09,PHC007,MED003,621,99,25.4,33,4,5,50.0,56.0,57.714285714285715,48
2025-05-10,PHC007,MED003,562,105,22.5,21,5,5,48.0,68.0,56.57142857142857,59
2025-05-11,PHC007,MED003,477,127,23.0,30,6,5,59.0,73.0,55.285714285714285,85
2025-05-12,PHC007,MED003,407,147,20.7,34,0,5,85.0,55.0,57.0,70
2025-05-13,PHC007,MED003,348,98,31.1,25,1,5,70.0,53.0,59.142857142857146,59
2025-05-14,PHC007,MED003,304,92,31.8,19,2,5,59.0,49.0,60.0,44
2025-05-15,PHC007,MED003,255,96,30.3,29,3,5,44.0,50.0,59.285714285714285,49
2025-05-16,PHC007,MED003,660,142,28.4,38,4,5,49.0,48.0,59.142857142857146,74
2025-05-17,PHC007,MED003,585,128,22.0,32,5,5,74.0,59.0,62.857142857142854,75
2025-05-18,PHC007,MED003,512,123,22.8,31,6,5,75.0,85.0,65.14285714285714,73
2025-05-19,PHC007,MED003,460,96,25.2,22,0,5,73.0,70.0,63.42857142857143,52
2025-05-20,PHC007,MED003,406,103,30.3,21,1,5,52.0,59.0,60.857142857142854,54
2025-05-21,PHC007,MED003,365,103,23.4,22,2,5,54.0,44.0,60.142857142857146,41
2025-05-22,PHC007,MED003,312,110,32.0,27,3,5,41.0,49.0,59.714285714285715,53
2025-05-23,PHC007,MED003,261,107,22.1,24,4,5,53.0,74.0,60.285714285714285,51
2025-05-24,PHC007,MED003,574,108,26.0,25,5,5,51.0,75.0,57.0,81
2025-05-25,PHC007,MED003,501,145,22.2,30,6,5,81.0,73.0,57.857142857142854,73
2025-05-26,PHC007,MED003,447,117,25.2,36,0,5,73.0,52.0,57.857142857142854,54
2025-05-27,PHC007,MED003,401,102,27.4,19,1,5,54.0,54.0,58.142857142857146,46
2025-05-28,PHC007,MED003,351,105,25.1,24,2,5,46.0,41.0,57.0,50
2025-05-29,PHC007,MED003,273,127,26.5,35,3,5,50.0,53.0,58.285714285714285,78
2025-05-30,PHC007,MED003,214,113,23.5,29,4,5,78.0,51.0,61.857142857142854,59
2025-05-31,PHC007,MED003,602,139,33.5,37,5,5,59.0,81.0,63.0,72
2025-06-01,PHC007,MED003,524,151,26.8,37,6,6,72.0,73.0,61.714285714285715,78
2025-06-02,PHC007,MED003,453,133,22.0,34,0,6,78.0,54.0,62.42857142857143,71
2025-06-03,PHC007,MED003,384,135,26.6,30,1,6,71.0,46.0,64.85714285714286,69
2025-06-04,PHC007,MED003,347,69,22.1,28,2,6,69.0,50.0,68.14285714285714,37
2025-06-05,PHC007,MED003,288,115,30.8,16,3,6,37.0,78.0,66.28571428571429,59
2025-06-06,PHC007,MED003,234,110,31.4,19,4,6,59.0,59.0,63.57142857142857,54
2025-06-07,PHC007,MED003,521,131,23.9,32,5,6,54.0,72.0,62.857142857142854,73
2025-06-08,PHC007,MED003,460,98,26.6,23,6,6,73.0,78.0,63.0,61
2025-06-09,PHC007,MED003,401,125,23.5,36,0,6,61.0,71.0,60.57142857142857,59
2025-06-10,PHC007,MED003,346,96,20.3,20,1,6,59.0,69.0,58.857142857142854,55
2025-06-11,PHC007,MED003,313,80,26.5,10,2,6,55.0,37.0,56.857142857142854,33
2025-06-12,PHC007,MED003,263,103,25.0,25,3,6,33.0,59.0,56.285714285714285,50
2025-06-13,PHC007,MED003,226,85,33.8,23,4,6,50.0,54.0,55.0,37
2025-06-14,PHC007,MED003,509,140,30.9,40,5,6,37.0,73.0,52.57142857142857,68
2025-06-15,PHC007,MED003,438,133,23.2,44,6,6,68.0,61.0,51.857142857142854,71
2025-06-16,PHC007,MED003,396,114,28.0,19,0,6,71.0,59.0,53.285714285714285,42
2025-06-17,PHC007,MED003,342,95,34.0,22,1,6,42.0,55.0,50.857142857142854,54
2025-06-18,PHC007,MED003,300,96,20.9,17,2,6,54.0,33.0,50.714285714285715,42
2025-06-19,PHC007,MED003,229,128,32.9,28,3,6,42.0,50.0,52.0,71
2025-06-20,PHC007,MED003,707,114,30.8,30,4,6,71.0,37.0,55.0,63
2025-06-21,PHC007,MED003,621,132,25.7,29,5,6,63.0,68.0,58.714285714285715,86
2025-06-22,PHC007,MED003,547,133,21.7,39,6,6,86.0,71.0,61.285714285714285,74
2025-06-23,PHC007,MED003,492,126,22.9,31,0,6,74.0,42.0,61.714285714285715,55
2025-06-24,PHC007,MED003,425,133,23.0,38,1,6,55.0,54.0,63.57142857142857,67
2025-06-25,PHC007,MED003,363,124,31.9,28,2,6,67.0,42.0,65.42857142857143,62
2025-06-26,PHC007,MED003,302,125,32.8,26,3,6,62.0,71.0,68.28571428571429,61
2025-06-27,PHC007,MED003,253,91,21.6,15,4,6,61.0,63.0,66.85714285714286,49
2025-06-28,PHC007,MED003,759,133,28.8,33,5,6,49.0,86.0,64.85714285714286,103
2025-06-29,PHC007,MED003,677,113,34.4,35,6,6,103.0,74.0,67.28571428571429,82
2025-01-08,PHC007,MED004,838,136,21.2,33,2,1,52.0,51.0,61.714285714285715,58
2025-01-09,PHC007,MED004,763,112,24.1,26,3,1,58.0,65.0,62.714285714285715,75
2025-01-10,PHC007,MED004,694,117,29.7,30,4,1,75.0,59.0,64.14285714285714,69
2025-01-11,PHC007,MED004,617,124,28.4,24,5,1,69.0,79.0,65.57142857142857,77
2025-01-12,PHC007,MED004,516,123,29.6,33,6,1,77.0,70.0,65.28571428571429,101
2025-01-13,PHC007,MED004,462,115,24.7,26,0,1,101.0,56.0,69.71428571428571,54
2025-01-14,PHC007,MED004,389,123,20.7,37,1,1,54.0,52.0,69.42857142857143,73
2025-01-15,PHC007,MED004,315,134,31.8,33,2,1,73.0,58.0,72.42857142857143,74
2025-01-16,PHC007,MED004,239,131,29.4,28,3,1,74.0,75.0,74.71428571428571,76
2025-01-17,PHC007,MED004,197,85,23.6,19,4,1,76.0,69.0,74.85714285714286,42
2025-01-18,PHC007,MED004,744,133,32.5,43,5,1,42.0,77.0,71.0,93
2025-01-19,PHC007,MED004,658,131,20.7,35,6,1,93.0,101.0,73.28571428571429,86
2025-01-20,PHC007,MED004,593,101,21.5,25,0,1,86.0,54.0,71.14285714285714,65
2025-01-21,PHC007,MED004,542,105,21.5,28,1,1,65.0,73.0,72.71428571428571,51
2025-01-22,PHC007,MED004,478,104,20.5,23,2,1,51.0,74.0,69.57142857142857,64
2025-01-23,PHC007,MED004,413,99,31.0,23,3,1,64.0,76.0,68.14285714285714,65
2025-01-24,PHC007,MED004,361,93,29.6,15,4,1,65.0,42.0,66.57142857142857,52
2025-01-25,PHC007,MED004,288,130,23.6,41,5,1,52.0,93.0,68.0,73
2025-01-26,PHC007,MED004,623,116,27.2,39,6,1,73.0,86.0,65.14285714285714,90
2025-01-27,PHC007,MED004,572,107,27.0,19,0,1,90.0,65.0,65.71428571428571,51
2025-01-28,PHC007,MED004,516,107,22.8,23,1,1,51.0,51.0,63.714285714285715,56
2025-01-29,PHC007,MED004,445,122,21.2,31,2,1,56.0,64.0,64.42857142857143,71
2025-01-30,PHC007,MED004,382,102,20.1,30,3,1,71.0,65.0,65.42857142857143,63
2025-01-31,PHC007,MED004,318,117,28.4,31,4,1,63.0,52.0,65.14285714285714,64
2025-02-01,PHC007,MED004,251,122,29.1,27,5,2,64.0,73.0,66.85714285714286,67
2025-02-02,PHC007,MED004,931,133,20.1,35,6,2,67.0,90.0,66.0,71
2025-02-03,PHC007,MED004,876,127,29.3,33,0,2,71.0,51.0,63.285714285714285,55
2025-02-04,PHC007,MED004,821,112,23.9,23,1,2,55.0,56.0,63.857142857142854,55
2025-02-05,PHC007,MED004,747,124,25.1,34,2,2,55.0,71.0,63.714285714285715,74
2025-02-06,PHC007,MED004,688,117,26.8,23,3,2,74.0,63.0,64.14285714285714,59
2025-02-07,PHC007,MED004,625,108,21.7,19,4,2,59.0,64.0,63.57142857142857,63
2025-02-08,PHC007,MED004,539,125,26.2,25,5,2,63.0,67.0,63.42857142857143,86
2025-02-09,PHC007,MED004,457,137,22.0,29,6,2,86.0,71.0,66.14285714285714,82
2025-02-10,PHC007,MED004,413,85,33.9,26,0,2,82.0,55.0,67.71428571428571,44
2025-02-11,PHC007,MED004,349,112,23.1,32,1,2,44.0,55.0,66.14285714285714,64
2025-02-12,PHC007,MED004,286,124,32.8,34,2,2,64.0,74.0,67.42857142857143,63
2025-02-13,PHC007,MED004,224,110,22.1,30,3,2,63.0,59.0,65.85714285714286,62
2025-02-14,PHC007,MED004,172,95,31.4,13,4,2,62.0,63.0,66.28571428571429,52
2025-02-15,PHC007,MED004,572,139,25.9,38,5,2,52.0,86.0,64.71428571428571,95
2025-02-16,PHC007,MED004,460,132,30.9,37,6,2,95.0,82.0,66.0,112
2025-02-17,PHC007,MED004,390,108,26.2,33,0,2,112.0,44.0,70.28571428571429,70
2025-02-18,PHC007,MED004,318,119,29.4,32,1,2,70.0,64.0,74.0,72
2025-02-19,PHC007,MED004,253,114,26.0,26,2,2,72.0,63.0,75.14285714285714,65
2025-02-20,PHC007,MED004,206,93,33.3,22,3,2,65.0,62.0,75.42857142857143,47
2025-02-21,PHC007,MED004,945,117,25.7,31,4,2,47.0,52.0,73.28571428571429,61
2025-02-22,PHC007,MED004,869,106,33.5,23,5,2,61.0,95.0,74.57142857142857,76
2025-02-23,PHC007,MED004,794,120,23.5,21,6,2,76.0,112.0,71.85714285714286,75
2025-02-24,PHC007,MED004,730,127,27.3,32,0,2,75.0,70.0,66.57142857142857,64
2025-02-25,PHC007,MED004,672,95,32.6,20,1,2,64.0,72.0,65.71428571428571,58
2025-02-26,PHC007,MED004,595,110,22.7,20,2,2,58.0,65.0,63.714285714285715,77
2025-02-27,PHC007,MED004,553,100,21.7,21,3,2,77.0,47.0,65.42857142857143,42
2025-02-28,PHC007,MED004,498,98,20.9,19,4,2,42.0,61.0,64.71428571428571,55
2025-03-01,PHC007,MED004,397,134,20.7,43,5,3,55.0,76.0,63.857142857142854,101
2025-03-02,PHC007,MED004,311,124,28.7,23,6,3,101.0,75.0,67.42857142857143,86
2025-03-03,PHC007,MED004,245,116,27.2,31,0,3,86.0,64.0,69.0,66
2025-03-04,PHC007,MED004,197,105,28.0,26,1,3,66.0,58.0,69.28571428571429,48
2025-03-05,PHC007,MED004,858,115,20.8,33,2,3,48.0,77.0,67.85714285714286,62
2025-03-06,PHC007,MED004,813,86,27.9,22,3,3,62.0,42.0,65.71428571428571,45
2025-03-07,PHC007,MED004,770,80,28.6,16,4,3,45.0,55.0,66.14285714285714,43
2025-03-08,PHC007,MED004,689,140,26.7,30,5,3,43.0,101.0,64.42857142857143,81
2025-03-09,PHC007,MED004,617,117,27.4,31,6,3,81.0,86.0,61.57142857142857,72
2025-03-10,PHC007,MED004,553,123,26.1,34,0,3,72.0,66.0,59.57142857142857,64
2025-03-11,PHC007,MED004,486,122,29.3,28,1,3,64.0,48.0,59.285714285714285,67
2025-03-12,PHC007,MED004,438,83,33.4,6,2,3,67.0,62.0,62.0,48
2025-03-13,PHC007,MED004,364,109,32.8,29,3,3,48.0,45.0,60.0,74
2025-03-14,PHC007,MED004,292,117,32.9,26,4,3,74.0,43.0,64.14285714285714,72
2025-03-15,PHC007,MED004,1000,133,26.9,34,5,3,72.0,81.0,68.28571428571429,81
2025-03-16,PHC007,MED004,926,115,32.3,32,6,3,81.0,72.0,68.28571428571429,74
2025-03-17,PHC007,MED004,874,83,29.1,26,0,3,74.0,64.0,68.57142857142857,52
2025-03-18,PHC007,MED004,796,115,27.6,39,1,3,52.0,67.0,66.85714285714286,78
2025-03-19,PHC007,MED004,710,123,30.7,33,2,3,78.0,48.0,68.42857142857143,86
2025-03-20,PHC007,MED004,673,90,20.8,14,3,3,86.0,74.0,73.85714285714286,37
2025-03-21,PHC007,MED004,618,101,23.1,24,4,3,37.0,72.0,68.57142857142857,55
2025-03-22,PHC007,MED004,537,132,26.4,27,5,3,55.0,81.0,66.14285714285714,81
2025-03-23,PHC007,MED004,460,125,25.8,30,6,3,81.0,74.0,66.14285714285714,77
2025-03-24,PHC007,MED004,382,116,26.3,21,0,3,77.0,52.0,66.57142857142857,78
2025-03-25,PHC007,MED004,302,128,27.9,38,1,3,78.0,78.0,70.28571428571429,80
2025-03-26,PHC007,MED004,243,108,32.7,28,2,3,80.0,86.0,70.57142857142857,59
2025-03-27,PHC007,MED004,647,127,22.5,37,3,3,59.0,37.0,66.71428571428571,78
2025-03-28,PHC007,MED004,591,108,31.6,22,4,3,78.0,55.0,72.57142857142857,56
2025-03-29,PHC007,MED004,494,124,33.0,19,5,3,56.0,81.0,72.71428571428571,97
2025-03-30,PHC007,MED004,417,110,28.2,17,6,3,97.0,77.0,75.0,77
2025-03-31,PHC007,MED004,379,101,23.3,36,0,3,77.0,78.0,75.0,38
2025-04-01,PHC007,MED004,318,103,24.8,23,1,4,38.0,80.0,69.28571428571429,61
2025-04-02,PHC007,MED004,259,105,32.5,22,2,4,61.0,59.0,66.57142857142857,59
2025-04-03,PHC007,MED004,195,105,28.4,23,3,4,59.0,78.0,66.57142857142857,64
2025-04-04,PHC007,MED004,155,94,32.5,29,4,4,64.0,56.0,64.57142857142857,40
2025-04-05,PHC007,MED004,723,139,33.5,26,5,4,40.0,97.0,62.285714285714285,92
2025-04-06,PHC007,MED004,647,121,26.1,38,6,4,92.0,77.0,61.57142857142857,76
2025-04-07,PHC007,MED004,581,131,25.9,34,0,4,76.0,38.0,61.42857142857143,66
2025-04-08,PHC007,MED004,511,103,30.8,25,1,4,66.0,61.0,65.42857142857143,70
2025-04-09,PHC007,MED004,466,96,21.4,22,2,4,70.0,59.0,66.71428571428571,45
2025-04-10,PHC007,MED004,397,125,31.6,30,3,4,45.0,64.0,64.71428571428571,69
2025-04-11,PHC007,MED004,354,93,29.9,24,4,4,69.0,40.0,65.42857142857143,43
2025-04-12,PHC007,MED004,704,157,30.4,45,5,4,43.0,92.0,65.85714285714286,106
2025-04-13,PHC007,MED004,630,107,28.1,33,6,4,106.0,76.0,67.85714285714286,74
2025-04-14,PHC007,MED004,574,117,31.2,28,0,4,74.0,66.0,67.57142857142857,56
2025-04-15,PHC007,MED004,529,101,21.6,23,1,4,56.0,70.0,66.14285714285714,45
2025-04-16,PHC007,MED004,456,111,31.4,30,2,4,45.0,45.0,62.57142857142857,73
2025-04-17,PHC007,MED004,383,121,21.0,33,3,4,73.0,69.0,66.57142857142857,73
2025-04-18,PHC007,MED004,329,101,26.4,22,4,4,73.0,43.0,67.14285714285714,54
2025-04-19,PHC007,MED004,1041,147,21.8,38,5,4,54.0,106.0,68.71428571428571,87
2025-04-20,PHC007,MED004,970,105,24.6,37,6,4,87.0,74.0,66.0,71
2025-04-21,PHC007,MED004,912,96,31.0,18,0,4,71.0,56.0,65.57142857142857,58
2025-04-22,PHC007,MED004,861,106,32.6,18,1,4,58.0,45.0,65.85714285714286,51
2025-04-23,PHC007,MED004,792,112,26.2,37,2,4,51.0,73.0,66.71428571428571,69
2025-04-24,PHC007,MED004,726,103,33.5,26,3,4,69.0,73.0,66.14285714285714,66
2025-04-25,PHC007,MED004,656,124,29.7,34,4,4,66.0,54.0,65.14285714285714,70
2025-04-26,PHC007,MED004,536,136,33.1,30,5,4,70.0,87.0,67.42857142857143,120
2025-04-27,PHC007,MED004,449,122,30.0,37,6,4,120.0,71.0,72.14285714285714,87
2025-04-28,PHC007,MED004,393,118,20.1,32,0,4,87.0,58.0,74.42857142857143,56
2025-04-29,PHC007,MED004,335,95,25.3,20,1,4,56.0,51.0,74.14285714285714,58
2025-04-30,PHC007,MED004,281,104,29.9,23,2,4,58.0,69.0,75.14285714285714,54
2025-05-01,PHC007,MED004,222,124,24.1,30,3,5,54.0,66.0,73.0,59
2025-05-02,PHC007,MED004,742,95,22.9,28,4,5,59.0,70.0,72.0,56
2025-05-03,PHC007,MED004,659,121,22.9,28,5,5,56.0,120.0,70.0,83
2025-05-04,PHC007,MED004,585,128,24.9,29,6,5,83.0,87.0,64.71428571428571,74
2025-05-05,PHC007,MED004,512,126,20.8,35,0,5,74.0,56.0,62.857142857142854,73
2025-05-06,PHC007,MED004,463,103,32.3,30,1,5,73.0,58.0,65.28571428571429,49
2025-05-07,PHC007,MED004,395,128,24.8,35,2,5,49.0,54.0,64.0,68
2025-05-08,PHC007,MED004,340,119,22.6,29,3,5,68.0,59.0,66.0,55
2025-05-09,PHC007,MED004,285,102,27.2,23,4,5,55.0,56.0,65.42857142857143,55
2025-05-10,PHC007,MED004,242,109,29.0,17,5,5,55.0,83.0,65.28571428571429,43
2025-05-11,PHC007,MED004,592,128,23.5,25,6,5,43.0,74.0,59.57142857142857,78
2025-05-12,PHC007,MED004,531,107,32.3,28,0,5,78.0,73.0,60.142857142857146,61
2025-05-13,PHC007,MED004,463,110,30.2,24,1,5,61.0,49.0,58.42857142857143,68
2025-05-14,PHC007,MED004,420,85,24.2,22,2,5,68.0,68.0,61.142857142857146,43
2025-05-15,PHC007,MED004,366,102,20.0,23,3,5,43.0,55.0,57.57142857142857,54
2025-05-16,PHC007,MED004,308,113,22.9,28,4,5,54.0,55.0,57.42857142857143,58
2025-05-17,PHC007,MED004,627,132,28.1,25,5,5,58.0,43.0,57.857142857142854,87
2025-05-18,PHC007,MED004,537,136,34.4,31,6,5,87.0,78.0,64.14285714285714,90
2025-05-19,PHC007,MED004,485,92,29.2,22,0,5,90.0,61.0,65.85714285714286,52
2025-05-20,PHC007,MED004,439,90,24.3,23,1,5,52.0,68.0,64.57142857142857,46
2025-05-21,PHC007,MED004,364,103,22.6,33,2,5,46.0,43.0,61.42857142857143,75
2025-05-22,PHC007,MED004,311,96,26.7,19,3,5,75.0,54.0,66.0,53
2025-05-23,PHC007,MED004,241,116,20.3,37,4,5,53.0,58.0,65.85714285714286,70
2025-05-24,PHC007,MED004,741,118,33.6,29,5,5,70.0,87.0,67.57142857142857,67
2025-05-25,PHC007,MED004,628,140,29.1,20,6,5,67.0,90.0,64.71428571428571,113
2025-05-26,PHC007,MED004,588,85,23.7,26,0,5,113.0,52.0,68.0,40
2025-05-27,PHC007,MED004,546,79,33.1,24,1,5,40.0,46.0,66.28571428571429,42
2025-05-28,PHC007,MED004,475,115,32.9,27,2,5,42.0,75.0,65.71428571428571,71
2025-05-29,PHC007,MED004,411,104,26.9,26,3,5,71.0,53.0,65.14285714285714,64
2025-05-30,PHC007,MED004,357,91,32.0,31,4,5,64.0,70.0,66.71428571428571,54
2025-05-31,PHC007,MED004,303,120,27.6,32,5,5,54.0,67.0,64.42857142857143,54
2025-06-01,PHC007,MED004,726,134,29.2,41,6,6,54.0,113.0,62.57142857142857,82
2025-06-02,PHC007,MED004,680,99,26.5,19,0,6,82.0,40.0,58.142857142857146,46
2025-06-03,PHC007,MED004,622,114,26.1,23,1,6,46.0,42.0,59.0,58
2025-06-04,PHC007,MED004,537,126,32.8,36,2,6,58.0,71.0,61.285714285714285,85
2025-06-05,PHC007,MED004,483,112,21.3,32,3,6,85.0,64.0,63.285714285714285,54
2025-06-06,PHC007,MED004,412,107,21.2,32,4,6,54.0,54.0,61.857142857142854,71
2025-06-07,PHC007,MED004,337,129,34.3,33,5,6,71.0,54.0,64.28571428571429,75
2025-06-08,PHC007,MED004,276,117,21.5,17,6,6,75.0,82.0,67.28571428571429,61
2025-06-09,PHC007,MED004,672,126,20.0,24,0,6,61.0,46.0,64.28571428571429,77
2025-06-10,PHC007,MED004,596,130,26.3,36,1,6,77.0,58.0,68.71428571428571,76
2025-06-11,PHC007,MED004,535,109,28.4,23,2,6,76.0,85.0,71.28571428571429,61
2025-06-12,PHC007,MED004,470,107,24.3,23,3,6,61.0,54.0,67.85714285714286,65
2025-06-13,PHC007,MED004,397,146,26.5,31,4,6,65.0,71.0,69.42857142857143,73
2025-06-14,PHC007,MED004,310,122,34.6,30,5,6,73.0,75.0,69.71428571428571,87
2025-06-15,PHC007,MED004,240,119,31.7,35,6,6,87.0,61.0,71.42857142857143,70
2025-06-16,PHC007,MED004,189,88,31.9,26,0,6,70.0,77.0,72.71428571428571,51
2025-06-17,PHC007,MED004,550,122,31.2,39,1,6,51.0,76.0,69.0,74
2025-06-18,PHC007,MED004,489,130,26.5,27,2,6,74.0,61.0,68.71428571428571,61
2025-06-19,PHC007,MED004,433,112,32.0,18,3,6,61.0,65.0,68.71428571428571,56
2025-06-20,PHC007,MED004,368,135,32.7,42,4,6,56.0,73.0,67.42857142857143,65
2025-06-21,PHC007,MED004,931,161,24.9,38,5,6,65.0,87.0,66.28571428571429,98
2025-06-22,PHC007,MED004,853,140,22.6,34,6,6,98.0,70.0,67.85714285714286,78
2025-06-23,PHC007,MED004,780,128,29.4,23,0,6,78.0,51.0,69.0,73
2025-06-24,PHC007,MED004,728,109,29.7,23,1,6,73.0,74.0,72.14285714285714,52
2025-06-25,PHC007,MED004,667,97,20.8,18,2,6,52.0,61.0,69.0,61
2025-06-26,PHC007,MED004,596,98,25.3,27,3,6,61.0,56.0,69.0,71
2025-06-27,PHC007,MED004,530,112,31.5,30,4,6,71.0,65.0,71.14285714285714,66
2025-06-28,PHC007,MED004,444,106,29.0,28,5,6,66.0,98.0,71.28571428571429,86
2025-06-29,PHC007,MED004,350,138,24.4,34,6,6,86.0,78.0,69.57142857142857,94
2025-01-08,PHC007,MED005,1063,125,31.1,37,2,1,48.0,39.0,46.57142857142857,53
2025-01-09,PHC007,MED005,1005,138,32.6,37,3,1,53.0,40.0,48.57142857142857,58
2025-01-10,PHC007,MED005,970,100,33.3,28,4,1,58.0,49.0,51.142857142857146,35
2025-01-11,PHC007,MED005,911,132,22.0,37,5,1,35.0,59.0,49.142857142857146,59
2025-01-12,PHC007,MED005,851,140,27.6,27,6,1,59.0,58.0,49.142857142857146,60
2025-01-13,PHC007,MED005,809,124,33.3,27,0,1,60.0,33.0,49.42857142857143,42
2025-01-14,PHC007,MED005,779,110,32.9,30,1,1,42.0,48.0,50.714285714285715,30
2025-01-15,PHC007,MED005,736,91,29.8,17,2,1,30.0,53.0,48.142857142857146,43
2025-01-16,PHC007,MED005,700,98,25.3,23,3,1,43.0,58.0,46.714285714285715,36
2025-01-17,PHC007,MED005,645,117,31.8,36,4,1,36.0,35.0,43.57142857142857,55
2025-01-18,PHC007,MED005,600,104,27.1,34,5,1,55.0,59.0,46.42857142857143,45
2025-01-19,PHC007,MED005,552,106,24.2,27,6,1,45.0,60.0,44.42857142857143,48
2025-01-20,PHC007,MED005,507,117,27.0,34,0,1,48.0,42.0,42.714285714285715,45
2025-01-21,PHC007,MED005,457,126,25.3,34,1,1,45.0,30.0,43.142857142857146,50
2025-01-22,PHC007,MED005,421,114,29.8,28,2,1,50.0,43.0,46.0,36
2025-01-23,PHC007,MED005,366,114,20.9,35,3,1,36.0,36.0,45.0,55
2025-01-24,PHC007,MED005,322,113,20.5,24,4,1,55.0,55.0,47.714285714285715,44
2025-01-25,PHC007,MED005,263,112,30.9,30,5,1,44.0,45.0,46.142857142857146,59
2025-01-26,PHC007,MED005,202,145,27.9,35,6,1,59.0,48.0,48.142857142857146,61
2025-01-27,PHC007,MED005,156,121,29.9,29,0,1,61.0,45.0,50.0,46
2025-01-28,PHC007,MED005,886,118,30.2,30,1,1,46.0,50.0,50.142857142857146,52
2025-01-29,PHC007,MED005,852,72,29.5,25,2,1,52.0,36.0,50.42857142857143,34
2025-01-30,PHC007,MED005,811,97,23.9,36,3,1,34.0,55.0,50.142857142857146,41
2025-01-31,PHC007,MED005,737,166,31.1,45,4,1,41.0,44.0,48.142857142857146,74
2025-02-01,PHC007,MED005,687,135,31.3,36,5,2,74.0,59.0,52.42857142857143,50
2025-02-02,PHC007,MED005,640,114,21.2,32,6,2,50.0,61.0,51.142857142857146,47
2025-02-03,PHC007,MED005,609,89,32.5,14,0,2,47.0,46.0,49.142857142857146,31
2025-02-04,PHC007,MED005,560,115,21.5,28,1,2,31.0,52.0,47.0,49
2025-02-05,PHC007,MED005,528,97,33.9,24,2,2,49.0,34.0,46.57142857142857,32
2025-02-06,PHC007,MED005,493,103,31.0,26,3,2,32.0,41.0,46.285714285714285,35
2025-02-07,PHC007,MED005,446,111,29.7,33,4,2,35.0,74.0,45.42857142857143,47
2025-02-08,PHC007,MED005,408,102,24.2,24,5,2,47.0,50.0,41.57142857142857,38
2025-02-09,PHC007,MED005,344,129,31.7,26,6,2,38.0,47.0,39.857142857142854,64
2025-02-10,PHC007,MED005,307,85,30.6,28,0,2,64.0,31.0,42.285714285714285,37
2025-02-11,PHC007,MED005,260,110,34.7,30,1,2,37.0,49.0,43.142857142857146,47
2025-02-12,PHC007,MED005,211,106,29.6,26,2,2,47.0,32.0,42.857142857142854,49
2025-02-13,PHC007,MED005,173,118,20.1,27,3,2,49.0,35.0,45.285714285714285,38
2025-02-14,PHC007,MED005,578,118,27.4,36,4,2,38.0,47.0,45.714285714285715,56
2025-02-15,PHC007,MED005,522,108,23.6,25,5,2,56.0,38.0,47.0,56
2025-02-16,PHC007,MED005,470,115,22.3,28,6,2,56.0,64.0,49.57142857142857,52
2025-02-17,PHC007,MED005,419,122,25.8,30,0,2,52.0,37.0,47.857142857142854,51
2025-02-18,PHC007,MED005,369,125,26.8,32,1,2,51.0,47.0,49.857142857142854,50
2025-02-19,PHC007,MED005,322,127,31.0,33,2,2,50.0,49.0,50.285714285714285,47
2025-02-20,PHC007,MED005,276,99,26.8,24,3,2,47.0,38.0,50.0,46
2025-02-21,PHC007,MED005,241,87,23.9,26,4,2,46.0,56.0,51.142857142857146,35
2025-02-22,PHC007,MED005,594,152,31.2,44,5,2,35.0,56.0,48.142857142857146,62
2025-02-23,PHC007,MED005,556,95,23.4,24,6,2,62.0,52.0,49.0,38
2025-02-24,PHC007,MED005,517,104,33.7,27,0,2,38.0,51.0,47.0,39
2025-02-25,PHC007,MED005,480,85,33.0,17,1,2,39.0,50.0,45.285714285714285,37
2025-02-26,PHC007,MED005,430,96,23.1,24,2,2,37.0,47.0,43.42857142857143,50
2025-02-27,PHC007,MED005,385,102,20.1,32,3,2,50.0,46.0,43.857142857142854,45
2025-02-28,PHC007,MED005,339,99,24.0,28,4,2,45.0,35.0,43.714285714285715,46
2025-03-01,PHC007,MED005,271,119,25.2,25,5,3,46.0,62.0,45.285714285714285,68
2025-03-02,PHC007,MED005,206,158,31.6,35,6,3,68.0,38.0,46.142857142857146,65
2025-03-03,PHC007,MED005,158,115,24.9,33,0,3,65.0,39.0,50.0,48
2025-03-04,PHC007,MED005,867,128,20.9,25,1,3,48.0,37.0,51.285714285714285,44
2025-03-05,PHC007,MED005,840,102,33.8,19,2,3,44.0,50.0,52.285714285714285,27
2025-03-06,PHC007,MED005,796,127,25.6,30,3,3,27.0,45.0,49.0,44
2025-03-07,PHC007,MED005,757,122,25.7,38,4,3,44.0,46.0,48.857142857142854,39
2025-03-08,PHC007,MED005,704,113,23.2,34,5,3,39.0,68.0,47.857142857142854,53
2025-03-09,PHC007,MED005,640,153,31.4,34,6,3,53.0,65.0,45.714285714285715,64
2025-03-10,PHC007,MED005,604,91,30.7,19,0,3,64.0,48.0,45.57142857142857,36
2025-03-11,PHC007,MED005,555,110,32.3,29,1,3,36.0,44.0,43.857142857142854,49
2025-03-12,PHC007,MED005,518,115,21.9,26,2,3,49.0,27.0,44.57142857142857,37
2025-03-13,PHC007,MED005,480,91,30.3,21,3,3,37.0,44.0,46.0,38
2025-03-14,PHC007,MED005,432,122,31.2,25,4,3,38.0,39.0,45.142857142857146,48
2025-03-15,PHC007,MED005,360,150,33.9,43,5,3,48.0,53.0,46.42857142857143,72
2025-03-16,PHC007,MED005,295,133,22.3,38,6,3,72.0,64.0,49.142857142857146,65
2025-03-17,PHC007,MED005,255,101,26.0,29,0,3,65.0,36.0,49.285714285714285,40
2025-03-18,PHC007,MED005,214,110,33.2,29,1,3,40.0,49.0,49.857142857142854,41
2025-03-19,PHC007,MED005,167,116,23.4,30,2,3,41.0,37.0,48.714285714285715,47
2025-03-20,PHC007,MED005,127,118,24.5,37,3,3,47.0,38.0,50.142857142857146,40
2025-03-21,PHC007,MED005,838,114,20.7,27,4,3,40.0,48.0,50.42857142857143,43
2025-03-22,PHC007,MED005,784,124,28.2,26,5,3,43.0,72.0,49.714285714285715,54
2025-03-23,PHC007,MED005,729,113,30.6,20,6,3,54.0,65.0,47.142857142857146,55
2025-03-24,PHC007,MED005,683,110,24.9,36,0,3,55.0,40.0,45.714285714285715,46
2025-03-25,PHC007,MED005,646,103,29.0,13,1,3,46.0,41.0,46.57142857142857,37
2025-03-26,PHC007,MED005,593,121,29.2,33,2,3,37.0,47.0,46.0,53
2025-03-27,PHC007,MED005,547,102,30.3,28,3,3,53.0,40.0,46.857142857142854,46
2025-03-28,PHC007,MED005,472,139,32.1,30,4,3,46.0,43.0,47.714285714285715,75
2025-03-29,PHC007,MED005,417,130,34.7,39,5,3,75.0,54.0,52.285714285714285,55
2025-03-30,PHC007,MED005,355,109,20.3,31,6,3,55.0,55.0,52.42857142857143,62
2025-03-31,PHC007,MED005,324,89,29.5,26,0,3,62.0,46.0,53.42857142857143,31
2025-04-01,PHC007,MED005,277,114,32.0,31,1,4,31.0,37.0,51.285714285714285,47
2025-04-02,PHC007,MED005,228,121,21.9,25,2,4,47.0,53.0,52.714285714285715,49
2025-04-03,PHC007,MED005,186,100,27.5,18,3,4,49.0,46.0,52.142857142857146,42
2025-04-04,PHC007,MED005,151,102,29.3,22,4,4,42.0,75.0,51.57142857142857,35
2025-04-05,PHC007,MED005,684,131,20.5,20,5,4,35.0,55.0,45.857142857142854,60
2025-04-06,PHC007,MED005,635,136,31.2,36,6,4,60.0,62.0,46.57142857142857,49
2025-04-07,PHC007,MED005,583,128,22.1,32,0,4,49.0,31.0,44.714285714285715,52
2025-04-08,PHC007,MED005,551,88,27.4,28,1,4,52.0,47.0,47.714285714285715,32
2025-04-09,PHC007,MED005,510,109,26.8,20,2,4,32.0,49.0,45.57142857142857,41
2025-04-10,PHC007,MED005,469,100,29.9,37,3,4,41.0,42.0,44.42857142857143,41
2025-04-11,PHC007,MED005,426,118,25.1,27,4,4,41.0,35.0,44.285714285714285,43
2025-04-12,PHC007,MED005,378,125,34.1,33,5,4,43.0,60.0,45.42857142857143,48
2025-04-13,PHC007,MED005,313,133,24.4,36,6,4,48.0,49.0,43.714285714285715,65
2025-04-14,PHC007,MED005,259,130,27.7,39,0,4,65.0,52.0,46.0,54
2025-04-15,PHC007,MED005,204,127,30.6,28,1,4,54.0,32.0,46.285714285714285,55
2025-04-16,PHC007,MED005,155,125,25.7,30,2,4,55.0,41.0,49.57142857142857,49
2025-04-17,PHC007,MED005,625,107,31.9,27,3,4,49.0,41.0,50.714285714285715,44
2025-04-18,PHC007,MED005,595,98,33.3,26,4,4,44.0,43.0,51.142857142857146,30
2025-04-19,PHC007,MED005,522,121,26.0,42,5,4,30.0,48.0,49.285714285714285,73
2025-04-20,PHC007,MED005,464,120,23.9,36,6,4,73.0,65.0,52.857142857142854,58
2025-04-21,PHC007,MED005,421,124,30.9,33,0,4,58.0,54.0,51.857142857142854,43
2025-04-22,PHC007,MED005,378,108,20.5,30,1,4,43.0,55.0,50.285714285714285,43
2025-04-23,PHC007,MED005,333,119,32.6,27,2,4,43.0,49.0,48.57142857142857,45
2025-04-24,PHC007,MED005,288,112,27.6,22,3,4,45.0,44.0,48.0,45
2025-04-25,PHC007,MED005,264,84,25.7,20,4,4,45.0,30.0,48.142857142857146,24
2025-04-26,PHC007,MED005,198,144,23.6,42,5,4,24.0,73.0,47.285714285714285,66
2025-04-27,PHC007,MED005,516,131,20.8,39,6,4,66.0,58.0,46.285714285714285,52
2025-04-28,PHC007,MED005,483,83,21.3,21,0,4,52.0,43.0,45.42857142857143,33
2025-04-29,PHC007,MED005,441,128,22.9,36,1,4,33.0,43.0,44.0,42
2025-04-30,PHC007,MED005,386,131,30.0,26,2,4,42.0,45.0,43.857142857142854,55
2025-05-01,PHC007,MED005,358,79,31.3,23,3,5,55.0,45.0,45.285714285714285,28
2025-05-02,PHC007,MED005,320,101,31.4,29,4,5,28.0,24.0,42.857142857142854,38
2025-05-03,PHC007,MED005,264,121,27.8,20,5,5,38.0,66.0,44.857142857142854,56
2025-05-04,PHC007,MED005,227,100,34.3,24,6,5,56.0,52.0,43.42857142857143,37
2025-05-05,PHC007,MED005,190,97,28.8,22,0,5,37.0,33.0,41.285714285714285,37
2025-05-06,PHC007,MED005,160,97,34.4,27,1,5,37.0,42.0,41.857142857142854,30
2025-05-07,PHC007,MED005,127,110,28.4,32,2,5,30.0,55.0,40.142857142857146,33
2025-05-08,PHC007,MED005,421,92,23.2,27,3,5,33.0,28.0,37.0,34
2025-05-09,PHC007,MED005,380,114,23.3,24,4,5,34.0,38.0,37.857142857142854,41
2025-05-10,PHC007,MED005,330,112,33.0,34,5,5,41.0,56.0,38.285714285714285,50
2025-05-11,PHC007,MED005,274,125,29.4,26,6,5,50.0,37.0,37.42857142857143,56
2025-05-12,PHC007,MED005,242,93,29.9,24,0,5,56.0,37.0,40.142857142857146,32
2025-05-13,PHC007,MED005,197,101,31.6,23,1,5,32.0,30.0,39.42857142857143,45
2025-05-14,PHC007,MED005,148,101,27.9,29,2,5,45.0,33.0,41.57142857142857,49
2025-05-15,PHC007,MED005,479,118,20.0,34,3,5,49.0,34.0,43.857142857142854,47
2025-05-16,PHC007,MED005,441,90,26.6,22,4,5,47.0,41.0,45.714285714285715,38
2025-05-17,PHC007,MED005,395,111,28.0,27,5,5,38.0,50.0,45.285714285714285,46
2025-05-18,PHC007,MED005,313,159,29.6,30,6,5,46.0,56.0,44.714285714285715,82
2025-05-19,PHC007,MED005,280,88,26.0,21,0,5,82.0,32.0,48.42857142857143,33
2025-05-20,PHC007,MED005,229,125,24.2,27,1,5,33.0,45.0,48.57142857142857,51
2025-05-21,PHC007,MED005,185,99,25.0,30,2,5,51.0,49.0,49.42857142857143,44
2025-05-22,PHC007,MED005,602,115,24.8,32,3,5,44.0,47.0,48.714285714285715,59
2025-05-23,PHC007,MED005,559,99,29.0,17,4,5,59.0,38.0,50.42857142857143,43
2025-05-24,PHC007,MED005,498,139,30.6,31,5,5,43.0,46.0,51.142857142857146,61
2025-05-25,PHC007,MED005,438,131,30.3,32,6,5,61.0,82.0,53.285714285714285,60
2025-05-26,PHC007,MED005,400,96,34.7,16,0,5,60.0,33.0,50.142857142857146,38
2025-05-27,PHC007,MED005,348,117,31.4,33,1,5,38.0,51.0,50.857142857142854,52
2025-05-28,PHC007,MED005,317,90,26.4,24,2,5,52.0,44.0,51.0,31
2025-05-29,PHC007,MED005,275,102,26.1,28,3,5,31.0,59.0,49.142857142857146,42
2025-05-30,PHC007,MED005,227,103,24.7,21,4,5,42.0,43.0,46.714285714285715,48
2025-05-31,PHC007,MED005,183,136,27.9,37,5,5,48.0,61.0,47.42857142857143,44
2025-06-01,PHC007,MED005,526,140,28.5,44,6,6,44.0,60.0,45.0,62
2025-06-02,PHC007,MED005,487,98,22.8,29,0,6,62.0,38.0,45.285714285714285,39
2025-06-03,PHC007,MED005,450,95,31.4,24,1,6,39.0,52.0,45.42857142857143,37
2025-06-04,PHC007,MED005,410,100,29.6,30,2,6,37.0,31.0,43.285714285714285,40
2025-06-05,PHC007,MED005,361,119,28.1,32,3,6,40.0,42.0,44.57142857142857,49
2025-06-06,PHC007,MED005,317,108,29.9,22,4,6,49.0,48.0,45.57142857142857,44
2025-06-07,PHC007,MED005,259,137,27.8,28,5,6,44.0,44.0,45.0,58
2025-06-08,PHC007,MED005,196,124,20.7,38,6,6,58.0,62.0,47.0,63
2025-06-09,PHC007,MED005,150,119,20.1,28,0,6,63.0,39.0,47.142857142857146,46
2025-06-10,PHC007,MED005,839,118,28.3,40,1,6,46.0,37.0,48.142857142857146,56
2025-06-11,PHC007,MED005,782,121,25.6,31,2,6,56.0,40.0,50.857142857142854,57
2025-06-12,PHC007,MED005,748,119,34.8,26,3,6,57.0,49.0,53.285714285714285,34
2025-06-13,PHC007,MED005,701,111,33.2,25,4,6,34.0,44.0,51.142857142857146,47
2025-06-14,PHC007,MED005,637,113,33.4,33,5,6,47.0,58.0,51.57142857142857,64
2025-06-15,PHC007,MED005,576,133,31.2,29,6,6,64.0,63.0,52.42857142857143,61
2025-06-16,PHC007,MED005,519,129,22.1,31,0,6,61.0,46.0,52.142857142857146,57
2025-06-17,PHC007,MED005,476,124,30.5,30,1,6,57.0,56.0,53.714285714285715,43
2025-06-18,PHC007,MED005,433,114,20.9,21,2,6,43.0,57.0,51.857142857142854,43
2025-06-19,PHC007,MED005,395,103,26.1,11,3,6,43.0,34.0,49.857142857142854,38
2025-06-20,PHC007,MED005,361,106,22.3,15,4,6,38.0,47.0,50.42857142857143,34
2025-06-21,PHC007,MED005,301,124,33.2,32,5,6,34.0,64.0,48.57142857142857,60
2025-06-22,PHC007,MED005,244,116,33.3,32,6,6,60.0,61.0,48.0,57
2025-06-23,PHC007,MED005,209,80,20.3,20,0,6,57.0,57.0,47.42857142857143,35
2025-06-24,PHC007,MED005,164,95,24.8,23,1,6,35.0,43.0,44.285714285714285,45
2025-06-25,PHC007,MED005,715,134,23.3,29,2,6,45.0,43.0,44.57142857142857,59
2025-06-26,PHC007,MED005,677,96,27.7,28,3,6,59.0,38.0,46.857142857142854,38
2025-06-27,PHC007,MED005,624,123,32.5,24,4,6,38.0,34.0,46.857142857142854,53
2025-06-28,PHC007,MED005,556,138,21.2,26,5,6,53.0,60.0,49.57142857142857,68
2025-06-29,PHC007,MED005,507,106,27.6,24,6,6,68.0,57.0,50.714285714285715,49
2025-01-08,PHC008,MED001,843,128,23.3,34,2,1,93.0,76.0,86.0,130
2025-01-09,PHC008,MED001,776,86,27.4,23,3,1,130.0,105.0,93.71428571428571,67
2025-01-10,PHC008,MED001,691,115,30.9,17,4,1,67.0,66.0,88.28571428571429,85
2025-01-11,PHC008,MED001,560,122,29.2,27,5,1,85.0,97.0,91.0,131
2025-01-12,PHC008,MED001,464,106,24.5,33,6,1,131.0,91.0,95.85714285714286,96
2025-01-13,PHC008,MED001,407,109,28.9,29,0,1,96.0,74.0,96.57142857142857,57
2025-01-14,PHC008,MED001,318,111,34.2,26,1,1,57.0,93.0,94.14285714285714,89
2025-01-15,PHC008,MED001,240,91,32.9,18,2,1,89.0,130.0,93.57142857142857,78
2025-01-16,PHC008,MED001,796,81,32.3,19,3,1,78.0,67.0,86.14285714285714,81
2025-01-17,PHC008,MED001,717,100,22.0,31,4,1,81.0,85.0,88.14285714285714,79
2025-01-18,PHC008,MED001,594,128,23.8,36,5,1,79.0,131.0,87.28571428571429,123
2025-01-19,PHC008,MED001,484,119,34.5,33,6,1,123.0,96.0,86.14285714285714,110
2025-01-20,PHC008,MED001,399,92,29.7,19,0,1,110.0,57.0,88.14285714285714,85
2025-01-21,PHC008,MED001,329,81,24.7,21,1,1,85.0,89.0,92.14285714285714,70
2025-01-22,PHC008,MED001,952,110,28.3,24,2,1,70.0,78.0,89.42857142857143,104
2025-01-23,PHC008,MED001,854,105,31.8,18,3,1,104.0,81.0,93.14285714285714,98
2025-01-24,PHC008,MED001,788,87,25.4,14,4,1,98.0,79.0,95.57142857142857,66
2025-01-25,PHC008,MED001,678,95,26.0,23,5,1,66.0,123.0,93.71428571428571,110
2025-01-26,PHC008,MED001,541,143,29.4,25,6,1,110.0,110.0,91.85714285714286,137
2025-01-27,PHC008,MED001,441,109,22.5,29,0,1,137.0,85.0,95.71428571428571,100
2025-01-28,PHC008,MED001,349,125,26.7,32,1,1,100.0,70.0,97.85714285714286,92
2025-01-29,PHC008,MED001,779,96,23.8,29,2,1,92.0,104.0,101.0,97
2025-01-30,PHC008,MED001,734,53,30.9,11,3,1,97.0,98.0,100.0,45
2025-01-31,PHC008,MED001,664,81,30.8,20,4,1,45.0,66.0,92.42857142857143,70
2025-02-01,PHC008,MED001,576,95,25.2,26,5,2,70.0,110.0,93.0,88
2025-02-02,PHC008,MED001,475,111,20.6,31,6,2,88.0,137.0,89.85714285714286,101
2025-02-03,PHC008,MED001,393,84,26.0,19,0,2,101.0,100.0,84.71428571428571,82
2025-02-04,PHC008,MED001,309,104,29.1,26,1,2,82.0,92.0,82.14285714285714,84
2025-02-05,PHC008,MED001,954,103,20.5,19,2,2,84.0,97.0,81.0,88
2025-02-06,PHC008,MED001,854,108,31.2,27,3,2,88.0,45.0,79.71428571428571,100
2025-02-07,PHC008,MED001,783,95,20.5,24,4,2,100.0,70.0,87.57142857142857,71
2025-02-08,PHC008,MED001,702,94,22.7,21,5,2,71.0,88.0,87.71428571428571,81
2025-02-09,PHC008,MED001,576,114,22.3,37,6,2,81.0,101.0,86.71428571428571,126
2025-02-10,PHC008,MED001,490,101,32.2,20,0,2,126.0,82.0,90.28571428571429,86
2025-02-11,PHC008,MED001,405,120,26.7,31,1,2,86.0,84.0,90.85714285714286,85
2025-02-12,PHC008,MED001,362,95,23.0,19,2,2,85.0,88.0,91.0,43
2025-02-13,PHC008,MED001,807,129,25.3,27,3,2,43.0,100.0,84.57142857142857,124
2025-02-14,PHC008,MED001,715,98,20.9,23,4,2,124.0,71.0,88.0,92
2025-02-15,PHC008,MED001,561,130,34.5,34,5,2,92.0,81.0,91.0,154
2025-02-16,PHC008,MED001,444,118,21.6,34,6,2,154.0,126.0,101.42857142857143,117
2025-02-17,PHC008,MED001,352,103,27.0,25,0,2,117.0,86.0,100.14285714285714,92
2025-02-18,PHC008,MED001,759,107,29.5,24,1,2,92.0,85.0,101.0,100
2025-02-19,PHC008,MED001,692,100,24.7,31,2,2,100.0,43.0,103.14285714285714,67
2025-02-20,PHC008,MED001,607,96,26.2,16,3,2,67.0,124.0,106.57142857142857,85
2025-02-21,PHC008,MED001,548,70,34.4,21,4,2,85.0,92.0,101.0,59
2025-02-22,PHC008,MED001,434,125,34.6,39,5,2,59.0,154.0,96.28571428571429,114
2025-02-23,PHC008,MED001,346,97,23.4,30,6,2,114.0,117.0,90.57142857142857,88
2025-02-24,PHC008,MED001,274,88,32.7,27,0,2,88.0,92.0,86.42857142857143,72
2025-02-25,PHC008,MED001,674,98,34.6,27,1,2,72.0,100.0,83.57142857142857,75
2025-02-26,PHC008,MED001,556,121,26.2,44,2,2,75.0,67.0,80.0,118
2025-02-27,PHC008,MED001,480,91,31.7,19,3,2,118.0,85.0,87.28571428571429,76
2025-02-28,PHC008,MED001,379,130,33.0,36,4,2,76.0,59.0,86.0,101
2025-03-01,PHC008,MED001,630,114,21.9,26,5,3,101.0,114.0,92.0,114
2025-03-02,PHC008,MED001,498,143,22.5,33,6,3,114.0,88.0,92.0,132
2025-03-03,PHC008,MED001,391,123,25.7,29,0,3,132.0,72.0,98.28571428571429,107
2025-03-04,PHC008,MED001,314,119,31.8,26,1,3,107.0,75.0,103.28571428571429,77
2025-03-05,PHC008,MED001,686,94,29.3,26,2,3,77.0,118.0,103.57142857142857,84
2025-03-06,PHC008,MED001,608,82,24.8,25,3,3,84.0,76.0,98.71428571428571,78
2025-03-07,PHC008,MED001,507,97,30.5,22,4,3,78.0,101.0,99.0,101
2025-03-08,PHC008,MED001,388,126,24.8,38,5,3,101.0,114.0,99.0,119
2025-03-09,PHC008,MED001,914,123,30.3,21,6,3,119.0,132.0,99.71428571428571,114
2025-03-10,PHC008,MED001,807,121,25.1,21,0,3,114.0,107.0,97.14285714285714,107
2025-03-11,PHC008,MED001,662,134,30.3,38,1,3,107.0,77.0,97.14285714285714,145
2025-03-12,PHC008,MED001,575,108,32.4,29,2,3,145.0,84.0,106.85714285714286,87
2025-03-13,PHC008,MED001,500,96,34.3,19,3,3,87.0,78.0,107.28571428571429,75
2025-03-14,PHC008,MED001,423,90,21.5,24,4,3,75.0,101.0,106.85714285714286,77
2025-03-15,PHC008,MED001,321,105,25.7,24,5,3,77.0,119.0,103.42857142857143,102
2025-03-16,PHC008,MED001,634,119,21.1,30,6,3,102.0,114.0,101.0,111
2025-03-17,PHC008,MED001,533,92,33.5,16,0,3,111.0,107.0,100.57142857142857,101
2025-03-18,PHC008,MED001,434,114,28.1,31,1,3,101.0,145.0,99.71428571428571,99
2025-03-19,PHC008,MED001,348,100,31.7,30,2,3,99.0,87.0,93.14285714285714,86
2025-03-20,PHC008,MED001,763,116,27.2,26,3,3,86.0,75.0,93.0,100
2025-03-21,PHC008,MED001,688,99,21.6,21,4,3,100.0,77.0,96.57142857142857,75
2025-03-22,PHC008,MED001,597,92,25.7,20,5,3,75.0,102.0,96.28571428571429,91
2025-03-23,PHC008,MED001,493,102,30.3,18,6,3,91.0,111.0,94.71428571428571,104
2025-03-24,PHC008,MED001,396,116,34.4,31,0,3,104.0,101.0,93.71428571428571,97
2025-03-25,PHC008,MED001,314,101,25.9,15,1,3,97.0,99.0,93.14285714285714,82
2025-03-26,PHC008,MED001,627,113,27.5,29,2,3,82.0,86.0,90.71428571428571,102
2025-03-27,PHC008,MED001,556,92,25.8,28,3,3,102.0,100.0,93.0,71
2025-03-28,PHC008,MED001,479,97,26.0,28,4,3,71.0,75.0,88.85714285714286,77
2025-03-29,PHC008,MED001,360,106,26.0,31,5,3,77.0,91.0,89.14285714285714,119
2025-03-30,PHC008,MED001,959,102,31.3,35,6,3,119.0,104.0,93.14285714285714,102
2025-03-31,PHC008,MED001,881,99,28.5,32,0,3,102.0,97.0,92.85714285714286,78
2025-04-01,PHC008,MED001,785,125,31.3,29,1,4,78.0,82.0,90.14285714285714,96
2025-04-02,PHC008,MED001,697,93,35.0,29,2,4,96.0,102.0,92.14285714285714,88
2025-04-03,PHC008,MED001,616,96,30.2,17,3,4,88.0,71.0,90.14285714285714,81
2025-04-04,PHC008,MED001,540,105,21.5,30,4,4,81.0,77.0,91.57142857142857,76
2025-04-05,PHC008,MED001,445,102,28.7,29,5,4,76.0,119.0,91.42857142857143,95
2025-04-06,PHC008,MED001,753,117,25.0,28,6,4,95.0,102.0,88.0,118
2025-04-07,PHC008,MED001,663,112,33.5,29,0,4,118.0,78.0,90.28571428571429,90
2025-04-08,PHC008,MED001,596,76,31.9,17,1,4,90.0,96.0,92.0,67
2025-04-09,PHC008,MED001,506,106,28.6,28,2,4,67.0,88.0,87.85714285714286,90
2025-04-10,PHC008,MED001,433,100,31.9,23,3,4,90.0,81.0,88.14285714285714,73
2025-04-11,PHC008,MED001,360,93,32.6,23,4,4,73.0,76.0,87.0,73
2025-04-12,PHC008,MED001,976,111,31.3,34,5,4,73.0,95.0,86.57142857142857,107
2025-04-13,PHC008,MED001,858,110,29.3,34,6,4,107.0,118.0,88.28571428571429,118
2025-04-14,PHC008,MED001,758,109,24.9,17,0,4,118.0,90.0,88.28571428571429,100
2025-04-15,PHC008,MED001,668,113,33.8,30,1,4,100.0,67.0,89.71428571428571,90
2025-04-16,PHC008,MED001,585,109,20.4,25,2,4,90.0,90.0,93.0,83
2025-04-17,PHC008,MED001,494,105,20.7,28,3,4,83.0,73.0,92.0,91
2025-04-18,PHC008,MED001,417,95,21.3,26,4,4,91.0,73.0,94.57142857142857,77
2025-04-19,PHC008,MED001,315,108,29.5,32,5,4,77.0,107.0,95.14285714285714,102
2025-04-20,PHC008,MED001,958,98,32.1,28,6,4,102.0,118.0,94.42857142857143,98
2025-04-21,PHC008,MED001,865,96,33.9,22,0,4,98.0,100.0,91.57142857142857,93
2025-04-22,PHC008,MED001,769,110,26.2,28,1,4,93.0,90.0,90.57142857142857,96
2025-04-23,PHC008,MED001,678,97,28.6,24,2,4,96.0,83.0,91.42857142857143,91
2025-04-24,PHC008,MED001,589,107,24.9,31,3,4,91.0,91.0,92.57142857142857,89
2025-04-25,PHC008,MED001,489,113,32.1,27,4,4,89.0,77.0,92.28571428571429,100
2025-04-26,PHC008,MED001,396,96,26.7,21,5,4,100.0,102.0,95.57142857142857,93
2025-04-27,PHC008,MED001,820,110,28.4,26,6,4,93.0,98.0,94.28571428571429,113
2025-04-28,PHC008,MED001,751,86,20.9,25,0,4,113.0,93.0,96.42857142857143,69
2025-04-29,PHC008,MED001,650,93,24.9,25,1,4,69.0,96.0,93.0,101
2025-04-30,PHC008,MED001,575,93,26.8,31,2,4,101.0,91.0,93.71428571428571,75
2025-05-01,PHC008,MED001,514,82,32.6,13,3,5,75.0,89.0,91.42857142857143,61
2025-05-02,PHC008,MED001,436,88,22.7,22,4,5,61.0,100.0,87.42857142857143,78
2025-05-03,PHC008,MED001,341,103,32.4,23,5,5,78.0,93.0,84.28571428571429,95
2025-05-04,PHC008,MED001,258,103,34.7,25,6,5,95.0,113.0,84.57142857142857,83
2025-05-05,PHC008,MED001,739,115,31.7,28,0,5,83.0,69.0,80.28571428571429,92
2025-05-06,PHC008,MED001,657,113,30.5,32,1,5,92.0,101.0,83.57142857142857,82
2025-05-07,PHC008,MED001,549,125,23.3,30,2,5,82.0,75.0,80.85714285714286,108
2025-05-08,PHC008,MED001,459,106,25.1,25,3,5,108.0,61.0,85.57142857142857,90
2025-05-09,PHC008,MED001,376,97,26.8,29,4,5,90.0,78.0,89.71428571428571,83
2025-05-10,PHC008,MED001,291,97,30.8,32,5,5,83.0,95.0,90.42857142857143,85
2025-05-11,PHC008,MED001,968,112,32.5,33,6,5,85.0,83.0,89.0,111
2025-05-12,PHC008,MED001,881,104,24.6,31,0,5,111.0,92.0,93.0,87
2025-05-13,PHC008,MED001,814,90,31.1,23,1,5,87.0,82.0,92.28571428571429,67
2025-05-14,PHC008,MED001,722,110,22.3,18,2,5,67.0,108.0,90.14285714285714,92
2025-05-15,PHC008,MED001,660,86,24.4,25,3,5,92.0,90.0,87.85714285714286,62
2025-05-16,PHC008,MED001,568,132,28.7,29,4,5,62.0,83.0,83.85714285714286,92
2025-05-17,PHC008,MED001,473,108,30.3,24,5,5,92.0,85.0,85.14285714285714,95
2025-05-18,PHC008,MED001,950,114,25.7,20,6,5,95.0,111.0,86.57142857142857,125
2025-05-19,PHC008,MED001,876,100,33.0,21,0,5,125.0,87.0,88.57142857142857,74
2025-05-20,PHC008,MED001,806,77,34.0,24,1,5,74.0,67.0,86.71428571428571,70
2025-05-21,PHC008,MED001,700,105,29.4,20,2,5,70.0,92.0,87.14285714285714,106
2025-05-22,PHC008,MED001,638,78,25.6,23,3,5,106.0,62.0,89.14285714285714,62
2025-05-23,PHC008,MED001,521,123,28.5,32,4,5,62.0,92.0,89.14285714285714,117
2025-05-24,PHC008,MED001,403,107,28.8,22,5,5,117.0,95.0,92.71428571428571,118
2025-05-25,PHC008,MED001,568,136,33.8,27,6,5,118.0,125.0,96.0,163
2025-05-26,PHC008,MED001,475,113,34.8,36,0,5,163.0,74.0,101.42857142857143,93
2025-05-27,PHC008,MED001,365,115,26.3,33,1,5,93.0,70.0,104.14285714285714,110
2025-05-28,PHC008,MED001,619,126,29.8,20,2,5,110.0,106.0,109.85714285714286,131
2025-05-29,PHC008,MED001,524,99,22.9,27,3,5,131.0,62.0,113.42857142857143,95
2025-05-30,PHC008,MED001,445,97,28.8,25,4,5,95.0,117.0,118.14285714285714,79
2025-05-31,PHC008,MED001,352,118,20.3,33,5,5,79.0,118.0,112.71428571428571,93
2025-06-01,PHC008,MED001,814,130,34.2,42,6,6,93.0,163.0,109.14285714285714,127
2025-06-02,PHC008,MED001,712,113,23.4,27,0,6,127.0,93.0,104.0,102
2025-06-03,PHC008,MED001,631,94,25.1,22,1,6,102.0,110.0,105.28571428571429,81
2025-06-04,PHC008,MED001,563,87,31.7,20,2,6,81.0,131.0,101.14285714285714,68
2025-06-05,PHC008,MED001,483,98,30.7,20,3,6,68.0,95.0,92.14285714285714,80
2025-06-06,PHC008,MED001,379,127,32.9,34,4,6,80.0,79.0,90.0,104
2025-06-07,PHC008,MED001,961,135,28.0,35,5,6,104.0,93.0,93.57142857142857,117
2025-06-08,PHC008,MED001,861,127,21.7,30,6,6,117.0,127.0,97.0,100
2025-06-09,PHC008,MED001,801,90,23.8,25,0,6,100.0,102.0,93.14285714285714,60
2025-06-10,PHC008,MED001,738,76,33.6,28,1,6,60.0,81.0,87.14285714285714,63
2025-06-11,PHC008,MED001,642,101,31.4,25,2,6,63.0,68.0,84.57142857142857,96
2025-06-12,PHC008,MED001,546,99,25.0,27,3,6,96.0,80.0,88.57142857142857,96
2025-06-13,PHC008,MED001,459,105,28.0,31,4,6,96.0,104.0,90.85714285714286,87
2025-06-14,PHC008,MED001,924,135,20.4,32,5,6,87.0,117.0,88.42857142857143,137
2025-06-15,PHC008,MED001,802,127,23.7,34,6,6,137.0,100.0,91.28571428571429,122
2025-06-16,PHC008,MED001,676,117,33.5,31,0,6,122.0,60.0,94.42857142857143,126
2025-06-17,PHC008,MED001,580,123,34.5,36,1,6,126.0,63.0,103.85714285714286,96
2025-06-18,PHC008,MED001,474,134,31.6,27,2,6,96.0,96.0,108.57142857142857,106
2025-06-19,PHC008,MED001,398,86,27.3,15,3,6,106.0,96.0,110.0,76
2025-06-20,PHC008,MED001,1005,117,23.0,26,4,6,76.0,87.0,107.14285714285714,103
2025-06-21,PHC008,MED001,885,111,25.4,30,5,6,103.0,137.0,109.42857142857143,120
2025-06-22,PHC008,MED001,771,100,21.7,28,6,6,120.0,122.0,107.0,114
2025-06-23,PHC008,MED001,687,91,20.1,21,0,6,114.0,126.0,105.85714285714286,84
2025-06-24,PHC008,MED001,594,105,28.4,29,1,6,84.0,96.0,99.85714285714286,93
2025-06-25,PHC008,MED001,490,101,22.7,21,2,6,93.0,106.0,99.42857142857143,104
2025-06-26,PHC008,MED001,408,88,21.2,22,3,6,104.0,76.0,99.14285714285714,82
2025-06-27,PHC008,MED001,308,98,31.3,28,4,6,82.0,103.0,100.0,100
2025-06-28,PHC008,MED001,673,144,25.4,41,5,6,100.0,120.0,99.57142857142857,138
2025-06-29,PHC008,MED001,526,126,22.1,30,6,6,138.0,114.0,102.14285714285714,147
2025-01-08,PHC008,MED002,861,110,30.6,22,2,1,57.0,57.0,65.42857142857143,66
2025-01-09,PHC008,MED002,795,106,21.3,26,3,1,66.0,67.0,66.71428571428571,66
2025-01-10,PHC008,MED002,725,118,26.0,26,4,1,66.0,61.0,66.57142857142857,70
2025-01-11,PHC008,MED002,630,139,28.0,38,5,1,70.0,82.0,67.85714285714286,95
2025-01-12,PHC008,MED002,546,117,25.5,28,6,1,95.0,65.0,69.71428571428571,84
2025-01-13,PHC008,MED002,464,98,27.4,18,0,1,84.0,69.0,72.42857142857143,82
2025-01-14,PHC008,MED002,404,97,21.9,23,1,1,82.0,57.0,74.28571428571429,60
2025-01-15,PHC008,MED002,345,109,21.8,28,2,1,60.0,66.0,74.71428571428571,59
2025-01-16,PHC008,MED002,289,94,23.4,23,3,1,59.0,66.0,73.71428571428571,56
2025-01-17,PHC008,MED002,946,113,32.6,33,4,1,56.0,70.0,72.28571428571429,78
2025-01-18,PHC008,MED002,863,100,25.1,26,5,1,78.0,95.0,73.42857142857143,83
2025-01-19,PHC008,MED002,747,134,25.2,42,6,1,83.0,84.0,71.71428571428571,116
2025-01-20,PHC008,MED002,680,97,21.9,21,0,1,116.0,82.0,76.28571428571429,67
2025-01-21,PHC008,MED002,626,92,29.1,24,1,1,67.0,60.0,74.14285714285714,54
2025-01-22,PHC008,MED002,556,106,31.8,27,2,1,54.0,59.0,73.28571428571429,70
2025-01-23,PHC008,MED002,488,84,24.5,31,3,1,70.0,56.0,74.85714285714286,68
2025-01-24,PHC008,MED002,449,64,24.5,26,4,1,68.0,78.0,76.57142857142857,39
2025-01-25,PHC008,MED002,350,127,28.7,23,5,1,39.0,83.0,71.0,99
2025-01-26,PHC008,MED002,265,123,28.2,25,6,1,99.0,116.0,73.28571428571429,85
2025-01-27,PHC008,MED002,949,98,29.8,21,0,1,85.0,67.0,68.85714285714286,84
2025-01-28,PHC008,MED002,888,90,31.4,17,1,1,84.0,54.0,71.28571428571429,61
2025-01-29,PHC008,MED002,825,87,26.9,15,2,1,61.0,70.0,72.28571428571429,63
2025-01-30,PHC008,MED002,730,123,23.0,28,3,1,63.0,68.0,71.28571428571429,95
2025-01-31,PHC008,MED002,665,124,29.3,24,4,1,95.0,39.0,75.14285714285714,65
2025-02-01,PHC008,MED002,593,121,25.4,22,5,2,65.0,99.0,78.85714285714286,72
2025-02-02,PHC008,MED002,488,142,31.3,42,6,2,72.0,85.0,75.0,105
2025-02-03,PHC008,MED002,432,93,20.6,15,0,2,105.0,84.0,77.85714285714286,56
2025-02-04,PHC008,MED002,356,120,20.7,39,1,2,56.0,61.0,73.85714285714286,76
2025-02-05,PHC008,MED002,301,90,24.5,21,2,2,76.0,63.0,76.0,55
2025-02-06,PHC008,MED002,240,96,26.3,30,3,2,55.0,95.0,74.85714285714286,61
2025-02-07,PHC008,MED002,688,103,29.0,29,4,2,61.0,65.0,70.0,66
2025-02-08,PHC008,MED002,595,111,27.2,22,5,2,66.0,72.0,70.14285714285714,93
2025-02-09,PHC008,MED002,484,139,34.5,28,6,2,93.0,105.0,73.14285714285714,111
2025-02-10,PHC008,MED002,417,105,23.9,24,0,2,111.0,56.0,74.0,67
2025-02-11,PHC008,MED002,345,105,20.8,20,1,2,67.0,76.0,75.57142857142857,72
2025-02-12,PHC008,MED002,270,103,24.0,17,2,2,72.0,55.0,75.0,75
2025-02-13,PHC008,MED002,232,66,22.2,22,3,2,75.0,61.0,77.85714285714286,38
2025-02-14,PHC008,MED002,181,103,21.7,37,4,2,38.0,66.0,74.57142857142857,51
2025-02-15,PHC008,MED002,866,124,23.9,22,5,2,51.0,93.0,72.42857142857143,106
2025-02-16,PHC008,MED002,771,127,34.5,27,6,2,106.0,111.0,74.28571428571429,95
2025-02-17,PHC008,MED002,703,102,33.8,29,0,2,95.0,67.0,72.0,68
2025-02-18,PHC008,MED002,649,104,24.9,22,1,2,68.0,72.0,72.14285714285714,54
2025-02-19,PHC008,MED002,584,97,22.4,20,2,2,54.0,75.0,69.57142857142857,65
2025-02-20,PHC008,MED002,524,91,31.9,21,3,2,65.0,38.0,68.14285714285714,60
2025-02-21,PHC008,MED002,481,76,33.7,13,4,2,60.0,51.0,71.28571428571429,43
2025-02-22,PHC008,MED002,399,100,34.0,25,5,2,43.0,106.0,70.14285714285714,82
2025-02-23,PHC008,MED002,323,115,22.5,21,6,2,82.0,95.0,66.71428571428571,76
2025-02-24,PHC008,MED002,256,103,24.5,22,0,2,76.0,68.0,64.0,67
2025-02-25,PHC008,MED002,194,91,23.0,22,1,2,67.0,54.0,63.857142857142854,62
2025-02-26,PHC008,MED002,579,99,20.6,24,2,2,62.0,65.0,65.0,68
2025-02-27,PHC008,MED002,519,101,33.0,28,3,2,68.0,60.0,65.42857142857143,60
2025-02-28,PHC008,MED002,471,94,26.8,20,4,2,60.0,43.0,65.42857142857143,48
2025-03-01,PHC008,MED002,389,119,29.9,28,5,3,48.0,82.0,66.14285714285714,82
2025-03-02,PHC008,MED002,837,149,22.6,40,6,3,82.0,76.0,66.14285714285714,104
2025-03-03,PHC008,MED002,774,117,31.2,22,0,3,104.0,67.0,70.14285714285714,63
2025-03-04,PHC008,MED002,701,100,25.5,19,1,3,63.0,62.0,69.57142857142857,73
2025-03-05,PHC008,MED002,652,74,34.3,19,2,3,73.0,68.0,71.14285714285714,49
2025-03-06,PHC008,MED002,596,95,20.3,19,3,3,49.0,60.0,68.42857142857143,56
2025-03-07,PHC008,MED002,538,111,22.7,28,4,3,56.0,48.0,67.85714285714286,58
2025-03-08,PHC008,MED002,452,131,27.7,32,5,3,58.0,82.0,69.28571428571429,86
2025-03-09,PHC008,MED002,369,113,32.0,24,6,3,86.0,104.0,69.85714285714286,83
2025-03-10,PHC008,MED002,322,70,23.7,16,0,3,83.0,63.0,66.85714285714286,47
2025-03-11,PHC008,MED002,253,97,32.6,20,1,3,47.0,73.0,64.57142857142857,69
2025-03-12,PHC008,MED002,193,104,23.5,29,2,3,69.0,49.0,64.0,60
2025-03-13,PHC008,MED002,410,128,34.0,36,3,3,60.0,56.0,65.57142857142857,94
2025-03-14,PHC008,MED002,352,89,22.9,17,4,3,94.0,58.0,71.0,58
2025-03-15,PHC008,MED002,264,109,24.9,27,5,3,58.0,86.0,71.0,88
2025-03-16,PHC008,MED002,486,121,23.7,30,6,3,88.0,83.0,71.28571428571429,92
2025-03-17,PHC008,MED002,418,106,34.2,24,0,3,92.0,47.0,72.57142857142857,68
2025-03-18,PHC008,MED002,377,88,20.8,30,1,3,68.0,69.0,75.57142857142857,41
2025-03-19,PHC008,MED002,332,81,24.1,15,2,3,41.0,60.0,71.57142857142857,45
2025-03-20,PHC008,MED002,261,114,30.3,34,3,3,45.0,94.0,69.42857142857143,71
2025-03-21,PHC008,MED002,674,114,29.3,27,4,3,71.0,58.0,66.14285714285714,77
2025-03-22,PHC008,MED002,576,128,22.0,22,5,3,77.0,88.0,68.85714285714286,98
2025-03-23,PHC008,MED002,466,143,27.8,41,6,3,98.0,92.0,70.28571428571429,110
2025-03-24,PHC008,MED002,417,77,32.3,14,0,3,110.0,68.0,72.85714285714286,49
2025-03-25,PHC008,MED002,374,70,31.1,21,1,3,49.0,41.0,70.14285714285714,43
2025-03-26,PHC008,MED002,289,100,34.4,20,2,3,43.0,45.0,70.42857142857143,85
2025-03-27,PHC008,MED002,242,85,21.7,13,3,3,85.0,71.0,76.14285714285714,47
2025-03-28,PHC008,MED002,186,91,24.7,13,4,3,47.0,77.0,72.71428571428571,56
2025-03-29,PHC008,MED002,892,117,23.5,34,5,3,56.0,98.0,69.71428571428571,84
2025-03-30,PHC008,MED002,821,95,34.7,23,6,3,84.0,110.0,67.71428571428571,71
2025-03-31,PHC008,MED002,757,103,26.2,26,0,3,71.0,49.0,62.142857142857146,64
2025-04-01,PHC008,MED002,700,105,30.0,24,1,4,64.0,43.0,64.28571428571429,57
2025-04-02,PHC008,MED002,643,98,24.7,29,2,4,57.0,85.0,66.28571428571429,57
2025-04-03,PHC008,MED002,558,127,26.9,32,3,4,57.0,47.0,62.285714285714285,85
2025-04-04,PHC008,MED002,496,97,29.1,23,4,4,85.0,56.0,67.71428571428571,62
2025-04-05,PHC008,MED002,427,107,25.4,21,5,4,62.0,84.0,68.57142857142857,69
2025-04-06,PHC008,MED002,355,100,22.8,23,6,4,69.0,71.0,66.42857142857143,72
2025-04-07,PHC008,MED002,285,110,20.4,40,0,4,72.0,64.0,66.57142857142857,70
2025-04-08,PHC008,MED002,225,100,20.7,25,1,4,70.0,57.0,67.42857142857143,60
2025-04-09,PHC008,MED002,555,124,26.3,26,2,4,60.0,57.0,67.85714285714286,80
2025-04-10,PHC008,MED002,495,104,27.7,21,3,4,80.0,85.0,71.14285714285714,60
2025-04-11,PHC008,MED002,423,95,28.9,23,4,4,60.0,62.0,67.57142857142857,72
2025-04-12,PHC008,MED002,343,123,25.8,36,5,4,72.0,69.0,69.0,80
2025-04-13,PHC008,MED002,273,118,26.1,35,6,4,80.0,72.0,70.57142857142857,70
2025-04-14,PHC008,MED002,213,100,32.3,24,0,4,70.0,70.0,70.28571428571429,60
2025-04-15,PHC008,MED002,783,92,28.9,27,1,4,60.0,60.0,68.85714285714286,68
2025-04-16,PHC008,MED002,722,101,26.0,21,2,4,68.0,80.0,70.0,61
2025-04-17,PHC008,MED002,672,78,25.7,16,3,4,61.0,60.0,67.28571428571429,50
2025-04-18,PHC008,MED002,604,105,27.3,23,4,4,50.0,72.0,65.85714285714286,68
2025-04-19,PHC008,MED002,496,128,34.8,24,5,4,68.0,80.0,65.28571428571429,108
2025-04-20,PHC008,MED002,408,131,29.5,36,6,4,108.0,70.0,69.28571428571429,88
2025-04-21,PHC008,MED002,356,88,24.2,23,0,4,88.0,60.0,71.85714285714286,52
2025-04-22,PHC008,MED002,302,104,34.4,24,1,4,52.0,68.0,70.71428571428571,54
2025-04-23,PHC008,MED002,829,106,29.1,34,2,4,54.0,61.0,68.71428571428571,79
2025-04-24,PHC008,MED002,778,96,25.6,11,3,4,79.0,50.0,71.28571428571429,51
2025-04-25,PHC008,MED002,724,93,24.3,19,4,4,51.0,68.0,71.42857142857143,54
2025-04-26,PHC008,MED002,644,112,27.2,31,5,4,54.0,108.0,69.42857142857143,80
2025-04-27,PHC008,MED002,588,84,25.7,16,6,4,80.0,88.0,65.42857142857143,56
2025-04-28,PHC008,MED002,510,100,25.1,17,0,4,56.0,52.0,60.857142857142854,78
2025-04-29,PHC008,MED002,448,95,26.4,23,1,4,78.0,54.0,64.57142857142857,62
2025-04-30,PHC008,MED002,391,105,32.3,21,2,4,62.0,79.0,65.71428571428571,57
2025-05-01,PHC008,MED002,325,105,33.9,30,3,5,57.0,51.0,62.57142857142857,66
2025-05-02,PHC008,MED002,268,104,28.8,22,4,5,66.0,54.0,64.71428571428571,57
2025-05-03,PHC008,MED002,204,131,22.0,39,5,5,57.0,80.0,65.14285714285714,64
2025-05-04,PHC008,MED002,814,110,23.2,19,6,5,64.0,56.0,62.857142857142854,84
2025-05-05,PHC008,MED002,758,85,31.9,22,0,5,84.0,78.0,66.85714285714286,56
2025-05-06,PHC008,MED002,686,103,27.2,20,1,5,56.0,62.0,63.714285714285715,72
2025-05-07,PHC008,MED002,634,94,26.2,21,2,5,72.0,57.0,65.14285714285714,52
2025-05-08,PHC008,MED002,564,115,21.6,28,3,5,52.0,66.0,64.42857142857143,70
2025-05-09,PHC008,MED002,495,101,34.3,26,4,5,70.0,57.0,65.0,69
2025-05-10,PHC008,MED002,401,113,35.0,25,5,5,69.0,64.0,66.71428571428571,94
2025-05-11,PHC008,MED002,327,103,27.6,40,6,5,94.0,84.0,71.0,74
2025-05-12,PHC008,MED002,272,97,32.6,13,0,5,74.0,56.0,69.57142857142857,55
2025-05-13,PHC008,MED002,218,85,29.5,18,1,5,55.0,72.0,69.42857142857143,54
2025-05-14,PHC008,MED002,442,119,25.9,32,2,5,54.0,52.0,66.85714285714286,82
2025-05-15,PHC008,MED002,387,109,24.2,35,3,5,82.0,70.0,71.14285714285714,55
2025-05-16,PHC008,MED002,325,97,21.2,25,4,5,55.0,69.0,69.0,62
2025-05-17,PHC008,MED002,761,118,24.6,32,5,5,62.0,94.0,68.0,115
2025-05-18,PHC008,MED002,700,100,21.6,22,6,5,115.0,74.0,71.0,61
2025-05-19,PHC008,MED002,625,121,29.7,29,0,5,61.0,55.0,69.14285714285714,75
2025-05-20,PHC008,MED002,558,112,29.3,28,1,5,75.0,54.0,72.0,67
2025-05-21,PHC008,MED002,495,96,27.8,19,2,5,67.0,82.0,73.85714285714286,63
2025-05-22,PHC008,MED002,428,93,24.9,20,3,5,63.0,55.0,71.14285714285714,67
2025-05-23,PHC008,MED002,357,100,21.9,25,4,5,67.0,62.0,72.85714285714286,71
2025-05-24,PHC008,MED002,268,119,25.7,31,5,5,71.0,115.0,74.14285714285714,89
2025-05-25,PHC008,MED002,833,88,34.6,23,6,5,89.0,61.0,70.42857142857143,72
2025-05-26,PHC008,MED002,752,110,20.7,23,0,5,72.0,75.0,72.0,81
2025-05-27,PHC008,MED002,679,99,32.8,36,1,5,81.0,67.0,72.85714285714286,73
2025-05-28,PHC008,MED002,596,127,21.0,32,2,5,73.0,63.0,73.71428571428571,83
2025-05-29,PHC008,MED002,527,98,28.1,25,3,5,83.0,67.0,76.57142857142857,69
2025-05-30,PHC008,MED002,460,108,28.3,21,4,5,69.0,71.0,76.85714285714286,67
2025-05-31,PHC008,MED002,385,119,29.2,24,5,5,67.0,89.0,76.28571428571429,75
2025-06-01,PHC008,MED002,305,109,22.1,27,6,6,75.0,72.0,74.28571428571429,80
2025-06-02,PHC008,MED002,244,91,28.3,25,0,6,80.0,81.0,75.42857142857143,61
2025-06-03,PHC008,MED002,196,74,22.2,17,1,6,61.0,73.0,72.57142857142857,48
2025-06-04,PHC008,MED002,632,105,28.3,22,2,6,48.0,83.0,69.0,65
2025-06-05,PHC008,MED002,555,120,33.0,30,3,6,65.0,69.0,66.42857142857143,77
2025-06-06,PHC008,MED002,491,102,25.5,27,4,6,77.0,67.0,67.57142857142857,64
2025-06-07,PHC008,MED002,407,123,28.0,31,5,6,64.0,75.0,67.14285714285714,84
2025-06-08,PHC008,MED002,331,112,25.7,23,6,6,84.0,80.0,68.42857142857143,76
2025-06-09,PHC008,MED002,267,97,31.4,24,0,6,76.0,61.0,67.85714285714286,64
2025-06-10,PHC008,MED002,900,94,25.7,19,1,6,64.0,48.0,68.28571428571429,67
2025-06-11,PHC008,MED002,850,104,28.5,28,2,6,67.0,65.0,71.0,50
2025-06-12,PHC008,MED002,783,100,32.2,15,3,6,50.0,77.0,68.85714285714286,67
2025-06-13,PHC008,MED002,743,82,25.7,19,4,6,67.0,64.0,67.42857142857143,40
2025-06-14,PHC008,MED002,667,106,33.3,20,5,6,40.0,84.0,64.0,76
2025-06-15,PHC008,MED002,598,101,24.3,17,6,6,76.0,76.0,62.857142857142854,69
2025-06-16,PHC008,MED002,514,112,21.2,27,0,6,69.0,64.0,61.857142857142854,84
2025-06-17,PHC008,MED002,441,115,32.9,26,1,6,84.0,67.0,64.71428571428571,73
2025-06-18,PHC008,MED002,360,114,24.7,22,2,6,73.0,50.0,65.57142857142857,81
2025-06-19,PHC008,MED002,291,97,22.3,30,3,6,81.0,67.0,70.0,69
2025-06-20,PHC008,MED002,226,91,28.8,18,4,6,69.0,40.0,70.28571428571429,65
2025-06-21,PHC008,MED002,817,117,20.0,33,5,6,65.0,76.0,73.85714285714286,90
2025-06-22,PHC008,MED002,734,116,35.0,30,6,6,90.0,69.0,75.85714285714286,83
2025-06-23,PHC008,MED002,673,106,27.9,23,0,6,83.0,84.0,77.85714285714286,61
2025-06-24,PHC008,MED002,596,110,23.9,28,1,6,61.0,73.0,74.57142857142857,77
2025-06-25,PHC008,MED002,541,78,21.9,16,2,6,77.0,81.0,75.14285714285714,55
2025-06-26,PHC008,MED002,479,103,29.9,20,3,6,55.0,69.0,71.42857142857143,62
2025-06-27,PHC008,MED002,406,103,20.4,33,4,6,62.0,65.0,70.42857142857143,73
2025-06-28,PHC008,MED002,310,127,26.7,47,5,6,73.0,90.0,71.57142857142857,96
2025-06-29,PHC008,MED002,835,138,26.7,24,6,6,96.0,83.0,72.42857142857143,84
2025-01-08,PHC008,MED003,1036,92,23.4,23,2,1,63.0,35.0,55.57142857142857,40
2025-01-09,PHC008,MED003,974,135,20.3,36,3,1,40.0,56.0,56.285714285714285,62
2025-01-10,PHC008,MED003,922,114,24.5,22,4,1,62.0,39.0,57.142857142857146,52
2025-01-11,PHC008,MED003,869,93,29.5,19,5,1,52.0,72.0,59.0,53
2025-01-12,PHC008,MED003,816,98,27.0,18,6,1,53.0,62.0,56.285714285714285,53
2025-01-13,PHC008,MED003,762,110,32.1,25,0,1,53.0,62.0,55.0,54
2025-01-14,PHC008,MED003,720,102,20.1,32,1,1,54.0,63.0,53.857142857142854,42
2025-01-15,PHC008,MED003,658,117,34.3,31,2,1,42.0,40.0,50.857142857142854,62
2025-01-16,PHC008,MED003,608,85,28.9,17,3,1,62.0,62.0,54.0,50
2025-01-17,PHC008,MED003,558,111,34.0,19,4,1,50.0,52.0,52.285714285714285,50
2025-01-18,PHC008,MED003,493,119,21.6,31,5,1,50.0,53.0,52.0,65
2025-01-19,PHC008,MED003,421,112,20.8,22,6,1,65.0,53.0,53.714285714285715,72
2025-01-20,PHC008,MED003,367,106,24.3,27,0,1,72.0,54.0,56.42857142857143,54
2025-01-21,PHC008,MED003,296,136,25.4,40,1,1,54.0,42.0,56.42857142857143,71
2025-01-22,PHC008,MED003,249,89,30.0,21,2,1,71.0,62.0,60.57142857142857,47
2025-01-23,PHC008,MED003,200,79,31.0,18,3,1,47.0,50.0,58.42857142857143,49
2025-01-24,PHC008,MED003,150,98,28.5,22,4,1,49.0,50.0,58.285714285714285,50
2025-01-25,PHC008,MED003,495,137,20.4,39,5,1,50.0,65.0,58.285714285714285,79
2025-01-26,PHC008,MED003,433,127,31.4,40,6,1,79.0,72.0,60.285714285714285,62
2025-01-27,PHC008,MED003,384,93,28.8,30,0,1,62.0,54.0,58.857142857142854,49
2025-01-28,PHC008,MED003,325,120,25.8,33,1,1,49.0,71.0,58.142857142857146,59
2025-01-29,PHC008,MED003,263,120,27.2,35,2,1,59.0,47.0,56.42857142857143,62
2025-01-30,PHC008,MED003,217,92,28.5,26,3,1,62.0,49.0,58.57142857142857,46
2025-01-31,PHC008,MED003,174,96,33.7,28,4,1,46.0,50.0,58.142857142857146,43
2025-02-01,PHC008,MED003,805,134,22.9,31,5,2,43.0,79.0,57.142857142857146,51
2025-02-02,PHC008,MED003,743,127,32.7,23,6,2,51.0,62.0,53.142857142857146,62
2025-02-03,PHC008,MED003,702,111,22.3,22,0,2,62.0,49.0,53.142857142857146,41
2025-02-04,PHC008,MED003,670,74,28.3,19,1,2,41.0,59.0,52.0,32
2025-02-05,PHC008,MED003,623,91,23.6,32,2,2,32.0,62.0,48.142857142857146,47
2025-02-06,PHC008,MED003,593,78,33.4,15,3,2,47.0,46.0,46.0,30
2025-02-07,PHC008,MED003,544,104,20.1,24,4,2,30.0,43.0,43.714285714285715,49
2025-02-08,PHC008,MED003,488,103,27.2,31,5,2,49.0,51.0,44.57142857142857,56
2025-02-09,PHC008,MED003,421,130,30.8,30,6,2,56.0,62.0,45.285714285714285,67
2025-02-10,PHC008,MED003,376,91,25.9,25,0,2,67.0,41.0,46.0,45
2025-02-11,PHC008,MED003,327,84,31.3,24,1,2,45.0,32.0,46.57142857142857,49
2025-02-12,PHC008,MED003,291,90,32.3,25,2,2,49.0,47.0,49.0,36
2025-02-13,PHC008,MED003,244,97,29.9,36,3,2,36.0,30.0,47.42857142857143,47
2025-02-14,PHC008,MED003,198,92,27.3,19,4,2,47.0,49.0,49.857142857142854,46
2025-02-15,PHC008,MED003,800,108,22.0,26,5,2,46.0,56.0,49.42857142857143,54
2025-02-16,PHC008,MED003,750,120,28.1,28,6,2,54.0,67.0,49.142857142857146,50
2025-02-17,PHC008,MED003,692,124,24.8,28,0,2,50.0,45.0,46.714285714285715,58
2025-02-18,PHC008,MED003,644,78,20.8,13,1,2,58.0,49.0,48.57142857142857,48
2025-02-19,PHC008,MED003,591,107,20.7,25,2,2,48.0,36.0,48.42857142857143,53
2025-02-20,PHC008,MED003,532,135,32.3,39,3,2,53.0,47.0,50.857142857142854,59
2025-02-21,PHC008,MED003,491,80,21.1,23,4,2,59.0,46.0,52.57142857142857,41
2025-02-22,PHC008,MED003,415,135,22.9,36,5,2,41.0,54.0,51.857142857142854,76
2025-02-23,PHC008,MED003,355,128,27.7,32,6,2,76.0,50.0,55.0,60
2025-02-24,PHC008,MED003,293,106,23.5,28,0,2,60.0,58.0,56.42857142857143,62
2025-02-25,PHC008,MED003,240,109,22.9,19,1,2,62.0,48.0,57.0,53
2025-02-26,PHC008,MED003,185,115,25.6,22,2,2,53.0,53.0,57.714285714285715,55
2025-02-27,PHC008,MED003,149,99,33.7,19,3,2,55.0,59.0,58.0,36
2025-02-28,PHC008,MED003,424,114,27.2,19,4,2,36.0,41.0,54.714285714285715,62
2025-03-01,PHC008,MED003,332,150,27.9,44,5,3,62.0,76.0,57.714285714285715,92
2025-03-02,PHC008,MED003,284,85,34.7,21,6,3,92.0,60.0,60.0,48
2025-03-03,PHC008,MED003,240,98,34.1,34,0,3,48.0,62.0,58.285714285714285,44
2025-03-04,PHC008,MED003,865,125,21.1,29,1,3,44.0,53.0,55.714285714285715,70
2025-03-05,PHC008,MED003,803,135,33.2,40,2,3,70.0,55.0,58.142857142857146,62
2025-03-06,PHC008,MED003,752,112,21.2,28,3,3,62.0,36.0,59.142857142857146,51
2025-03-07,PHC008,MED003,707,86,20.9,20,4,3,51.0,62.0,61.285714285714285,45
2025-03-08,PHC008,MED003,656,89,23.4,12,5,3,45.0,92.0,58.857142857142854,51
2025-03-09,PHC008,MED003,589,118,29.4,29,6,3,51.0,48.0,53.0,67
2025-03-10,PHC008,MED003,542,89,22.8,18,0,3,67.0,44.0,55.714285714285715,47
2025-03-11,PHC008,MED003,495,91,26.5,31,1,3,47.0,70.0,56.142857142857146,47
2025-03-12,PHC008,MED003,444,113,23.4,28,2,3,47.0,62.0,52.857142857142854,51
2025-03-13,PHC008,MED003,399,99,22.7,21,3,3,51.0,51.0,51.285714285714285,45
2025-03-14,PHC008,MED003,353,87,28.0,29,4,3,45.0,45.0,50.42857142857143,46
2025-03-15,PHC008,MED003,293,103,21.5,21,5,3,46.0,51.0,50.57142857142857,60
2025-03-16,PHC008,MED003,238,102,26.9,30,6,3,60.0,67.0,51.857142857142854,55
2025-03-17,PHC008,MED003,182,130,22.5,23,0,3,55.0,47.0,50.142857142857146,56
2025-03-18,PHC008,MED003,781,105,29.2,29,1,3,56.0,47.0,51.42857142857143,51
2025-03-19,PHC008,MED003,739,90,23.7,14,2,3,51.0,51.0,52.0,42
2025-03-20,PHC008,MED003,682,120,31.5,26,3,3,42.0,45.0,50.714285714285715,57
2025-03-21,PHC008,MED003,632,86,21.7,31,4,3,57.0,46.0,52.42857142857143,50
2025-03-22,PHC008,MED003,576,102,23.3,37,5,3,50.0,60.0,53.0,56
2025-03-23,PHC008,MED003,512,118,28.4,29,6,3,56.0,55.0,52.42857142857143,64
2025-03-24,PHC008,MED003,480,73,24.8,19,0,3,64.0,56.0,53.714285714285715,32
2025-03-25,PHC008,MED003,424,120,29.6,30,1,3,32.0,51.0,50.285714285714285,56
2025-03-26,PHC008,MED003,397,77,31.7,25,2,3,56.0,42.0,51.0,27
2025-03-27,PHC008,MED003,346,95,28.7,34,3,3,27.0,57.0,48.857142857142854,51
2025-03-28,PHC008,MED003,282,100,30.9,24,4,3,51.0,50.0,48.0,64
2025-03-29,PHC008,MED003,221,106,22.7,24,5,3,64.0,56.0,50.0,61
2025-03-30,PHC008,MED003,715,114,30.9,23,6,3,61.0,64.0,50.714285714285715,66
2025-03-31,PHC008,MED003,652,111,20.1,25,0,3,66.0,32.0,51.0,63
2025-04-01,PHC008,MED003,616,92,29.3,19,1,4,63.0,56.0,55.42857142857143,36
2025-04-02,PHC008,MED003,581,94,34.6,24,2,4,36.0,27.0,52.57142857142857,35
2025-04-03,PHC008,MED003,522,104,32.5,22,3,4,35.0,51.0,53.714285714285715,59
2025-04-04,PHC008,MED003,473,97,28.5,22,4,4,59.0,64.0,54.857142857142854,49
2025-04-05,PHC008,MED003,415,111,30.8,25,5,4,49.0,61.0,52.714285714285715,58
2025-04-06,PHC008,MED003,345,123,34.8,37,6,4,58.0,66.0,52.285714285714285,70
2025-04-07,PHC008,MED003,294,118,23.3,28,0,4,70.0,63.0,52.857142857142854,51
2025-04-08,PHC008,MED003,236,100,26.9,17,1,4,51.0,36.0,51.142857142857146,58
2025-04-09,PHC008,MED003,200,95,25.5,24,2,4,58.0,35.0,54.285714285714285,36
2025-04-10,PHC008,MED003,154,93,31.9,25,3,4,36.0,59.0,54.42857142857143,46
2025-04-11,PHC008,MED003,759,88,34.3,20,4,4,46.0,49.0,52.57142857142857,53
2025-04-12,PHC008,MED003,675,124,29.4,38,5,4,53.0,58.0,53.142857142857146,84
2025-04-13,PHC008,MED003,598,136,27.7,33,6,4,84.0,70.0,56.857142857142854,77
2025-04-14,PHC008,MED003,545,134,20.6,39,0,4,77.0,51.0,57.857142857142854,53
2025-04-15,PHC008,MED003,503,78,27.9,20,1,4,53.0,58.0,58.142857142857146,42
2025-04-16,PHC008,MED003,443,112,25.3,28,2,4,42.0,36.0,55.857142857142854,60
2025-04-17,PHC008,MED003,383,118,22.2,26,3,4,60.0,46.0,59.285714285714285,60
2025-04-18,PHC008,MED003,332,102,20.3,30,4,4,60.0,53.0,61.285714285714285,51
2025-04-19,PHC008,MED003,274,111,23.8,33,5,4,51.0,84.0,61.0,58
2025-04-20,PHC008,MED003,225,102,30.5,24,6,4,58.0,77.0,57.285714285714285,49
2025-04-21,PHC008,MED003,842,102,25.9,22,0,4,49.0,53.0,53.285714285714285,57
2025-04-22,PHC008,MED003,783,110,30.3,25,1,4,57.0,42.0,53.857142857142854,59
2025-04-23,PHC008,MED003,711,139,33.3,36,2,4,59.0,60.0,56.285714285714285,72
2025-04-24,PHC008,MED003,653,103,23.8,23,3,4,72.0,60.0,58.0,58
2025-04-25,PHC008,MED003,598,112,22.6,31,4,4,58.0,51.0,57.714285714285715,55
2025-04-26,PHC008,MED003,521,114,22.0,14,5,4,55.0,58.0,58.285714285714285,77
2025-04-27,PHC008,MED003,455,117,31.2,30,6,4,77.0,49.0,61.0,66
2025-04-28,PHC008,MED003,410,101,30.2,31,0,4,66.0,57.0,63.42857142857143,45
2025-04-29,PHC008,MED003,364,117,23.0,24,1,4,45.0,59.0,61.714285714285715,46
2025-04-30,PHC008,MED003,318,109,31.5,14,2,4,46.0,72.0,59.857142857142854,46
2025-05-01,PHC008,MED003,272,125,20.5,40,3,5,46.0,58.0,56.142857142857146,46
2025-05-02,PHC008,MED003,237,83,26.3,19,4,5,46.0,55.0,54.42857142857143,35
2025-05-03,PHC008,MED003,181,129,25.8,29,5,5,35.0,77.0,51.57142857142857,56
2025-05-04,PHC008,MED003,549,108,32.9,25,6,5,56.0,66.0,48.57142857142857,62
2025-05-05,PHC008,MED003,511,78,21.0,27,0,5,62.0,45.0,48.0,38
2025-05-06,PHC008,MED003,459,102,20.1,20,1,5,38.0,46.0,47.0,52
2025-05-07,PHC008,MED003,415,97,31.8,20,2,5,52.0,46.0,47.857142857142854,44
2025-05-08,PHC008,MED003,359,105,27.3,22,3,5,44.0,46.0,47.57142857142857,56
2025-05-09,PHC008,MED003,317,95,26.2,30,4,5,56.0,35.0,49.0,42
2025-05-10,PHC008,MED003,266,100,21.8,21,5,5,42.0,56.0,50.0,51
2025-05-11,PHC008,MED003,772,144,29.8,36,6,5,51.0,62.0,49.285714285714285,87
2025-05-12,PHC008,MED003,727,98,31.0,29,0,5,87.0,38.0,52.857142857142854,45
2025-05-13,PHC008,MED003,680,103,32.5,23,1,5,45.0,52.0,53.857142857142854,47
2025-05-14,PHC008,MED003,646,87,22.0,19,2,5,47.0,44.0,53.142857142857146,34
2025-05-15,PHC008,MED003,603,107,20.7,20,3,5,34.0,56.0,51.714285714285715,43
2025-05-16,PHC008,MED003,556,101,29.5,32,4,5,43.0,42.0,49.857142857142854,47
2025-05-17,PHC008,MED003,475,120,31.1,41,5,5,47.0,51.0,50.57142857142857,81
2025-05-18,PHC008,MED003,393,108,22.6,21,6,5,81.0,87.0,54.857142857142854,82
2025-05-19,PHC008,MED003,358,85,23.0,29,0,5,82.0,45.0,54.142857142857146,35
2025-05-20,PHC008,MED003,291,121,31.6,39,1,5,35.0,47.0,52.714285714285715,67
2025-05-21,PHC008,MED003,236,107,30.3,22,2,5,67.0,34.0,55.57142857142857,55
2025-05-22,PHC008,MED003,200,87,22.7,19,3,5,55.0,43.0,58.57142857142857,36
2025-05-23,PHC008,MED003,570,107,26.7,27,4,5,36.0,47.0,57.57142857142857,51
2025-05-24,PHC008,MED003,502,116,25.4,39,5,5,51.0,81.0,58.142857142857146,68
2025-05-25,PHC008,MED003,425,143,27.6,29,6,5,68.0,82.0,56.285714285714285,77
2025-05-26,PHC008,MED003,381,82,21.0,25,0,5,77.0,35.0,55.57142857142857,44
2025-05-27,PHC008,MED003,313,124,32.4,24,1,5,44.0,67.0,56.857142857142854,68
2025-05-28,PHC008,MED003,259,117,30.5,32,2,5,68.0,55.0,57.0,54
2025-05-29,PHC008,MED003,207,126,29.9,29,3,5,54.0,36.0,56.857142857142854,52
2025-05-30,PHC008,MED003,649,125,25.3,39,4,5,52.0,51.0,59.142857142857146,66
2025-05-31,PHC008,MED003,593,101,29.0,27,5,5,66.0,68.0,61.285714285714285,56
2025-06-01,PHC008,MED003,544,116,34.8,25,6,6,56.0,77.0,59.57142857142857,49
2025-06-02,PHC008,MED003,496,105,30.6,22,0,6,49.0,44.0,55.57142857142857,48
2025-06-03,PHC008,MED003,458,85,23.8,26,1,6,48.0,68.0,56.142857142857146,38
2025-06-04,PHC008,MED003,416,104,21.3,18,2,6,38.0,54.0,51.857142857142854,42
2025-06-05,PHC008,MED003,365,114,34.5,38,3,6,42.0,52.0,50.142857142857146,51
2025-06-06,PHC008,MED003,331,72,20.6,13,4,6,51.0,66.0,50.0,34
2025-06-07,PHC008,MED003,297,86,22.7,14,5,6,34.0,56.0,45.42857142857143,34
2025-06-08,PHC008,MED003,240,118,30.6,26,6,6,34.0,49.0,42.285714285714285,57
2025-06-09,PHC008,MED003,196,93,24.1,29,0,6,57.0,48.0,43.42857142857143,44
2025-06-10,PHC008,MED003,165,79,21.9,23,1,6,44.0,38.0,42.857142857142854,31
2025-06-11,PHC008,MED003,770,100,23.4,18,2,6,31.0,42.0,41.857142857142854,46
2025-06-12,PHC008,MED003,711,119,25.9,29,3,6,46.0,51.0,42.42857142857143,59
2025-06-13,PHC008,MED003,649,106,29.1,26,4,6,59.0,34.0,43.57142857142857,62
2025-06-14,PHC008,MED003,598,104,32.9,20,5,6,62.0,34.0,47.57142857142857,51
2025-06-15,PHC008,MED003,551,107,30.4,19,6,6,51.0,57.0,50.0,47
2025-06-16,PHC008,MED003,486,132,32.8,28,0,6,47.0,44.0,48.57142857142857,65
2025-06-17,PHC008,MED003,428,119,27.8,23,1,6,65.0,31.0,51.57142857142857,58
2025-06-18,PHC008,MED003,389,84,27.7,28,2,6,58.0,46.0,55.42857142857143,39
2025-06-19,PHC008,MED003,361,63,25.9,9,3,6,39.0,59.0,54.42857142857143,28
2025-06-20,PHC008,MED003,315,91,31.5,17,4,6,28.0,62.0,50.0,46
2025-06-21,PHC008,MED003,270,78,20.8,11,5,6,46.0,51.0,47.714285714285715,45
2025-06-22,PHC008,MED003,206,133,29.7,29,6,6,45.0,47.0,46.857142857142854,64
2025-06-23,PHC008,MED003,847,105,29.2,24,0,6,64.0,65.0,49.285714285714285,59
2025-06-24,PHC008,MED003,788,122,24.5,27,1,6,59.0,58.0,48.42857142857143,59
2025-06-25,PHC008,MED003,736,118,33.0,35,2,6,59.0,39.0,48.57142857142857,52
2025-06-26,PHC008,MED003,695,99,34.4,26,3,6,52.0,28.0,50.42857142857143,41
2025-06-27,PHC008,MED003,651,107,22.0,30,4,6,41.0,46.0,52.285714285714285,44
2025-06-28,PHC008,MED003,595,95,24.3,14,5,6,44.0,45.0,52.0,56
2025-06-29,PHC008,MED003,541,142,21.6,43,6,6,56.0,64.0,53.57142857142857,54
2025-01-08,PHC008,MED004,473,101,32.6,24,2,1,49.0,59.0,53.285714285714285,54
2025-01-09,PHC008,MED004,427,100,26.6,23,3,1,54.0,59.0,52.57142857142857,46
2025-01-10,PHC008,MED004,391,78,25.8,22,4,1,46.0,62.0,50.714285714285715,36
2025-01-11,PHC008,MED004,312,133,32.9,28,5,1,36.0,51.0,47.0,79
2025-01-12,PHC008,MED004,247,120,28.0,25,6,1,79.0,58.0,51.0,65
2025-01-13,PHC008,MED004,199,95,22.9,25,0,1,65.0,35.0,52.0,48
2025-01-14,PHC008,MED004,151,84,22.8,20,1,1,48.0,49.0,53.857142857142854,48
2025-01-15,PHC008,MED004,114,84,21.9,17,2,1,48.0,54.0,53.714285714285715,37
2025-01-16,PHC008,MED004,855,94,21.3,26,3,1,37.0,46.0,51.285714285714285,51
2025-01-17,PHC008,MED004,793,119,32.0,36,4,1,51.0,36.0,52.0,62
2025-01-18,PHC008,MED004,702,125,30.7,31,5,1,62.0,79.0,55.714285714285715,91
2025-01-19,PHC008,MED004,628,121,26.8,26,6,1,91.0,65.0,57.42857142857143,74
2025-01-20,PHC008,MED004,542,124,23.7,35,0,1,74.0,48.0,58.714285714285715,86
2025-01-21,PHC008,MED004,500,96,26.4,24,1,1,86.0,48.0,64.14285714285714,42
2025-01-22,PHC008,MED004,461,81,24.7,13,2,1,42.0,37.0,63.285714285714285,39
2025-01-23,PHC008,MED004,408,92,34.8,27,3,1,39.0,51.0,63.57142857142857,53
2025-01-24,PHC008,MED004,354,97,23.8,26,4,1,53.0,62.0,63.857142857142854,54
2025-01-25,PHC008,MED004,703,131,24.0,45,5,1,54.0,91.0,62.714285714285715,91
2025-01-26,PHC008,MED004,647,111,21.7,30,6,1,91.0,74.0,62.714285714285715,56
2025-01-27,PHC008,MED004,587,112,23.7,33,0,1,56.0,86.0,60.142857142857146,60
2025-01-28,PHC008,MED004,540,96,31.0,20,1,1,60.0,42.0,56.42857142857143,47
2025-01-29,PHC008,MED004,487,108,24.9,17,2,1,47.0,39.0,57.142857142857146,53
2025-01-30,PHC008,MED004,430,107,22.2,29,3,1,53.0,53.0,59.142857142857146,57
2025-01-31,PHC008,MED004,373,123,29.8,29,4,1,57.0,54.0,59.714285714285715,57
2025-02-01,PHC008,MED004,304,106,30.4,25,5,2,57.0,91.0,60.142857142857146,69
2025-02-02,PHC008,MED004,246,117,23.9,29,6,2,69.0,56.0,57.0,58
2025-02-03,PHC008,MED004,687,121,21.9,27,0,2,58.0,60.0,57.285714285714285,67
2025-02-04,PHC008,MED004,644,105,20.1,30,1,2,67.0,47.0,58.285714285714285,43
2025-02-05,PHC008,MED004,597,102,33.8,19,2,2,43.0,53.0,57.714285714285715,47
2025-02-06,PHC008,MED004,540,106,27.3,33,3,2,47.0,57.0,56.857142857142854,57
2025-02-07,PHC008,MED004,494,94,30.2,23,4,2,57.0,57.0,56.857142857142854,46
2025-02-08,PHC008,MED004,426,114,22.7,29,5,2,46.0,69.0,55.285714285714285,68
2025-02-09,PHC008,MED004,367,106,34.7,19,6,2,68.0,58.0,55.142857142857146,59
2025-02-10,PHC008,MED004,303,120,26.4,19,0,2,59.0,67.0,55.285714285714285,64
2025-02-11,PHC008,MED004,252,100,20.9,28,1,2,64.0,43.0,54.857142857142854,51
2025-02-12,PHC008,MED004,221,67,30.1,20,2,2,51.0,47.0,56.0,31
2025-02-13,PHC008,MED004,167,111,34.1,23,3,2,31.0,57.0,53.714285714285715,54
2025-02-14,PHC008,MED004,132,69,21.0,19,4,2,54.0,46.0,53.285714285714285,35
2025-02-15,PHC008,MED004,484,123,32.7,34,5,2,35.0,68.0,51.714285714285715,77
2025-02-16,PHC008,MED004,419,115,26.5,29,6,2,77.0,59.0,53.0,65
2025-02-17,PHC008,MED004,361,103,21.1,28,0,2,65.0,64.0,53.857142857142854,58
2025-02-18,PHC008,MED004,311,88,31.3,15,1,2,58.0,51.0,53.0,50
2025-02-19,PHC008,MED004,274,83,31.1,14,2,2,50.0,31.0,52.857142857142854,37
2025-02-20,PHC008,MED004,212,120,31.7,39,3,2,37.0,54.0,53.714285714285715,62
2025-02-21,PHC008,MED004,163,97,27.2,26,4,2,62.0,35.0,54.857142857142854,49
2025-02-22,PHC008,MED004,818,135,20.6,43,5,2,49.0,77.0,56.857142857142854,97
2025-02-23,PHC008,MED004,736,123,26.9,32,6,2,97.0,65.0,59.714285714285715,82
2025-02-24,PHC008,MED004,685,101,31.7,22,0,2,82.0,58.0,62.142857142857146,51
2025-02-25,PHC008,MED004,607,121,28.0,26,1,2,51.0,50.0,61.142857142857146,78
2025-02-26,PHC008,MED004,552,93,28.2,24,2,2,78.0,37.0,65.14285714285714,55
2025-02-27,PHC008,MED004,480,113,27.8,32,3,2,55.0,62.0,67.71428571428571,72
2025-02-28,PHC008,MED004,425,93,34.4,15,4,2,72.0,49.0,69.14285714285714,55
2025-03-01,PHC008,MED004,353,116,33.5,35,5,3,55.0,97.0,70.0,72
2025-03-02,PHC008,MED004,290,115,25.5,36,6,3,72.0,82.0,66.42857142857143,63
2025-03-03,PHC008,MED004,245,98,20.2,28,0,3,63.0,51.0,63.714285714285715,45
2025-03-04,PHC008,MED004,212,76,32.3,15,1,3,45.0,78.0,62.857142857142854,33
2025-03-05,PHC008,MED004,174,77,30.4,24,2,3,33.0,55.0,56.42857142857143,38
2025-03-06,PHC008,MED004,707,100,25.1,34,3,3,38.0,72.0,54.0,48
2025-03-07,PHC008,MED004,650,109,27.4,23,4,3,48.0,55.0,50.57142857142857,57
2025-03-08,PHC008,MED004,570,126,26.6,29,5,3,57.0,72.0,50.857142857142854,80
2025-03-09,PHC008,MED004,508,95,27.0,23,6,3,80.0,63.0,52.0,62
2025-03-10,PHC008,MED004,450,102,26.5,23,0,3,62.0,45.0,51.857142857142854,58
2025-03-11,PHC008,MED004,389,118,33.8,24,1,3,58.0,33.0,53.714285714285715,61
2025-03-12,PHC008,MED004,340,93,27.8,22,2,3,61.0,38.0,57.714285714285715,49
2025-03-13,PHC008,MED004,294,94,26.0,24,3,3,49.0,48.0,59.285714285714285,46
2025-03-14,PHC008,MED004,243,97,31.3,16,4,3,46.0,57.0,59.0,51
2025-03-15,PHC008,MED004,792,133,27.4,36,5,3,51.0,80.0,58.142857142857146,81
2025-03-16,PHC008,MED004,732,101,25.0,24,6,3,81.0,62.0,58.285714285714285,60
2025-03-17,PHC008,MED004,687,86,21.1,12,0,3,60.0,58.0,58.0,45
2025-03-18,PHC008,MED004,608,113,25.7,22,1,3,45.0,61.0,56.142857142857146,79
2025-03-19,PHC008,MED004,557,101,21.0,21,2,3,79.0,49.0,58.714285714285715,51
2025-03-20,PHC008,MED004,505,84,33.5,22,3,3,51.0,46.0,59.0,52
2025-03-21,PHC008,MED004,460,84,30.3,23,4,3,52.0,51.0,59.857142857142854,45
2025-03-22,PHC008,MED004,379,118,30.3,34,5,3,45.0,81.0,59.0,81
2025-03-23,PHC008,MED004,300,124,21.3,37,6,3,81.0,60.0,59.0,79
2025-03-24,PHC008,MED004,254,85,28.3,16,0,3,79.0,45.0,61.714285714285715,46
2025-03-25,PHC008,MED004,206,101,30.4,23,1,3,46.0,79.0,61.857142857142854,48
2025-03-26,PHC008,MED004,463,106,27.3,19,2,3,48.0,51.0,57.42857142857143,63
2025-03-27,PHC008,MED004,411,93,30.9,16,3,3,63.0,52.0,59.142857142857146,52
2025-03-28,PHC008,MED004,339,128,20.9,35,4,3,52.0,45.0,59.142857142857146,72
2025-03-29,PHC008,MED004,258,132,26.6,28,5,3,72.0,81.0,63.0,81
2025-03-30,PHC008,MED004,195,100,29.7,30,6,3,81.0,79.0,63.0,63
2025-03-31,PHC008,MED004,903,107,21.4,39,0,3,63.0,46.0,60.714285714285715,66
2025-04-01,PHC008,MED004,856,118,20.8,19,1,4,66.0,48.0,63.57142857142857,47
2025-04-02,PHC008,MED004,802,107,20.4,18,2,4,47.0,63.0,63.42857142857143,54
2025-04-03,PHC008,MED004,751,108,22.2,31,3,4,54.0,52.0,62.142857142857146,51
2025-04-04,PHC008,MED004,700,85,29.4,25,4,4,51.0,72.0,62.0,51
2025-04-05,PHC008,MED004,623,111,20.5,21,5,4,51.0,81.0,59.0,77
2025-04-06,PHC008,MED004,565,118,25.5,21,6,4,77.0,63.0,58.42857142857143,58
2025-04-07,PHC008,MED004,528,87,24.0,16,0,4,58.0,66.0,57.714285714285715,37
2025-04-08,PHC008,MED004,486,107,29.6,20,1,4,37.0,47.0,53.57142857142857,42
2025-04-09,PHC008,MED004,428,112,28.9,24,2,4,42.0,54.0,52.857142857142854,58
2025-04-10,PHC008,MED004,374,85,22.5,17,3,4,58.0,51.0,53.42857142857143,54
2025-04-11,PHC008,MED004,314,114,30.2,34,4,4,54.0,51.0,53.857142857142854,60
2025-04-12,PHC008,MED004,253,105,21.3,25,5,4,60.0,77.0,55.142857142857146,61
2025-04-13,PHC008,MED004,892,114,30.8,33,6,4,61.0,58.0,52.857142857142854,67
2025-04-14,PHC008,MED004,850,103,21.4,27,0,4,67.0,37.0,54.142857142857146,42
2025-04-15,PHC008,MED004,790,109,26.9,25,1,4,42.0,42.0,54.857142857142854,60
2025-04-16,PHC008,MED004,742,81,26.4,20,2,4,60.0,58.0,57.42857142857143,48
2025-04-17,PHC008,MED004,691,102,31.6,17,3,4,48.0,54.0,56.0,51
2025-04-18,PHC008,MED004,647,86,33.5,13,4,4,51.0,60.0,55.57142857142857,44
2025-04-19,PHC008,MED004,583,117,28.0,28,5,4,44.0,61.0,53.285714285714285,64
2025-04-20,PHC008,MED004,508,138,29.0,36,6,4,64.0,67.0,53.714285714285715,75
2025-04-21,PHC008,MED004,447,115,24.5,30,0,4,75.0,42.0,54.857142857142854,61
2025-04-22,PHC008,MED004,400,84,29.2,24,1,4,61.0,60.0,57.57142857142857,47
2025-04-23,PHC008,MED004,354,91,32.3,22,2,4,47.0,48.0,55.714285714285715,46
2025-04-24,PHC008,MED004,290,114,25.3,28,3,4,46.0,51.0,55.42857142857143,64
2025-04-25,PHC008,MED004,241,101,28.5,29,4,4,64.0,44.0,57.285714285714285,49
2025-04-26,PHC008,MED004,539,109,23.7,29,5,4,49.0,64.0,58.0,76
2025-04-27,PHC008,MED004,446,141,21.6,33,6,4,76.0,75.0,59.714285714285715,93
2025-04-28,PHC008,MED004,395,98,27.8,35,0,4,93.0,61.0,62.285714285714285,51
2025-04-29,PHC008,MED004,334,111,34.4,18,1,4,51.0,47.0,60.857142857142854,61
2025-04-30,PHC008,MED004,272,124,30.0,36,2,4,61.0,46.0,62.857142857142854,62
2025-05-01,PHC008,MED004,217,99,32.3,18,3,5,62.0,64.0,65.14285714285714,55
2025-05-02,PHC008,MED004,164,108,30.0,24,4,5,55.0,49.0,63.857142857142854,53
2025-05-03,PHC008,MED004,860,138,30.8,36,5,5,53.0,76.0,64.42857142857143,83
2025-05-04,PHC008,MED004,786,128,31.4,32,6,5,83.0,93.0,65.42857142857143,74
2025-05-05,PHC008,MED004,731,108,32.9,25,0,5,74.0,51.0,62.714285714285715,55
2025-05-06,PHC008,MED004,674,115,34.0,34,1,5,55.0,61.0,63.285714285714285,57
2025-05-07,PHC008,MED004,599,131,24.4,33,2,5,57.0,62.0,62.714285714285715,75
2025-05-08,PHC008,MED004,560,77,27.3,8,3,5,75.0,55.0,64.57142857142857,39
2025-05-09,PHC008,MED004,502,109,30.8,17,4,5,39.0,53.0,62.285714285714285,58
2025-05-10,PHC008,MED004,437,121,34.6,30,5,5,58.0,83.0,63.0,65
2025-05-11,PHC008,MED004,368,116,24.2,37,6,5,65.0,74.0,60.42857142857143,69
2025-05-12,PHC008,MED004,310,103,26.8,27,0,5,69.0,55.0,59.714285714285715,58
2025-05-13,PHC008,MED004,256,120,33.8,34,1,5,58.0,57.0,60.142857142857146,54
2025-05-14,PHC008,MED004,225,61,26.4,16,2,5,54.0,75.0,59.714285714285715,31
2025-05-15,PHC008,MED004,179,84,28.0,22,3,5,31.0,39.0,53.42857142857143,46
2025-05-16,PHC008,MED004,651,89,22.7,28,4,5,46.0,58.0,54.42857142857143,56
2025-05-17,PHC008,MED004,582,136,29.3,26,5,5,56.0,65.0,54.142857142857146,69
2025-05-18,PHC008,MED004,503,116,27.9,13,6,5,69.0,69.0,54.714285714285715,79
2025-05-19,PHC008,MED004,457,114,24.2,26,0,5,79.0,58.0,56.142857142857146,46
2025-05-20,PHC008,MED004,421,99,23.5,25,1,5,46.0,54.0,54.42857142857143,36
2025-05-21,PHC008,MED004,335,135,33.9,34,2,5,36.0,31.0,51.857142857142854,86
2025-05-22,PHC008,MED004,267,128,26.2,46,3,5,86.0,46.0,59.714285714285715,68
2025-05-23,PHC008,MED004,215,102,24.9,25,4,5,68.0,56.0,62.857142857142854,52
2025-05-24,PHC008,MED004,799,111,21.0,20,5,5,52.0,69.0,62.285714285714285,73
2025-05-25,PHC008,MED004,734,107,33.4,24,6,5,73.0,79.0,62.857142857142854,65
2025-05-26,PHC008,MED004,674,101,34.7,27,0,5,65.0,46.0,60.857142857142854,60
2025-05-27,PHC008,MED004,630,99,29.1,28,1,5,60.0,36.0,62.857142857142854,44
2025-05-28,PHC008,MED004,564,114,33.3,27,2,5,44.0,86.0,64.0,66
2025-05-29,PHC008,MED004,497,117,32.0,28,3,5,66.0,68.0,61.142857142857146,67
2025-05-30,PHC008,MED004,445,107,20.9,35,4,5,67.0,52.0,61.0,52
2025-05-31,PHC008,MED004,372,132,29.9,31,5,5,52.0,73.0,61.0,73
2025-06-01,PHC008,MED004,296,127,23.5,36,6,6,73.0,65.0,61.0,76
2025-06-02,PHC008,MED004,251,96,22.0,25,0,6,76.0,60.0,62.57142857142857,45
2025-06-03,PHC008,MED004,200,92,26.6,23,1,6,45.0,44.0,60.42857142857143,51
2025-06-04,PHC008,MED004,157,89,33.7,14,2,6,51.0,66.0,61.42857142857143,43
2025-06-05,PHC008,MED004,120,69,29.7,21,3,6,43.0,67.0,58.142857142857146,37
2025-06-06,PHC008,MED004,789,98,33.1,29,4,6,37.0,52.0,53.857142857142854,40
2025-06-07,PHC008,MED004,716,131,21.1,33,5,6,40.0,73.0,52.142857142857146,73
2025-06-08,PHC008,MED004,641,114,28.2,28,6,6,73.0,76.0,52.142857142857146,75
2025-06-09,PHC008,MED004,576,131,33.6,24,0,6,75.0,45.0,52.0,65
2025-06-10,PHC008,MED004,536,90,33.2,24,1,6,65.0,51.0,54.857142857142854,40
2025-06-11,PHC008,MED004,463,126,23.5,29,2,6,40.0,43.0,53.285714285714285,73
2025-06-12,PHC008,MED004,422,80,24.4,23,3,6,73.0,37.0,57.57142857142857,41
2025-06-13,PHC008,MED004,375,101,27.8,20,4,6,41.0,40.0,58.142857142857146,47
2025-06-14,PHC008,MED004,312,114,22.6,30,5,6,47.0,73.0,59.142857142857146,63
2025-06-15,PHC008,MED004,246,97,33.7,19,6,6,63.0,75.0,57.714285714285715,66
2025-06-16,PHC008,MED004,208,86,24.1,32,0,6,66.0,65.0,56.42857142857143,38
2025-06-17,PHC008,MED004,161,89,28.1,17,1,6,38.0,40.0,52.57142857142857,47
2025-06-18,PHC008,MED004,395,138,32.6,24,2,6,47.0,73.0,53.57142857142857,84
2025-06-19,PHC008,MED004,340,100,21.2,24,3,6,84.0,41.0,55.142857142857146,55
2025-06-20,PHC008,MED004,296,106,32.2,33,4,6,55.0,47.0,57.142857142857146,44
2025-06-21,PHC008,MED004,225,109,31.3,18,5,6,44.0,63.0,56.714285714285715,71
2025-06-22,PHC008,MED004,637,129,33.8,39,6,6,71.0,66.0,57.857142857142854,83
2025-06-23,PHC008,MED004,576,117,21.9,15,0,6,83.0,38.0,60.285714285714285,61
2025-06-24,PHC008,MED004,540,73,27.2,21,1,6,61.0,47.0,63.57142857142857,36
2025-06-25,PHC008,MED004,481,112,25.1,20,2,6,36.0,84.0,62.0,59
2025-06-26,PHC008,MED004,427,83,31.1,21,3,6,59.0,55.0,58.42857142857143,54
2025-06-27,PHC008,MED004,366,99,33.7,28,4,6,54.0,44.0,58.285714285714285,61
2025-06-28,PHC008,MED004,278,107,24.0,27,5,6,61.0,71.0,60.714285714285715,88
2025-06-29,PHC008,MED004,929,110,28.1,30,6,6,88.0,83.0,63.142857142857146,70
2025-01-08,PHC008,MED005,439,115,33.8,32,2,1,30.0,35.0,36.42857142857143,33
2025-01-09,PHC008,MED005,385,125,31.8,32,3,1,33.0,19.0,36.142857142857146,54
2025-01-10,PHC008,MED005,342,108,24.4,29,4,1,54.0,44.0,41.142857142857146,43
2025-01-11,PHC008,MED005,306,99,31.8,28,5,1,43.0,49.0,41.0,36
2025-01-12,PHC008,MED005,281,78,34.7,22,6,1,36.0,43.0,39.142857142857146,25
2025-01-13,PHC008,MED005,252,94,21.6,20,0,1,25.0,35.0,36.57142857142857,29
2025-01-14,PHC008,MED005,215,104,31.8,27,1,1,29.0,30.0,35.714285714285715,37
2025-01-15,PHC008,MED005,184,78,24.3,23,2,1,37.0,33.0,36.714285714285715,31
2025-01-16,PHC008,MED005,152,89,34.8,12,3,1,31.0,54.0,36.42857142857143,32
2025-01-17,PHC008,MED005,114,90,24.5,28,4,1,32.0,43.0,33.285714285714285,38
2025-01-18,PHC008,MED005,623,113,30.1,31,5,1,38.0,36.0,32.57142857142857,46
2025-01-19,PHC008,MED005,575,116,30.7,25,6,1,46.0,25.0,34.0,48
2025-01-20,PHC008,MED005,542,97,29.0,22,0,1,48.0,29.0,37.285714285714285,33
2025-01-21,PHC008,MED005,502,91,30.3,27,1,1,33.0,37.0,37.857142857142854,40
2025-01-22,PHC008,MED005,461,105,30.2,23,2,1,40.0,31.0,38.285714285714285,41
2025-01-23,PHC008,MED005,425,100,32.6,29,3,1,41.0,32.0,39.714285714285715,36
2025-01-24,PHC008,MED005,388,91,27.3,24,4,1,36.0,38.0,40.285714285714285,37
2025-01-25,PHC008,MED005,325,136,24.8,34,5,1,37.0,46.0,40.142857142857146,63
2025-01-26,PHC008,MED005,277,120,34.3,29,6,1,63.0,48.0,42.57142857142857,48
2025-01-27,PHC008,MED005,240,98,21.8,23,0,1,48.0,33.0,42.57142857142857,37
2025-01-28,PHC008,MED005,204,84,22.2,28,1,1,37.0,40.0,43.142857142857146,36
2025-01-29,PHC008,MED005,154,104,28.2,30,2,1,36.0,41.0,42.57142857142857,50
2025-01-30,PHC008,MED005,116,112,20.6,11,3,1,50.0,36.0,43.857142857142854,38
2025-01-31,PHC008,MED005,813,85,25.5,10,4,1,38.0,37.0,44.142857142857146,31
2025-02-01,PHC008,MED005,764,133,26.9,34,5,2,31.0,63.0,43.285714285714285,49
2025-02-02,PHC008,MED005,717,132,27.4,38,6,2,49.0,48.0,41.285714285714285,47
2025-02-03,PHC008,MED005,682,100,25.5,36,0,2,47.0,37.0,41.142857142857146,35
2025-02-04,PHC008,MED005,648,82,26.9,23,1,2,35.0,36.0,40.857142857142854,34
2025-02-05,PHC008,MED005,606,90,25.1,18,2,2,34.0,50.0,40.57142857142857,42
2025-02-06,PHC008,MED005,570,91,34.6,28,3,2,42.0,38.0,39.42857142857143,36
2025-02-07,PHC008,MED005,535,104,29.4,28,4,2,36.0,31.0,39.142857142857146,35
2025-02-08,PHC008,MED005,474,132,21.2,38,5,2,35.0,49.0,39.714285714285715,61
2025-02-09,PHC008,MED005,432,129,24.3,41,6,2,61.0,47.0,41.42857142857143,42
2025-02-10,PHC008,MED005,389,111,25.2,29,0,2,42.0,35.0,40.714285714285715,43
2025-02-11,PHC008,MED005,355,112,25.5,27,1,2,43.0,34.0,41.857142857142854,34
2025-02-12,PHC008,MED005,320,103,26.8,24,2,2,34.0,42.0,41.857142857142854,35
2025-02-13,PHC008,MED005,289,85,31.4,24,3,2,35.0,36.0,40.857142857142854,31
2025-02-14,PHC008,MED005,260,91,33.1,25,4,2,31.0,35.0,40.142857142857146,29
2025-02-15,PHC008,MED005,211,102,25.6,33,5,2,29.0,61.0,39.285714285714285,49
2025-02-16,PHC008,MED005,162,113,22.2,32,6,2,49.0,42.0,37.57142857142857,49
2025-02-17,PHC008,MED005,128,97,29.5,25,0,2,49.0,43.0,38.57142857142857,34
2025-02-18,PHC008,MED005,662,104,26.9,15,1,2,34.0,34.0,37.285714285714285,46
2025-02-19,PHC008,MED005,614,105,22.8,33,2,2,46.0,35.0,39.0,48
2025-02-20,PHC008,MED005,578,98,23.6,16,3,2,48.0,31.0,40.857142857142854,36
2025-02-21,PHC008,MED005,530,95,33.2,31,4,2,36.0,29.0,41.57142857142857,48
2025-02-22,PHC008,MED005,479,111,22.6,35,5,2,48.0,49.0,44.285714285714285,51
2025-02-23,PHC008,MED005,407,141,31.9,35,6,2,51.0,49.0,44.57142857142857,72
2025-02-24,PHC008,MED005,366,113,22.6,28,0,2,72.0,34.0,47.857142857142854,41
2025-02-25,PHC008,MED005,340,74,32.5,22,1,2,41.0,46.0,48.857142857142854,26
2025-02-26,PHC008,MED005,305,110,24.8,32,2,2,26.0,48.0,46.0,35
2025-02-27,PHC008,MED005,262,92,29.1,21,3,2,35.0,36.0,44.142857142857146,43
2025-02-28,PHC008,MED005,223,101,33.7,27,4,2,43.0,48.0,45.142857142857146,39
2025-03-01,PHC008,MED005,770,125,28.3,31,5,3,39.0,51.0,43.857142857142854,57
2025-03-02,PHC008,MED005,705,150,21.7,44,6,3,57.0,72.0,44.714285714285715,65
2025-03-03,PHC008,MED005,680,78,32.0,19,0,3,65.0,41.0,43.714285714285715,25
2025-03-04,PHC008,MED005,651,97,23.0,18,1,3,25.0,26.0,41.42857142857143,29
2025-03-05,PHC008,MED005,619,88,26.9,19,2,3,29.0,35.0,41.857142857142854,32
2025-03-06,PHC008,MED005,586,95,27.4,23,3,3,32.0,43.0,41.42857142857143,33
2025-03-07,PHC008,MED005,550,109,31.6,27,4,3,33.0,39.0,40.0,36
2025-03-08,PHC008,MED005,526,94,30.6,16,5,3,36.0,57.0,39.57142857142857,24
2025-03-09,PHC008,MED005,477,116,32.9,33,6,3,24.0,65.0,34.857142857142854,49
2025-03-10,PHC008,MED005,448,93,27.9,22,0,3,49.0,25.0,32.57142857142857,29
2025-03-11,PHC008,MED005,420,90,28.7,17,1,3,29.0,29.0,33.142857142857146,28
2025-03-12,PHC008,MED005,382,96,25.4,20,2,3,28.0,32.0,33.0,38
2025-03-13,PHC008,MED005,331,127,28.9,36,3,3,38.0,33.0,33.857142857142854,51
2025-03-14,PHC008,MED005,301,96,23.3,23,4,3,51.0,36.0,36.42857142857143,30
2025-03-15,PHC008,MED005,248,152,21.4,36,5,3,30.0,24.0,35.57142857142857,53
2025-03-16,PHC008,MED005,190,127,26.5,30,6,3,53.0,49.0,39.714285714285715,58
2025-03-17,PHC008,MED005,156,90,33.9,26,0,3,58.0,29.0,41.0,34
2025-03-18,PHC008,MED005,506,135,33.7,23,1,3,34.0,28.0,41.714285714285715,61
2025-03-19,PHC008,MED005,473,117,21.4,25,2,3,61.0,38.0,46.42857142857143,33
2025-03-20,PHC008,MED005,431,115,31.4,32,3,3,33.0,51.0,45.714285714285715,42
2025-03-21,PHC008,MED005,390,114,30.8,30,4,3,42.0,30.0,44.42857142857143,41
2025-03-22,PHC008,MED005,339,117,33.3,28,5,3,41.0,53.0,46.0,51
2025-03-23,PHC008,MED005,264,154,20.4,38,6,3,51.0,58.0,45.714285714285715,75
2025-03-24,PHC008,MED005,230,90,27.8,22,0,3,75.0,34.0,48.142857142857146,34
2025-03-25,PHC008,MED005,201,88,25.2,24,1,3,34.0,61.0,48.142857142857146,29
2025-03-26,PHC008,MED005,167,97,32.9,19,2,3,29.0,33.0,43.57142857142857,34
2025-03-27,PHC008,MED005,135,104,23.1,29,3,3,34.0,42.0,43.714285714285715,32
2025-03-28,PHC008,MED005,440,79,29.9,25,4,3,32.0,41.0,42.285714285714285,34
2025-03-29,PHC008,MED005,382,112,30.1,39,5,3,34.0,51.0,41.285714285714285,58
2025-03-30,PHC008,MED005,330,122,31.6,30,6,3,58.0,75.0,42.285714285714285,52
2025-03-31,PHC008,MED005,298,86,22.8,22,0,3,52.0,34.0,39.0,32
2025-04-01,PHC008,MED005,256,114,32.9,23,1,4,32.0,29.0,38.714285714285715,42
2025-04-02,PHC008,MED005,215,117,25.2,29,2,4,42.0,34.0,40.57142857142857,41
2025-04-03,PHC008,MED005,181,90,29.0,19,3,4,41.0,32.0,41.57142857142857,34
2025-04-04,PHC008,MED005,152,89,30.7,20,4,4,34.0,34.0,41.857142857142854,29
2025-04-05,PHC008,MED005,772,128,30.4,31,5,4,29.0,58.0,41.142857142857146,60
2025-04-06,PHC008,MED005,728,123,20.1,28,6,4,60.0,52.0,41.42857142857143,44
2025-04-07,PHC008,MED005,685,119,33.7,30,0,4,44.0,32.0,40.285714285714285,43
2025-04-08,PHC008,MED005,645,106,23.2,23,1,4,43.0,42.0,41.857142857142854,40
2025-04-09,PHC008,MED005,611,102,31.3,26,2,4,40.0,41.0,41.57142857142857,34
2025-04-10,PHC008,MED005,568,117,30.4,25,3,4,34.0,34.0,40.57142857142857,43
2025-04-11,PHC008,MED005,535,95,29.3,17,4,4,43.0,29.0,41.857142857142854,33
2025-04-12,PHC008,MED005,482,108,32.6,22,5,4,33.0,60.0,42.42857142857143,53
2025-04-13,PHC008,MED005,440,108,32.8,27,6,4,53.0,44.0,41.42857142857143,42
2025-04-14,PHC008,MED005,404,118,28.3,26,0,4,42.0,43.0,41.142857142857146,36
2025-04-15,PHC008,MED005,367,95,24.7,27,1,4,36.0,40.0,40.142857142857146,37
2025-04-16,PHC008,MED005,341,94,34.3,24,2,4,37.0,34.0,39.714285714285715,26
2025-04-17,PHC008,MED005,303,109,33.8,14,3,4,26.0,43.0,38.57142857142857,38
2025-04-18,PHC008,MED005,271,100,28.1,25,4,4,38.0,33.0,37.857142857142854,32
2025-04-19,PHC008,MED005,221,133,27.3,29,5,4,32.0,53.0,37.714285714285715,50
2025-04-20,PHC008,MED005,168,128,23.6,30,6,4,50.0,42.0,37.285714285714285,53
2025-04-21,PHC008,MED005,126,113,23.5,28,0,4,53.0,36.0,38.857142857142854,42
2025-04-22,PHC008,MED005,641,116,32.0,27,1,4,42.0,37.0,39.714285714285715,49
2025-04-23,PHC008,MED005,606,86,30.7,23,2,4,49.0,26.0,41.42857142857143,35
2025-04-24,PHC008,MED005,568,108,26.0,27,3,4,35.0,38.0,42.714285714285715,38
2025-04-25,PHC008,MED005,531,112,33.4,30,4,4,38.0,32.0,42.714285714285715,37
2025-04-26,PHC008,MED005,482,109,27.7,31,5,4,37.0,50.0,43.42857142857143,49
2025-04-27,PHC008,MED005,429,124,31.2,31,6,4,49.0,53.0,43.285714285714285,53
2025-04-28,PHC008,MED005,377,128,21.7,29,0,4,53.0,42.0,43.285714285714285,52
2025-04-29,PHC008,MED005,335,97,25.7,27,1,4,52.0,49.0,44.714285714285715,42
2025-04-30,PHC008,MED005,292,108,25.8,25,2,4,42.0,35.0,43.714285714285715,43
2025-05-01,PHC008,MED005,247,111,25.6,28,3,5,43.0,38.0,44.857142857142854,45
2025-05-02,PHC008,MED005,203,112,31.7,21,4,5,45.0,37.0,45.857142857142854,44
2025-05-03,PHC008,MED005,538,104,24.0,32,5,5,44.0,49.0,46.857142857142854,54
2025-05-04,PHC008,MED005,499,111,23.7,27,6,5,54.0,53.0,47.57142857142857,39
2025-05-05,PHC008,MED005,466,90,32.7,22,0,5,39.0,52.0,45.57142857142857,33
2025-05-06,PHC008,MED005,437,73,34.8,18,1,5,33.0,42.0,42.857142857142854,29
2025-05-07,PHC008,MED005,402,105,33.2,23,2,5,29.0,43.0,41.0,35
2025-05-08,PHC008,MED005,362,82,32.7,14,3,5,35.0,45.0,39.857142857142854,40
2025-05-09,PHC008,MED005,316,92,26.4,27,4,5,40.0,44.0,39.142857142857146,46
2025-05-10,PHC008,MED005,268,119,34.3,31,5,5,46.0,54.0,39.42857142857143,48
2025-05-11,PHC008,MED005,219,112,27.4,25,6,5,48.0,39.0,38.57142857142857,49
2025-05-12,PHC008,MED005,180,110,27.1,18,0,5,49.0,33.0,40.0,39
2025-05-13,PHC008,MED005,136,101,21.5,27,1,5,39.0,29.0,40.857142857142854,44
2025-05-14,PHC008,MED005,108,71,23.1,8,2,5,44.0,35.0,43.0,28
2025-05-15,PHC008,MED005,666,105,25.5,22,3,5,28.0,40.0,42.0,39
2025-05-16,PHC008,MED005,625,96,26.8,20,4,5,39.0,46.0,41.857142857142854,41
2025-05-17,PHC008,MED005,565,136,23.9,33,5,5,41.0,48.0,41.142857142857146,60
2025-05-18,PHC008,MED005,520,97,33.6,30,6,5,60.0,49.0,42.857142857142854,45
2025-05-19,PHC008,MED005,476,109,22.8,27,0,5,45.0,39.0,42.285714285714285,44
2025-05-20,PHC008,MED005,452,76,34.2,24,1,5,44.0,44.0,43.0,24
2025-05-21,PHC008,MED005,416,103,29.4,34,2,5,24.0,28.0,40.142857142857146,36
2025-05-22,PHC008,MED005,384,98,27.0,24,3,5,36.0,39.0,41.285714285714285,32
2025-05-23,PHC008,MED005,335,117,32.2,29,4,5,32.0,41.0,40.285714285714285,49
2025-05-24,PHC008,MED005,291,111,30.6,25,5,5,49.0,60.0,41.42857142857143,44
2025-05-25,PHC008,MED005,241,114,34.3,31,6,5,44.0,45.0,39.142857142857146,50
2025-05-26,PHC008,MED005,190,122,24.4,25,0,5,50.0,44.0,39.857142857142854,51
2025-05-27,PHC008,MED005,152,123,31.3,18,1,5,51.0,24.0,40.857142857142854,38
2025-05-28,PHC008,MED005,588,105,22.0,35,2,5,38.0,36.0,42.857142857142854,39
2025-05-29,PHC008,MED005,558,102,20.2,26,3,5,39.0,32.0,43.285714285714285,30
2025-05-30,PHC008,MED005,519,119,30.8,37,4,5,30.0,49.0,43.0,39
2025-05-31,PHC008,MED005,457,160,23.1,46,5,5,39.0,44.0,41.57142857142857,62
2025-06-01,PHC008,MED005,412,135,24.8,35,6,6,62.0,50.0,44.142857142857146,45
2025-06-02,PHC008,MED005,377,107,21.8,30,0,6,45.0,51.0,43.42857142857143,35
2025-06-03,PHC008,MED005,336,107,24.2,27,1,6,35.0,38.0,41.142857142857146,41
2025-06-04,PHC008,MED005,303,99,30.8,17,2,6,41.0,39.0,41.57142857142857,33
2025-06-05,PHC008,MED005,274,80,20.2,22,3,6,33.0,30.0,40.714285714285715,29
2025-06-06,PHC008,MED005,251,67,21.9,12,4,6,29.0,39.0,40.57142857142857,23
2025-06-07,PHC008,MED005,212,105,34.3,23,5,6,23.0,62.0,38.285714285714285,39
2025-06-08,PHC008,MED005,937,116,32.8,25,6,6,39.0,45.0,35.0,56
2025-06-09,PHC008,MED005,909,83,21.3,14,0,6,56.0,35.0,36.57142857142857,28
2025-06-10,PHC008,MED005,861,112,29.4,26,1,6,28.0,41.0,35.57142857142857,48
2025-06-11,PHC008,MED005,834,83,25.3,22,2,6,48.0,33.0,36.57142857142857,27
2025-06-12,PHC008,MED005,794,131,32.2,46,3,6,27.0,29.0,35.714285714285715,40
2025-06-13,PHC008,MED005,758,96,32.1,16,4,6,40.0,23.0,37.285714285714285,36
2025-06-14,PHC008,MED005,718,110,29.9,17,5,6,36.0,39.0,39.142857142857146,40
2025-06-15,PHC008,MED005,673,108,22.1,26,6,6,40.0,56.0,39.285714285714285,45
2025-06-16,PHC008,MED005,626,112,29.6,24,0,6,45.0,28.0,37.714285714285715,47
2025-06-17,PHC008,MED005,594,96,28.4,26,1,6,47.0,48.0,40.42857142857143,32
2025-06-18,PHC008,MED005,565,119,21.0,24,2,6,32.0,27.0,38.142857142857146,29
2025-06-19,PHC008,MED005,529,95,33.4,22,3,6,29.0,40.0,38.42857142857143,36
2025-06-20,PHC008,MED005,485,104,34.0,22,4,6,36.0,36.0,37.857142857142854,44
2025-06-21,PHC008,MED005,439,110,26.2,25,5,6,44.0,40.0,39.0,46
2025-06-22,PHC008,MED005,383,148,23.9,42,6,6,46.0,45.0,39.857142857142854,56
2025-06-23,PHC008,MED005,343,116,32.8,47,0,6,56.0,47.0,41.42857142857143,40
2025-06-24,PHC008,MED005,303,103,26.9,34,1,6,40.0,32.0,40.42857142857143,40
2025-06-25,PHC008,MED005,276,93,27.3,24,2,6,40.0,29.0,41.57142857142857,27
2025-06-26,PHC008,MED005,217,128,30.1,29,3,6,27.0,36.0,41.285714285714285,59
2025-06-27,PHC008,MED005,194,87,22.8,23,4,6,59.0,44.0,44.57142857142857,23
2025-06-28,PHC008,MED005,155,93,27.2,23,5,6,23.0,46.0,41.57142857142857,39
2025-06-29,PHC008,MED005,635,138,20.1,40,6,6,39.0,56.0,40.57142857142857,60
2025-01-08,PHC009,MED001,637,117,34.6,32,2,1,49.0,97.0,97.28571428571429,90
2025-01-09,PHC009,MED001,548,109,20.2,27,3,1,90.0,108.0,96.28571428571429,89
2025-01-10,PHC009,MED001,470,86,28.9,29,4,1,89.0,110.0,93.57142857142857,78
2025-01-11,PHC009,MED001,354,141,32.2,34,5,1,78.0,141.0,89.0,116
2025-01-12,PHC009,MED001,996,127,31.0,25,6,1,116.0,81.0,85.42857142857143,128
2025-01-13,PHC009,MED001,895,103,31.3,17,0,1,128.0,95.0,92.14285714285714,101
2025-01-14,PHC009,MED001,795,105,31.9,34,1,1,101.0,49.0,93.0,100
2025-01-15,PHC009,MED001,710,103,33.3,19,2,1,100.0,90.0,100.28571428571429,85
2025-01-16,PHC009,MED001,605,108,30.4,26,3,1,85.0,89.0,99.57142857142857,105
2025-01-17,PHC009,MED001,511,87,28.1,24,4,1,105.0,78.0,101.85714285714286,94
2025-01-18,PHC009,MED001,395,99,20.9,27,5,1,94.0,116.0,104.14285714285714,116
2025-01-19,PHC009,MED001,796,113,33.0,28,6,1,116.0,128.0,104.14285714285714,125
2025-01-20,PHC009,MED001,699,95,25.4,27,0,1,125.0,101.0,103.71428571428571,97
2025-01-21,PHC009,MED001,615,104,27.6,34,1,1,97.0,100.0,103.14285714285714,84
2025-01-22,PHC009,MED001,521,109,28.7,22,2,1,84.0,85.0,100.85714285714286,94
2025-01-23,PHC009,MED001,398,142,20.6,35,3,1,94.0,105.0,102.14285714285714,123
2025-01-24,PHC009,MED001,670,133,26.6,33,4,1,123.0,94.0,104.71428571428571,119
2025-01-25,PHC009,MED001,570,88,23.4,31,5,1,119.0,116.0,108.28571428571429,100
2025-01-26,PHC009,MED001,759,153,23.8,28,6,1,100.0,125.0,106.0,198
2025-01-27,PHC009,MED001,642,123,26.6,29,0,1,198.0,97.0,116.42857142857143,117
2025-01-28,PHC009,MED001,523,129,34.9,31,1,1,117.0,84.0,119.28571428571429,119
2025-01-29,PHC009,MED001,407,109,31.6,17,2,1,119.0,94.0,124.28571428571429,116
2025-01-30,PHC009,MED001,919,112,25.1,25,3,1,116.0,123.0,127.42857142857143,119
2025-01-31,PHC009,MED001,820,119,31.2,34,4,1,119.0,119.0,126.85714285714286,99
2025-02-01,PHC009,MED001,699,131,31.4,31,5,2,99.0,100.0,124.0,121
2025-02-02,PHC009,MED001,605,87,20.9,15,6,2,121.0,198.0,127.0,94
2025-02-03,PHC009,MED001,540,81,33.9,23,0,2,94.0,117.0,112.14285714285714,65
2025-02-04,PHC009,MED001,476,80,22.9,26,1,2,65.0,119.0,104.71428571428571,64
2025-02-05,PHC009,MED001,380,109,28.0,29,2,2,64.0,116.0,96.85714285714286,96
2025-02-06,PHC009,MED001,291,99,31.6,28,3,2,96.0,119.0,94.0,89
2025-02-07,PHC009,MED001,602,98,32.8,30,4,2,89.0,99.0,89.71428571428571,101
2025-02-08,PHC009,MED001,489,116,25.1,29,5,2,101.0,121.0,90.0,113
2025-02-09,PHC009,MED001,1044,122,27.1,30,6,2,113.0,94.0,88.85714285714286,137
2025-02-10,PHC009,MED001,963,106,20.8,18,0,2,137.0,65.0,95.0,81
2025-02-11,PHC009,MED001,864,103,34.0,27,1,2,81.0,64.0,97.28571428571429,99
2025-02-12,PHC009,MED001,740,133,20.2,34,2,2,99.0,96.0,102.28571428571429,124
2025-02-13,PHC009,MED001,652,119,29.5,30,3,2,124.0,89.0,106.28571428571429,88
2025-02-14,PHC009,MED001,579,82,23.2,18,4,2,88.0,101.0,106.14285714285714,73
2025-02-15,PHC009,MED001,439,140,25.4,35,5,2,73.0,113.0,102.14285714285714,140
2025-02-16,PHC009,MED001,679,106,33.8,27,6,2,140.0,137.0,106.0,111
2025-02-17,PHC009,MED001,583,119,29.6,22,0,2,111.0,81.0,102.28571428571429,96
2025-02-18,PHC009,MED001,515,84,30.2,29,1,2,96.0,99.0,104.42857142857143,68
2025-02-19,PHC009,MED001,425,111,33.4,24,2,2,68.0,124.0,100.0,90
2025-02-20,PHC009,MED001,335,100,25.5,20,3,2,90.0,88.0,95.14285714285714,90
2025-02-21,PHC009,MED001,262,96,21.4,22,4,2,90.0,73.0,95.42857142857143,73
2025-02-22,PHC009,MED001,694,102,31.9,26,5,2,73.0,140.0,95.42857142857143,90
2025-02-23,PHC009,MED001,539,130,30.7,31,6,2,90.0,111.0,88.28571428571429,155
2025-02-24,PHC009,MED001,433,97,29.7,20,0,2,155.0,96.0,94.57142857142857,106
2025-02-25,PHC009,MED001,333,108,23.1,22,1,2,106.0,68.0,96.0,100
2025-02-26,PHC009,MED001,545,108,34.9,24,2,2,100.0,90.0,100.57142857142857,107
2025-02-27,PHC009,MED001,939,135,33.7,34,3,2,107.0,90.0,103.0,145
2025-02-28,PHC009,MED001,815,128,27.8,28,4,2,145.0,73.0,110.85714285714286,124
2025-03-01,PHC009,MED001,670,135,22.5,33,5,3,124.0,90.0,118.14285714285714,145
2025-03-02,PHC009,MED001,573,113,28.7,25,6,3,145.0,155.0,126.0,97
2025-03-03,PHC009,MED001,522,74,30.2,21,0,3,97.0,106.0,117.71428571428571,51
2025-03-04,PHC009,MED001,449,108,20.2,24,1,3,51.0,100.0,109.85714285714286,73
2025-03-05,PHC009,MED001,358,121,29.6,29,2,3,73.0,107.0,106.0,91
2025-03-06,PHC009,MED001,788,110,26.9,22,3,3,91.0,145.0,103.71428571428571,111
2025-03-07,PHC009,MED001,687,108,28.5,30,4,3,111.0,124.0,98.85714285714286,101
2025-03-08,PHC009,MED001,587,118,22.1,24,5,3,101.0,145.0,95.57142857142857,100
2025-03-09,PHC009,MED001,459,113,23.5,35,6,3,100.0,97.0,89.14285714285714,128
2025-03-10,PHC009,MED001,373,102,32.8,29,0,3,128.0,51.0,93.57142857142857,86
2025-03-11,PHC009,MED001,1020,115,26.0,25,1,3,86.0,73.0,98.57142857142857,117
2025-03-12,PHC009,MED001,920,103,28.6,22,2,3,117.0,91.0,104.85714285714286,100
2025-03-13,PHC009,MED001,833,108,33.8,21,3,3,100.0,111.0,106.14285714285714,87
2025-03-14,PHC009,MED001,745,106,28.4,29,4,3,87.0,101.0,102.71428571428571,88
2025-03-15,PHC009,MED001,581,147,29.9,32,5,3,88.0,100.0,100.85714285714286,164
2025-03-16,PHC009,MED001,458,121,20.9,31,6,3,164.0,128.0,110.0,123
2025-03-17,PHC009,MED001,714,109,20.2,33,0,3,123.0,86.0,109.28571428571429,118
2025-03-18,PHC009,MED001,625,106,34.1,14,1,3,118.0,117.0,113.85714285714286,89
2025-03-19,PHC009,MED001,548,119,25.3,24,2,3,89.0,100.0,109.85714285714286,77
2025-03-20,PHC009,MED001,469,88,23.1,27,3,3,77.0,87.0,106.57142857142857,79
2025-03-21,PHC009,MED001,380,99,33.8,27,4,3,79.0,88.0,105.42857142857143,89
2025-03-22,PHC009,MED001,549,107,29.0,28,5,3,89.0,164.0,105.57142857142857,133
2025-03-23,PHC009,MED001,427,134,20.5,35,6,3,133.0,123.0,101.14285714285714,122
2025-03-24,PHC009,MED001,994,128,26.5,32,0,3,122.0,118.0,101.0,115
2025-03-25,PHC009,MED001,905,85,31.2,8,1,3,115.0,89.0,100.57142857142857,89
2025-03-26,PHC009,MED001,811,98,31.3,26,2,3,89.0,77.0,100.57142857142857,94
2025-03-27,PHC009,MED001,733,90,30.0,15,3,3,94.0,79.0,103.0,78
2025-03-28,PHC009,MED001,652,88,29.5,21,4,3,78.0,89.0,102.85714285714286,81
2025-03-29,PHC009,MED001,494,142,32.2,33,5,3,81.0,133.0,101.71428571428571,158
2025-03-30,PHC009,MED001,1137,115,27.4,22,6,3,158.0,122.0,105.28571428571429,137
2025-03-31,PHC009,MED001,1056,103,25.5,26,0,3,137.0,115.0,107.42857142857143,81
2025-04-01,PHC009,MED001,955,116,24.3,28,1,4,81.0,89.0,102.57142857142857,101
2025-04-02,PHC009,MED001,893,81,34.4,19,2,4,101.0,94.0,104.28571428571429,62
2025-04-03,PHC009,MED001,785,115,27.4,25,3,4,62.0,78.0,99.71428571428571,108
2025-04-04,PHC009,MED001,640,146,28.2,37,4,4,108.0,81.0,104.0,145
2025-04-05,PHC009,MED001,491,149,33.4,40,5,4,145.0,158.0,113.14285714285714,149
2025-04-06,PHC009,MED001,373,117,25.0,30,6,4,149.0,137.0,111.85714285714286,118
2025-04-07,PHC009,MED001,300,78,21.3,23,0,4,118.0,81.0,109.14285714285714,73
2025-04-08,PHC009,MED001,805,126,26.6,37,1,4,73.0,101.0,108.0,98
2025-04-09,PHC009,MED001,723,84,27.5,19,2,4,98.0,62.0,107.57142857142857,82
2025-04-10,PHC009,MED001,637,107,29.1,28,3,4,82.0,108.0,110.42857142857143,86
2025-04-11,PHC009,MED001,543,98,23.2,27,4,4,86.0,145.0,107.28571428571429,94
2025-04-12,PHC009,MED001,1143,127,20.7,30,5,4,94.0,149.0,100.0,140
2025-04-13,PHC009,MED001,1036,107,30.1,23,6,4,140.0,118.0,98.71428571428571,107
2025-04-14,PHC009,MED001,916,135,34.0,36,0,4,107.0,73.0,97.14285714285714,120
2025-04-15,PHC009,MED001,840,100,25.4,34,1,4,120.0,98.0,103.85714285714286,76
2025-04-16,PHC009,MED001,739,105,32.3,27,2,4,76.0,82.0,100.71428571428571,101
2025-04-17,PHC009,MED001,649,103,32.3,21,3,4,101.0,86.0,103.42857142857143,90
2025-04-18,PHC009,MED001,549,109,25.0,25,4,4,90.0,94.0,104.0,100
2025-04-19,PHC009,MED001,412,117,25.7,35,5,4,100.0,140.0,104.85714285714286,137
2025-04-20,PHC009,MED001,814,125,26.0,32,6,4,137.0,107.0,104.42857142857143,123
2025-04-21,PHC009,MED001,702,106,33.7,31,0,4,123.0,120.0,106.71428571428571,112
2025-04-22,PHC009,MED001,582,126,22.7,33,1,4,112.0,76.0,105.57142857142857,120
2025-04-23,PHC009,MED001,483,110,31.3,26,2,4,120.0,101.0,111.85714285714286,99
2025-04-24,PHC009,MED001,403,81,25.3,16,3,4,99.0,90.0,111.57142857142857,80
2025-04-25,PHC009,MED001,1063,114,30.7,20,4,4,80.0,100.0,110.14285714285714,102
2025-04-26,PHC009,MED001,952,105,32.4,25,5,4,102.0,137.0,110.42857142857143,111
2025-04-27,PHC009,MED001,800,138,23.3,38,6,4,111.0,123.0,106.71428571428571,152
2025-04-28,PHC009,MED001,696,116,29.9,21,0,4,152.0,112.0,110.85714285714286,104
2025-04-29,PHC009,MED001,567,136,27.7,34,1,4,104.0,120.0,109.71428571428571,129
2025-04-30,PHC009,MED001,469,109,25.1,29,2,4,129.0,99.0,111.0,98
2025-05-01,PHC009,MED001,665,115,27.8,26,3,5,98.0,80.0,110.85714285714286,119
2025-05-02,PHC009,MED001,542,128,32.2,40,4,5,119.0,102.0,116.42857142857143,123
2025-05-03,PHC009,MED001,892,129,28.1,30,5,5,123.0,111.0,119.42857142857143,147
2025-05-04,PHC009,MED001,796,115,21.4,28,6,5,147.0,152.0,124.57142857142857,96
2025-05-05,PHC009,MED001,701,103,28.7,31,0,5,96.0,104.0,116.57142857142857,95
2025-05-06,PHC009,MED001,605,123,33.2,31,1,5,95.0,129.0,115.28571428571429,96
2025-05-07,PHC009,MED001,518,99,30.1,30,2,5,96.0,98.0,110.57142857142857,87
2025-05-08,PHC009,MED001,450,89,28.0,25,3,5,87.0,119.0,109.0,68
2025-05-09,PHC009,MED001,339,123,29.9,33,4,5,68.0,123.0,101.71428571428571,111
2025-05-10,PHC009,MED001,813,126,34.2,35,5,5,111.0,147.0,100.0,131
2025-05-11,PHC009,MED001,637,139,31.3,28,6,5,131.0,96.0,97.71428571428571,176
2025-05-12,PHC009,MED001,563,99,32.7,35,0,5,176.0,95.0,109.14285714285714,74
2025-05-13,PHC009,MED001,467,112,33.8,27,1,5,74.0,96.0,106.14285714285714,96
2025-05-14,PHC009,MED001,374,89,23.3,33,2,5,96.0,87.0,106.14285714285714,93
2025-05-15,PHC009,MED001,648,111,22.9,25,3,5,93.0,68.0,107.0,95
2025-05-16,PHC009,MED001,546,105,32.9,36,4,5,95.0,111.0,110.85714285714286,102
2025-05-17,PHC009,MED001,1147,127,20.8,30,5,5,102.0,131.0,109.57142857142857,145
2025-05-18,PHC009,MED001,1048,125,27.1,26,6,5,145.0,176.0,111.57142857142857,99
2025-05-19,PHC009,MED001,961,96,25.8,28,0,5,99.0,74.0,100.57142857142857,87
2025-05-20,PHC009,MED001,871,97,21.0,29,1,5,87.0,96.0,102.42857142857143,90
2025-05-21,PHC009,MED001,778,140,22.7,29,2,5,90.0,93.0,101.57142857142857,93
2025-05-22,PHC009,MED001,654,130,23.4,33,3,5,93.0,95.0,101.57142857142857,124
2025-05-23,PHC009,MED001,543,123,34.9,32,4,5,124.0,102.0,105.71428571428571,111
2025-05-24,PHC009,MED001,741,129,22.5,29,5,5,111.0,145.0,107.0,162
2025-05-25,PHC009,MED001,643,121,29.6,29,6,5,162.0,99.0,109.42857142857143,98
2025-05-26,PHC009,MED001,554,100,30.0,23,0,5,98.0,87.0,109.28571428571429,89
2025-05-27,PHC009,MED001,443,102,30.2,22,1,5,89.0,90.0,109.57142857142857,111
2025-05-28,PHC009,MED001,362,80,25.4,21,2,5,111.0,93.0,112.57142857142857,81
2025-05-29,PHC009,MED001,767,121,27.4,26,3,5,81.0,124.0,110.85714285714286,114
2025-05-30,PHC009,MED001,679,101,31.9,26,4,5,114.0,111.0,109.42857142857143,88
2025-05-31,PHC009,MED001,558,131,26.5,28,5,5,88.0,162.0,106.14285714285714,121
2025-06-01,PHC009,MED001,463,110,21.6,19,6,6,121.0,98.0,100.28571428571429,95
2025-06-02,PHC009,MED001,1073,128,25.8,32,0,6,95.0,89.0,99.85714285714286,130
2025-06-03,PHC009,MED001,973,125,25.4,18,1,6,130.0,111.0,105.71428571428571,100
2025-06-04,PHC009,MED001,873,105,22.1,28,2,6,100.0,81.0,104.14285714285714,100
2025-06-05,PHC009,MED001,767,112,26.1,22,3,6,100.0,114.0,106.85714285714286,106
2025-06-06,PHC009,MED001,673,108,30.3,29,4,6,106.0,88.0,105.71428571428571,94
2025-06-07,PHC009,MED001,519,124,26.1,30,5,6,94.0,121.0,106.57142857142857,154
2025-06-08,PHC009,MED001,402,143,21.1,37,6,6,154.0,95.0,111.28571428571429,117
2025-06-09,PHC009,MED001,306,88,28.3,21,0,6,117.0,130.0,114.42857142857143,96
2025-06-10,PHC009,MED001,527,110,24.9,32,1,6,96.0,100.0,109.57142857142857,94
2025-06-11,PHC009,MED001,404,139,30.2,35,2,6,94.0,100.0,108.71428571428571,123
2025-06-12,PHC009,MED001,311,117,33.6,25,3,6,123.0,106.0,112.0,93
2025-06-13,PHC009,MED001,694,109,23.9,35,4,6,93.0,94.0,110.14285714285714,120
2025-06-14,PHC009,MED001,601,108,30.3,29,5,6,120.0,154.0,113.85714285714286,93
2025-06-15,PHC009,MED001,481,100,27.3,20,6,6,93.0,117.0,105.14285714285714,120
2025-06-16,PHC009,MED001,651,136,21.2,45,0,6,120.0,96.0,105.57142857142857,138
2025-06-17,PHC009,MED001,523,125,33.9,30,1,6,138.0,94.0,111.57142857142857,128
2025-06-18,PHC009,MED001,411,125,26.5,31,2,6,128.0,123.0,116.42857142857143,112
2025-06-19,PHC009,MED001,318,118,26.8,29,3,6,112.0,93.0,114.85714285714286,93
2025-06-20,PHC009,MED001,563,109,33.2,20,4,6,93.0,120.0,114.85714285714286,104
2025-06-21,PHC009,MED001,791,116,24.3,21,5,6,104.0,93.0,112.57142857142857,143
2025-06-22,PHC009,MED001,659,104,21.9,24,6,6,143.0,120.0,119.71428571428571,132
2025-06-23,PHC009,MED001,549,107,28.7,22,0,6,132.0,138.0,121.42857142857143,110
2025-06-24,PHC009,MED001,427,148,34.4,38,1,6,110.0,128.0,117.42857142857143,122
2025-06-25,PHC009,MED001,806,122,21.8,25,2,6,122.0,112.0,116.57142857142857,120
2025-06-26,PHC009,MED001,738,89,28.1,27,3,6,120.0,93.0,117.71428571428571,68
2025-06-27,PHC009,MED001,610,119,24.1,27,4,6,68.0,104.0,114.14285714285714,128
2025-06-28,PHC009,MED001,466,154,28.9,34,5,6,128.0,143.0,117.57142857142857,144
2025-06-29,PHC009,MED001,828,106,21.9,20,6,6,144.0,132.0,117.71428571428571,127
2025-01-08,PHC009,MED002,249,107,25.4,26,2,1,84.0,76.0,81.14285714285714,70
2025-01-09,PHC009,MED002,728,108,23.0,23,3,1,70.0,72.0,80.28571428571429,84
2025-01-10,PHC009,MED002,625,121,20.2,28,4,1,84.0,81.0,82.0,103
2025-01-11,PHC009,MED002,548,104,23.4,19,5,1,103.0,107.0,85.14285714285714,77
2025-01-12,PHC009,MED002,445,116,21.9,34,6,1,77.0,80.0,80.85714285714286,103
2025-01-13,PHC009,MED002,402,84,33.8,14,0,1,103.0,68.0,84.14285714285714,43
2025-01-14,PHC009,MED002,342,93,21.6,25,1,1,43.0,84.0,80.57142857142857,60
2025-01-15,PHC009,MED002,954,122,29.6,20,2,1,60.0,70.0,77.14285714285714,101
2025-01-16,PHC009,MED002,884,122,27.3,39,3,1,101.0,84.0,81.57142857142857,70
2025-01-17,PHC009,MED002,801,113,32.0,35,4,1,70.0,103.0,79.57142857142857,83
2025-01-18,PHC009,MED002,675,152,28.9,28,5,1,83.0,77.0,76.71428571428571,126
2025-01-19,PHC009,MED002,593,103,24.6,23,6,1,126.0,103.0,83.71428571428571,82
2025-01-20,PHC009,MED002,509,102,22.2,34,0,1,82.0,43.0,80.71428571428571,84
2025-01-21,PHC009,MED002,409,123,34.1,33,1,1,84.0,60.0,86.57142857142857,100
2025-01-22,PHC009,MED002,351,85,29.8,15,2,1,100.0,101.0,92.28571428571429,58
2025-01-23,PHC009,MED002,1049,135,28.5,31,3,1,58.0,70.0,86.14285714285714,100
2025-01-24,PHC009,MED002,948,119,27.8,16,4,1,100.0,83.0,90.42857142857143,101
2025-01-25,PHC009,MED002,867,105,32.2,20,5,1,101.0,126.0,93.0,81
2025-01-26,PHC009,MED002,771,112,31.6,14,6,1,81.0,82.0,86.57142857142857,96
2025-01-27,PHC009,MED002,679,129,26.3,24,0,1,96.0,84.0,88.57142857142857,92
2025-01-28,PHC009,MED002,612,96,22.9,17,1,1,92.0,100.0,89.71428571428571,67
2025-01-29,PHC009,MED002,537,110,29.4,21,2,1,67.0,58.0,85.0,75
2025-01-30,PHC009,MED002,438,120,23.0,32,3,1,75.0,100.0,87.42857142857143,99
2025-01-31,PHC009,MED002,359,133,34.5,40,4,1,99.0,101.0,87.28571428571429,79
2025-02-01,PHC009,MED002,285,102,34.8,21,5,2,79.0,81.0,84.14285714285714,74
2025-02-02,PHC009,MED002,745,125,28.3,36,6,2,74.0,96.0,83.14285714285714,81
2025-02-03,PHC009,MED002,654,106,26.6,34,0,2,81.0,92.0,81.0,91
2025-02-04,PHC009,MED002,588,94,25.7,24,1,2,91.0,67.0,80.85714285714286,66
2025-02-05,PHC009,MED002,518,111,24.8,22,2,2,66.0,75.0,80.71428571428571,70
2025-02-06,PHC009,MED002,451,103,21.2,20,3,2,70.0,99.0,80.0,67
2025-02-07,PHC009,MED002,381,104,30.3,22,4,2,67.0,79.0,75.42857142857143,70
2025-02-08,PHC009,MED002,772,135,25.9,26,5,2,70.0,74.0,74.14285714285714,99
2025-02-09,PHC009,MED002,688,133,25.9,34,6,2,99.0,81.0,77.71428571428571,84
2025-02-10,PHC009,MED002,609,127,27.2,35,0,2,84.0,91.0,78.14285714285714,79
2025-02-11,PHC009,MED002,504,140,23.9,42,1,2,79.0,66.0,76.42857142857143,105
2025-02-12,PHC009,MED002,419,136,20.2,34,2,2,105.0,70.0,82.0,85
2025-02-13,PHC009,MED002,334,117,31.8,28,3,2,85.0,67.0,84.14285714285714,85
2025-02-14,PHC009,MED002,285,80,25.3,13,4,2,85.0,70.0,86.71428571428571,49
2025-02-15,PHC009,MED002,915,128,31.9,32,5,2,49.0,99.0,83.71428571428571,105
2025-02-16,PHC009,MED002,842,98,30.3,25,6,2,105.0,84.0,84.57142857142857,73
2025-02-17,PHC009,MED002,754,117,28.7,29,0,2,73.0,79.0,83.0,88
2025-02-18,PHC009,MED002,696,89,32.6,24,1,2,88.0,105.0,84.28571428571429,58
2025-02-19,PHC009,MED002,635,110,31.9,27,2,2,58.0,85.0,77.57142857142857,61
2025-02-20,PHC009,MED002,577,105,29.0,30,3,2,61.0,85.0,74.14285714285714,58
2025-02-21,PHC009,MED002,503,109,28.3,22,4,2,58.0,49.0,70.28571428571429,74
2025-02-22,PHC009,MED002,429,120,28.0,30,5,2,74.0,105.0,73.85714285714286,74
2025-02-23,PHC009,MED002,327,124,34.2,25,6,2,74.0,73.0,69.42857142857143,102
2025-02-24,PHC009,MED002,797,136,22.0,33,0,2,102.0,88.0,73.57142857142857,85
2025-02-25,PHC009,MED002,714,124,26.6,28,1,2,85.0,58.0,73.14285714285714,83
2025-02-26,PHC009,MED002,631,124,27.4,28,2,2,83.0,61.0,76.71428571428571,83
2025-02-27,PHC009,MED002,535,138,21.8,37,3,2,83.0,58.0,79.85714285714286,96
2025-02-28,PHC009,MED002,454,114,29.0,31,4,2,96.0,74.0,85.28571428571429,81
2025-03-01,PHC009,MED002,349,129,26.8,32,5,3,81.0,74.0,86.28571428571429,105
2025-03-02,PHC009,MED002,821,109,31.0,14,6,3,105.0,102.0,90.71428571428571,96
2025-03-03,PHC009,MED002,758,87,26.9,22,0,3,96.0,85.0,89.85714285714286,63
2025-03-04,PHC009,MED002,701,85,27.4,23,1,3,63.0,83.0,86.71428571428571,57
2025-03-05,PHC009,MED002,624,109,35.0,23,2,3,57.0,83.0,83.0,77
2025-03-06,PHC009,MED002,543,110,20.1,22,3,3,77.0,96.0,82.14285714285714,81
2025-03-07,PHC009,MED002,478,106,34.9,25,4,3,81.0,81.0,80.0,65
2025-03-08,PHC009,MED002,375,130,34.5,30,5,3,65.0,105.0,77.71428571428571,103
2025-03-09,PHC009,MED002,286,104,33.9,30,6,3,103.0,96.0,77.42857142857143,89
2025-03-10,PHC009,MED002,217,120,33.0,25,0,3,89.0,63.0,76.42857142857143,69
2025-03-11,PHC009,MED002,594,105,22.0,28,1,3,69.0,57.0,77.28571428571429,56
2025-03-12,PHC009,MED002,512,106,23.1,23,2,3,56.0,77.0,77.14285714285714,82
2025-03-13,PHC009,MED002,463,82,28.8,19,3,3,82.0,81.0,77.85714285714286,49
2025-03-14,PHC009,MED002,373,119,29.9,24,4,3,49.0,65.0,73.28571428571429,90
2025-03-15,PHC009,MED002,282,129,33.3,29,5,3,90.0,103.0,76.85714285714286,91
2025-03-16,PHC009,MED002,214,82,21.4,16,6,3,91.0,89.0,75.14285714285714,68
2025-03-17,PHC009,MED002,759,130,27.8,30,0,3,68.0,69.0,72.14285714285714,127
2025-03-18,PHC009,MED002,680,104,28.4,36,1,3,127.0,56.0,80.42857142857143,79
2025-03-19,PHC009,MED002,578,121,26.5,26,2,3,79.0,82.0,83.71428571428571,102
2025-03-20,PHC009,MED002,469,141,22.7,42,3,3,102.0,49.0,86.57142857142857,109
2025-03-21,PHC009,MED002,380,111,21.3,28,4,3,109.0,90.0,95.14285714285714,89
2025-03-22,PHC009,MED002,773,125,28.4,30,5,3,89.0,91.0,95.0,99
2025-03-23,PHC009,MED002,654,115,21.4,28,6,3,99.0,68.0,96.14285714285714,119
2025-03-24,PHC009,MED002,572,100,28.7,17,0,3,119.0,127.0,103.42857142857143,82
2025-03-25,PHC009,MED002,517,98,30.6,28,1,3,82.0,79.0,97.0,55
2025-03-26,PHC009,MED002,448,98,21.1,22,2,3,55.0,102.0,93.57142857142857,69
2025-03-27,PHC009,MED002,353,128,31.4,32,3,3,69.0,109.0,88.85714285714286,95
2025-03-28,PHC009,MED002,300,81,25.9,26,4,3,95.0,89.0,86.85714285714286,53
2025-03-29,PHC009,MED002,743,121,27.4,25,5,3,53.0,99.0,81.71428571428571,106
2025-03-30,PHC009,MED002,653,118,31.8,32,6,3,106.0,119.0,82.71428571428571,90
2025-03-31,PHC009,MED002,576,113,23.9,28,0,3,90.0,82.0,78.57142857142857,77
2025-04-01,PHC009,MED002,513,92,23.3,19,1,4,77.0,55.0,77.85714285714286,63
2025-04-02,PHC009,MED002,456,91,32.0,29,2,4,63.0,69.0,79.0,57
2025-04-03,PHC009,MED002,373,120,32.8,37,3,4,57.0,95.0,77.28571428571429,83
2025-04-04,PHC009,MED002,287,128,32.7,41,4,4,83.0,53.0,75.57142857142857,86
2025-04-05,PHC009,MED002,520,148,20.5,43,5,4,86.0,106.0,80.28571428571429,121
2025-04-06,PHC009,MED002,408,130,20.0,29,6,4,121.0,90.0,82.42857142857143,112
2025-04-07,PHC009,MED002,339,104,26.2,34,0,4,112.0,77.0,85.57142857142857,69
2025-04-08,PHC009,MED002,260,130,28.8,32,1,4,69.0,63.0,84.42857142857143,79
2025-04-09,PHC009,MED002,961,110,30.9,27,2,4,79.0,57.0,86.71428571428571,77
2025-04-10,PHC009,MED002,879,107,32.3,19,3,4,77.0,83.0,89.57142857142857,82
2025-04-11,PHC009,MED002,784,119,20.3,22,4,4,82.0,86.0,89.42857142857143,95
2025-04-12,PHC009,MED002,724,89,21.3,18,5,4,95.0,121.0,90.71428571428571,60
2025-04-13,PHC009,MED002,602,142,28.0,34,6,4,60.0,112.0,82.0,122
2025-04-14,PHC009,MED002,540,102,26.9,20,0,4,122.0,69.0,83.42857142857143,62
2025-04-15,PHC009,MED002,472,111,34.7,33,1,4,62.0,79.0,82.42857142857143,68
2025-04-16,PHC009,MED002,402,101,22.9,28,2,4,68.0,77.0,80.85714285714286,70
2025-04-17,PHC009,MED002,313,114,30.1,32,3,4,70.0,82.0,79.85714285714286,89
2025-04-18,PHC009,MED002,984,115,34.7,23,4,4,89.0,95.0,80.85714285714286,87
2025-04-19,PHC009,MED002,867,124,34.8,35,5,4,87.0,60.0,79.71428571428571,117
2025-04-20,PHC009,MED002,763,143,30.2,32,6,4,117.0,122.0,87.85714285714286,104
2025-04-21,PHC009,MED002,696,102,33.1,23,0,4,104.0,62.0,85.28571428571429,67
2025-04-22,PHC009,MED002,627,110,29.3,25,1,4,67.0,68.0,86.0,69
2025-04-23,PHC009,MED002,550,117,27.5,24,2,4,69.0,70.0,86.14285714285714,77
2025-04-24,PHC009,MED002,486,102,32.3,28,3,4,77.0,89.0,87.14285714285714,64
2025-04-25,PHC009,MED002,430,93,26.1,20,4,4,64.0,87.0,83.57142857142857,56
2025-04-26,PHC009,MED002,345,119,31.3,25,5,4,56.0,117.0,79.14285714285714,85
2025-04-27,PHC009,MED002,707,150,25.1,39,6,4,85.0,104.0,74.57142857142857,115
2025-04-28,PHC009,MED002,634,103,27.2,11,0,4,115.0,67.0,76.14285714285714,73
2025-04-29,PHC009,MED002,532,125,28.9,21,1,4,73.0,69.0,77.0,102
2025-04-30,PHC009,MED002,488,77,26.2,32,2,4,102.0,77.0,81.71428571428571,44
2025-05-01,PHC009,MED002,416,106,22.5,32,3,5,44.0,64.0,77.0,72
2025-05-02,PHC009,MED002,347,125,33.3,35,4,5,72.0,56.0,78.14285714285714,69
2025-05-03,PHC009,MED002,717,126,25.9,26,5,5,69.0,85.0,80.0,101
2025-05-04,PHC009,MED002,630,117,25.8,21,6,5,101.0,115.0,82.28571428571429,87
2025-05-05,PHC009,MED002,561,88,29.5,15,0,5,87.0,73.0,78.28571428571429,69
2025-05-06,PHC009,MED002,479,104,32.1,20,1,5,69.0,102.0,77.71428571428571,82
2025-05-07,PHC009,MED002,397,111,33.6,37,2,5,82.0,44.0,74.85714285714286,82
2025-05-08,PHC009,MED002,340,92,20.4,22,3,5,82.0,72.0,80.28571428571429,57
2025-05-09,PHC009,MED002,281,98,22.5,28,4,5,57.0,69.0,78.14285714285714,59
2025-05-10,PHC009,MED002,680,110,27.9,26,5,5,59.0,101.0,76.71428571428571,104
2025-05-11,PHC009,MED002,588,121,29.4,33,6,5,104.0,87.0,77.14285714285714,92
2025-05-12,PHC009,MED002,506,112,24.2,19,0,5,92.0,69.0,77.85714285714286,82
2025-05-13,PHC009,MED002,440,111,34.5,26,1,5,82.0,82.0,79.71428571428571,66
2025-05-14,PHC009,MED002,369,106,28.0,23,2,5,66.0,82.0,77.42857142857143,71
2025-05-15,PHC009,MED002,289,126,22.8,28,3,5,71.0,57.0,75.85714285714286,80
2025-05-16,PHC009,MED002,224,102,31.1,22,4,5,80.0,59.0,79.14285714285714,65
2025-05-17,PHC009,MED002,496,158,32.2,42,5,5,65.0,104.0,80.0,135
2025-05-18,PHC009,MED002,388,127,24.1,40,6,5,135.0,92.0,84.42857142857143,108
2025-05-19,PHC009,MED002,313,94,25.8,29,0,5,108.0,82.0,86.71428571428571,75
2025-05-20,PHC009,MED002,917,149,21.6,37,1,5,75.0,66.0,85.71428571428571,106
2025-05-21,PHC009,MED002,841,108,25.4,24,2,5,106.0,71.0,91.42857142857143,76
2025-05-22,PHC009,MED002,761,127,23.0,28,3,5,76.0,80.0,92.14285714285714,80
2025-05-23,PHC009,MED002,700,105,24.2,31,4,5,80.0,65.0,92.14285714285714,61
2025-05-24,PHC009,MED002,591,135,25.9,46,5,5,61.0,135.0,91.57142857142857,109
2025-05-25,PHC009,MED002,489,121,23.3,30,6,5,109.0,108.0,87.85714285714286,102
2025-05-26,PHC009,MED002,416,102,28.6,16,0,5,102.0,75.0,87.0,73
2025-05-27,PHC009,MED002,341,102,28.9,25,1,5,73.0,106.0,86.71428571428571,75
2025-05-28,PHC009,MED002,286,86,32.2,21,2,5,75.0,76.0,82.28571428571429,55
2025-05-29,PHC009,MED002,918,115,22.7,29,3,5,55.0,80.0,79.28571428571429,79
2025-05-30,PHC009,MED002,843,109,28.9,19,4,5,79.0,61.0,79.14285714285714,75
2025-05-31,PHC009,MED002,753,135,27.8,36,5,5,75.0,109.0,81.14285714285714,90
2025-06-01,PHC009,MED002,671,116,27.8,23,6,6,90.0,102.0,78.42857142857143,82
2025-06-02,PHC009,MED002,573,139,20.3,34,0,6,82.0,73.0,75.57142857142857,98
2025-06-03,PHC009,MED002,504,115,29.8,32,1,6,98.0,75.0,79.14285714285714,69
2025-06-04,PHC009,MED002,434,104,27.9,38,2,6,69.0,55.0,78.28571428571429,70
2025-06-05,PHC009,MED002,360,122,30.0,40,3,6,70.0,79.0,80.42857142857143,74
2025-06-06,PHC009,MED002,282,111,26.1,20,4,6,74.0,75.0,79.71428571428571,78
2025-06-07,PHC009,MED002,720,141,27.1,33,5,6,78.0,90.0,80.14285714285714,83
2025-06-08,PHC009,MED002,614,125,21.3,29,6,6,83.0,82.0,79.14285714285714,106
2025-06-09,PHC009,MED002,557,90,22.4,21,0,6,106.0,98.0,82.57142857142857,57
2025-06-10,PHC009,MED002,469,122,26.0,39,1,6,57.0,69.0,76.71428571428571,88
2025-06-11,PHC009,MED002,388,115,26.9,31,2,6,88.0,70.0,79.42857142857143,81
2025-06-12,PHC009,MED002,327,95,27.8,29,3,6,81.0,74.0,81.0,61
2025-06-13,PHC009,MED002,265,130,33.6,28,4,6,61.0,78.0,79.14285714285714,62
2025-06-14,PHC009,MED002,699,125,27.5,36,5,6,62.0,83.0,76.85714285714286,124
2025-06-15,PHC009,MED002,601,127,28.7,31,6,6,124.0,106.0,82.71428571428571,98
2025-06-16,PHC009,MED002,521,110,31.3,20,0,6,98.0,57.0,81.57142857142857,80
2025-06-17,PHC009,MED002,464,97,24.0,31,1,6,80.0,88.0,84.85714285714286,57
2025-06-18,PHC009,MED002,415,70,27.9,17,2,6,57.0,81.0,80.42857142857143,49
2025-06-19,PHC009,MED002,347,86,24.0,19,3,6,49.0,61.0,75.85714285714286,68
2025-06-20,PHC009,MED002,272,135,23.4,31,4,6,68.0,62.0,76.85714285714286,75
2025-06-21,PHC009,MED002,808,122,33.0,25,5,6,75.0,124.0,78.71428571428571,101
2025-06-22,PHC009,MED002,700,120,33.0,37,6,6,101.0,98.0,75.42857142857143,108
2025-06-23,PHC009,MED002,633,94,29.2,17,0,6,108.0,80.0,76.85714285714286,67
2025-06-24,PHC009,MED002,545,120,28.3,39,1,6,67.0,57.0,75.0,88
2025-06-25,PHC009,MED002,482,99,34.8,22,2,6,88.0,49.0,79.42857142857143,63
2025-06-26,PHC009,MED002,404,110,26.4,39,3,6,63.0,68.0,81.42857142857143,78
2025-06-27,PHC009,MED002,347,95,34.2,17,4,6,78.0,75.0,82.85714285714286,57
2025-06-28,PHC009,MED002,916,157,28.3,38,5,6,57.0,101.0,80.28571428571429,111
2025-06-29,PHC009,MED002,837,98,34.9,23,6,6,111.0,108.0,81.71428571428571,79
2025-01-08,PHC009,MED003,1021,108,32.0,21,2,1,62.0,37.0,60.714285714285715,49
2025-01-09,PHC009,MED003,965,105,20.9,35,3,1,49.0,55.0,62.42857142857143,56
2025-01-10,PHC009,MED003,904,124,22.2,32,4,1,56.0,58.0,62.57142857142857,61
2025-01-11,PHC009,MED003,841,145,23.2,35,5,1,61.0,90.0,63.0,63
2025-01-12,PHC009,MED003,775,113,23.0,32,6,1,63.0,77.0,59.142857142857146,66
2025-01-13,PHC009,MED003,724,99,30.5,19,0,1,66.0,46.0,57.57142857142857,51
2025-01-14,PHC009,MED003,676,86,32.1,16,1,1,51.0,62.0,58.285714285714285,48
2025-01-15,PHC009,MED003,615,126,21.9,33,2,1,48.0,49.0,56.285714285714285,61
2025-01-16,PHC009,MED003,570,91,34.4,24,3,1,61.0,56.0,58.0,45
2025-01-17,PHC009,MED003,511,105,26.7,30,4,1,45.0,61.0,56.42857142857143,59
2025-01-18,PHC009,MED003,451,118,26.7,29,5,1,59.0,63.0,56.142857142857146,60
2025-01-19,PHC009,MED003,361,133,34.1,42,6,1,60.0,66.0,55.714285714285715,90
2025-01-20,PHC009,MED003,282,132,23.6,29,0,1,90.0,51.0,59.142857142857146,79
2025-01-21,PHC009,MED003,219,116,21.3,24,1,1,79.0,48.0,63.142857142857146,63
2025-01-22,PHC009,MED003,170,116,33.1,25,2,1,63.0,61.0,65.28571428571429,49
2025-01-23,PHC009,MED003,128,98,22.0,26,3,1,49.0,45.0,63.57142857142857,42
2025-01-24,PHC009,MED003,687,138,25.4,31,4,1,42.0,59.0,63.142857142857146,72
2025-01-25,PHC009,MED003,633,110,27.9,28,5,1,72.0,60.0,65.0,54
2025-01-26,PHC009,MED003,552,121,20.6,27,6,1,54.0,90.0,64.14285714285714,81
2025-01-27,PHC009,MED003,487,126,28.6,33,0,1,81.0,79.0,62.857142857142854,65
2025-01-28,PHC009,MED003,451,80,23.9,12,1,1,65.0,63.0,60.857142857142854,36
2025-01-29,PHC009,MED003,407,94,30.1,23,2,1,36.0,49.0,57.0,44
2025-01-30,PHC009,MED003,347,132,24.2,33,3,1,44.0,42.0,56.285714285714285,60
2025-01-31,PHC009,MED003,296,107,32.7,16,4,1,60.0,72.0,58.857142857142854,51
2025-02-01,PHC009,MED003,232,107,26.1,29,5,2,51.0,54.0,55.857142857142854,64
2025-02-02,PHC009,MED003,178,122,25.0,34,6,2,64.0,81.0,57.285714285714285,54
2025-02-03,PHC009,MED003,730,119,31.8,25,0,2,54.0,65.0,53.42857142857143,55
2025-02-04,PHC009,MED003,676,100,23.2,16,1,2,55.0,36.0,52.0,54
2025-02-05,PHC009,MED003,628,95,31.3,25,2,2,54.0,44.0,54.57142857142857,48
2025-02-06,PHC009,MED003,575,114,26.6,30,3,2,48.0,60.0,55.142857142857146,53
2025-02-07,PHC009,MED003,523,123,34.0,34,4,2,53.0,51.0,54.142857142857146,52
2025-02-08,PHC009,MED003,456,122,22.7,36,5,2,52.0,64.0,54.285714285714285,67
2025-02-09,PHC009,MED003,361,148,22.2,41,6,2,67.0,54.0,54.714285714285715,95
2025-02-10,PHC009,MED003,316,104,32.2,32,0,2,95.0,55.0,60.57142857142857,45
2025-02-11,PHC009,MED003,258,111,30.7,33,1,2,45.0,54.0,59.142857142857146,58
2025-02-12,PHC009,MED003,195,131,29.0,25,2,2,58.0,48.0,59.714285714285715,63
2025-02-13,PHC009,MED003,567,136,26.9,26,3,2,63.0,53.0,61.857142857142854,63
2025-02-14,PHC009,MED003,503,134,21.6,28,4,2,63.0,52.0,63.285714285714285,64
2025-02-15,PHC009,MED003,433,130,29.9,24,5,2,64.0,67.0,65.0,70
2025-02-16,PHC009,MED003,361,116,25.5,29,6,2,70.0,95.0,65.42857142857143,72
2025-02-17,PHC009,MED003,295,140,26.5,42,0,2,72.0,45.0,62.142857142857146,66
2025-02-18,PHC009,MED003,243,107,20.3,34,1,2,66.0,58.0,65.14285714285714,52
2025-02-19,PHC009,MED003,186,134,27.4,45,2,2,52.0,63.0,64.28571428571429,57
2025-02-20,PHC009,MED003,616,102,23.0,20,3,2,57.0,63.0,63.42857142857143,58
2025-02-21,PHC009,MED003,561,113,23.0,35,4,2,58.0,64.0,62.714285714285715,55
2025-02-22,PHC009,MED003,460,151,29.6,44,5,2,55.0,70.0,61.42857142857143,101
2025-02-23,PHC009,MED003,384,129,23.6,36,6,2,101.0,72.0,65.85714285714286,76
2025-02-24,PHC009,MED003,324,105,34.5,30,0,2,76.0,66.0,66.42857142857143,60
2025-02-25,PHC009,MED003,270,99,21.8,21,1,2,60.0,52.0,65.57142857142857,54
2025-02-26,PHC009,MED003,963,146,30.0,35,2,2,54.0,57.0,65.85714285714286,82
2025-02-27,PHC009,MED003,903,134,32.9,29,3,2,82.0,58.0,69.42857142857143,60
2025-02-28,PHC009,MED003,852,93,28.4,26,4,2,60.0,55.0,69.71428571428571,51
2025-03-01,PHC009,MED003,782,111,31.2,42,5,3,51.0,101.0,69.14285714285714,70
2025-03-02,PHC009,MED003,697,140,31.4,38,6,3,70.0,76.0,64.71428571428571,85
2025-03-03,PHC009,MED003,641,112,24.9,23,0,3,85.0,60.0,66.0,56
2025-03-04,PHC009,MED003,599,96,22.4,24,1,3,56.0,54.0,65.42857142857143,42
2025-03-05,PHC009,MED003,554,95,28.3,20,2,3,42.0,82.0,63.714285714285715,45
2025-03-06,PHC009,MED003,476,128,29.2,26,3,3,45.0,60.0,58.42857142857143,78
2025-03-07,PHC009,MED003,431,102,27.9,22,4,3,78.0,51.0,61.0,45
2025-03-08,PHC009,MED003,357,155,34.7,35,5,3,45.0,70.0,60.142857142857146,74
2025-03-09,PHC009,MED003,288,119,25.5,31,6,3,74.0,85.0,60.714285714285715,69
2025-03-10,PHC009,MED003,226,113,29.0,22,0,3,69.0,56.0,58.42857142857143,62
2025-03-11,PHC009,MED003,489,117,26.1,29,1,3,62.0,42.0,59.285714285714285,61
2025-03-12,PHC009,MED003,424,132,30.3,34,2,3,61.0,45.0,62.0,65
2025-03-13,PHC009,MED003,383,85,27.5,26,3,3,65.0,78.0,64.85714285714286,41
2025-03-14,PHC009,MED003,304,140,30.0,37,4,3,41.0,45.0,59.57142857142857,79
2025-03-15,PHC009,MED003,245,113,34.2,24,5,3,79.0,74.0,64.42857142857143,59
2025-03-16,PHC009,MED003,953,131,28.0,32,6,3,59.0,69.0,62.285714285714285,79
2025-03-17,PHC009,MED003,894,121,31.3,35,0,3,79.0,62.0,63.714285714285715,59
2025-03-18,PHC009,MED003,845,95,26.1,26,1,3,59.0,61.0,63.285714285714285,49
2025-03-19,PHC009,MED003,798,97,20.1,25,2,3,49.0,65.0,61.57142857142857,47
2025-03-20,PHC009,MED003,744,111,21.4,33,3,3,47.0,41.0,59.0,54
2025-03-21,PHC009,MED003,671,133,24.2,29,4,3,54.0,79.0,60.857142857142854,73
2025-03-22,PHC009,MED003,588,123,24.1,25,5,3,73.0,59.0,60.0,83
2025-03-23,PHC009,MED003,517,128,31.5,24,6,3,83.0,79.0,63.42857142857143,71
2025-03-24,PHC009,MED003,459,110,26.5,20,0,3,71.0,59.0,62.285714285714285,58
2025-03-25,PHC009,MED003,399,129,30.2,28,1,3,58.0,49.0,62.142857142857146,60
2025-03-26,PHC009,MED003,351,93,32.8,21,2,3,60.0,47.0,63.714285714285715,48
2025-03-27,PHC009,MED003,274,128,30.0,29,3,3,48.0,54.0,63.857142857142854,77
2025-03-28,PHC009,MED003,237,96,25.8,35,4,3,77.0,73.0,67.14285714285714,37
2025-03-29,PHC009,MED003,182,98,23.7,17,5,3,37.0,83.0,62.0,55
2025-03-30,PHC009,MED003,718,130,26.6,28,6,3,55.0,71.0,58.0,78
2025-03-31,PHC009,MED003,638,116,29.4,26,0,3,78.0,58.0,59.0,80
2025-04-01,PHC009,MED003,591,114,20.2,22,1,4,80.0,60.0,62.142857142857146,47
2025-04-02,PHC009,MED003,534,102,28.8,19,2,4,47.0,48.0,60.285714285714285,57
2025-04-03,PHC009,MED003,478,92,32.1,27,3,4,57.0,77.0,61.57142857142857,56
2025-04-04,PHC009,MED003,426,121,32.6,26,4,4,56.0,37.0,58.57142857142857,52
2025-04-05,PHC009,MED003,367,102,23.6,21,5,4,52.0,55.0,60.714285714285715,59
2025-04-06,PHC009,MED003,310,104,25.8,27,6,4,59.0,78.0,61.285714285714285,57
2025-04-07,PHC009,MED003,265,99,20.8,24,0,4,57.0,80.0,58.285714285714285,45
2025-04-08,PHC009,MED003,221,111,20.8,25,1,4,45.0,47.0,53.285714285714285,44
2025-04-09,PHC009,MED003,186,91,23.1,27,2,4,44.0,57.0,52.857142857142854,35
2025-04-10,PHC009,MED003,145,126,34.5,27,3,4,35.0,56.0,49.714285714285715,41
2025-04-11,PHC009,MED003,592,97,33.9,24,4,4,41.0,52.0,47.57142857142857,50
2025-04-12,PHC009,MED003,543,112,24.9,23,5,4,50.0,59.0,47.285714285714285,49
2025-04-13,PHC009,MED003,476,129,29.8,24,6,4,49.0,57.0,45.857142857142854,67
2025-04-14,PHC009,MED003,426,86,27.5,15,0,4,67.0,45.0,47.285714285714285,50
2025-04-15,PHC009,MED003,378,108,33.3,26,1,4,50.0,44.0,48.0,48
2025-04-16,PHC009,MED003,303,134,31.2,36,2,4,48.0,35.0,48.57142857142857,75
2025-04-17,PHC009,MED003,254,102,23.8,22,3,4,75.0,41.0,54.285714285714285,49
2025-04-18,PHC009,MED003,199,103,27.0,22,4,4,49.0,50.0,55.42857142857143,55
2025-04-19,PHC009,MED003,848,120,34.4,31,5,4,55.0,49.0,56.142857142857146,60
2025-04-20,PHC009,MED003,755,150,24.4,37,6,4,60.0,67.0,57.714285714285715,93
2025-04-21,PHC009,MED003,688,128,26.5,35,0,4,93.0,50.0,61.42857142857143,67
2025-04-22,PHC009,MED003,622,133,23.7,35,1,4,67.0,48.0,63.857142857142854,66
2025-04-23,PHC009,MED003,568,126,28.6,34,2,4,66.0,75.0,66.42857142857143,54
2025-04-24,PHC009,MED003,523,105,26.1,21,3,4,54.0,49.0,63.42857142857143,45
2025-04-25,PHC009,MED003,467,101,24.7,22,4,4,45.0,55.0,62.857142857142854,56
2025-04-26,PHC009,MED003,400,115,34.8,21,5,4,56.0,60.0,63.0,67
2025-04-27,PHC009,MED003,334,149,30.6,32,6,4,67.0,93.0,64.0,66
2025-04-28,PHC009,MED003,280,109,34.9,31,0,4,66.0,67.0,60.142857142857146,54
2025-04-29,PHC009,MED003,221,116,28.9,34,1,4,54.0,66.0,58.285714285714285,59
2025-04-30,PHC009,MED003,174,83,21.4,23,2,4,59.0,54.0,57.285714285714285,47
2025-05-01,PHC009,MED003,147,81,31.2,26,3,5,47.0,45.0,56.285714285714285,27
2025-05-02,PHC009,MED003,479,107,20.6,26,4,5,27.0,56.0,53.714285714285715,45
2025-05-03,PHC009,MED003,422,129,24.0,33,5,5,45.0,67.0,52.142857142857146,57
2025-05-04,PHC009,MED003,367,132,28.7,34,6,5,57.0,66.0,50.714285714285715,55
2025-05-05,PHC009,MED003,314,110,29.0,22,0,5,55.0,54.0,49.142857142857146,53
2025-05-06,PHC009,MED003,256,116,29.2,32,1,5,53.0,59.0,49.0,58
2025-05-07,PHC009,MED003,217,75,32.0,24,2,5,58.0,47.0,48.857142857142854,39
2025-05-08,PHC009,MED003,891,140,24.7,31,3,5,39.0,27.0,47.714285714285715,70
2025-05-09,PHC009,MED003,828,126,31.0,31,4,5,70.0,45.0,53.857142857142854,63
2025-05-10,PHC009,MED003,756,111,20.2,28,5,5,63.0,57.0,56.42857142857143,72
2025-05-11,PHC009,MED003,675,125,34.7,20,6,5,72.0,55.0,58.57142857142857,81
2025-05-12,PHC009,MED003,612,121,34.0,25,0,5,81.0,53.0,62.285714285714285,63
2025-05-13,PHC009,MED003,554,112,35.0,25,1,5,63.0,58.0,63.714285714285715,58
2025-05-14,PHC009,MED003,483,137,29.1,37,2,5,58.0,39.0,63.714285714285715,71
2025-05-15,PHC009,MED003,438,98,21.3,25,3,5,71.0,70.0,68.28571428571429,45
2025-05-16,PHC009,MED003,377,117,23.3,28,4,5,45.0,63.0,64.71428571428571,61
2025-05-17,PHC009,MED003,319,99,34.5,31,5,5,61.0,72.0,64.42857142857143,58
2025-05-18,PHC009,MED003,250,128,24.9,32,6,5,58.0,81.0,62.42857142857143,69
2025-05-19,PHC009,MED003,191,100,34.1,29,0,5,69.0,63.0,60.714285714285715,59
2025-05-20,PHC009,MED003,508,95,31.2,15,1,5,59.0,58.0,60.142857142857146,56
2025-05-21,PHC009,MED003,454,96,20.1,25,2,5,56.0,71.0,59.857142857142854,54
2025-05-22,PHC009,MED003,414,100,30.3,24,3,5,54.0,45.0,57.42857142857143,40
2025-05-23,PHC009,MED003,359,93,26.4,25,4,5,40.0,61.0,56.714285714285715,55
2025-05-24,PHC009,MED003,282,125,22.7,32,5,5,55.0,58.0,55.857142857142854,77
2025-05-25,PHC009,MED003,913,123,25.7,28,6,5,77.0,69.0,58.57142857142857,83
2025-05-26,PHC009,MED003,859,94,32.0,25,0,5,83.0,59.0,60.57142857142857,54
2025-05-27,PHC009,MED003,795,119,31.4,38,1,5,54.0,56.0,59.857142857142854,64
2025-05-28,PHC009,MED003,742,107,24.2,29,2,5,64.0,54.0,61.0,53
2025-05-29,PHC009,MED003,687,97,21.2,22,3,5,53.0,40.0,60.857142857142854,55
2025-05-30,PHC009,MED003,647,99,28.7,29,4,5,55.0,55.0,63.0,40
2025-05-31,PHC009,MED003,570,136,30.6,43,5,5,40.0,77.0,60.857142857142854,77
2025-06-01,PHC009,MED003,482,134,26.2,36,6,6,77.0,83.0,60.857142857142854,88
2025-06-02,PHC009,MED003,437,95,33.9,22,0,6,88.0,54.0,61.57142857142857,45
2025-06-03,PHC009,MED003,379,115,24.6,36,1,6,45.0,64.0,60.285714285714285,58
2025-06-04,PHC009,MED003,321,122,21.0,24,2,6,58.0,53.0,59.42857142857143,58
2025-06-05,PHC009,MED003,275,91,20.7,27,3,6,58.0,55.0,60.142857142857146,46
2025-06-06,PHC009,MED003,221,111,31.6,31,4,6,46.0,40.0,58.857142857142854,54
2025-06-07,PHC009,MED003,694,115,20.1,21,5,6,54.0,77.0,60.857142857142854,73
2025-06-08,PHC009,MED003,641,121,24.5,25,6,6,73.0,88.0,60.285714285714285,53
2025-06-09,PHC009,MED003,583,115,33.5,38,0,6,53.0,45.0,55.285714285714285,58
2025-06-10,PHC009,MED003,527,128,24.0,37,1,6,58.0,58.0,57.142857142857146,56
2025-06-11,PHC009,MED003,472,114,31.8,26,2,6,56.0,58.0,56.857142857142854,55
2025-06-12,PHC009,MED003,381,148,24.0,37,3,6,55.0,46.0,56.42857142857143,91
2025-06-13,PHC009,MED003,311,119,29.3,25,4,6,91.0,54.0,62.857142857142854,70
2025-06-14,PHC009,MED003,239,104,32.1,23,5,6,70.0,73.0,65.14285714285714,72
2025-06-15,PHC009,MED003,187,99,27.1,20,6,6,72.0,53.0,65.0,52
2025-06-16,PHC009,MED003,147,81,28.1,23,0,6,52.0,58.0,64.85714285714286,40
2025-06-17,PHC009,MED003,692,114,20.6,24,1,6,40.0,56.0,62.285714285714285,64
2025-06-18,PHC009,MED003,624,139,23.6,41,2,6,64.0,55.0,63.42857142857143,68
2025-06-19,PHC009,MED003,575,91,34.7,30,3,6,68.0,91.0,65.28571428571429,49
2025-06-20,PHC009,MED003,533,99,33.4,17,4,6,49.0,70.0,59.285714285714285,42
2025-06-21,PHC009,MED003,473,111,23.7,22,5,6,42.0,72.0,55.285714285714285,60
2025-06-22,PHC009,MED003,398,115,23.2,24,6,6,60.0,52.0,53.57142857142857,75
2025-06-23,PHC009,MED003,345,101,30.7,19,0,6,75.0,40.0,56.857142857142854,53
2025-06-24,PHC009,MED003,292,108,25.8,31,1,6,53.0,64.0,58.714285714285715,53
2025-06-25,PHC009,MED003,232,83,25.3,16,2,6,53.0,68.0,57.142857142857146,60
2025-06-26,PHC009,MED003,470,123,28.6,37,3,6,60.0,49.0,56.0,72
2025-06-27,PHC009,MED003,426,103,34.9,20,4,6,72.0,42.0,59.285714285714285,44
2025-06-28,PHC009,MED003,348,126,23.9,31,5,6,44.0,60.0,59.57142857142857,78
2025-06-29,PHC009,MED003,273,127,26.4,24,6,6,78.0,75.0,62.142857142857146,75
2025-01-08,PHC009,MED004,653,105,27.5,37,2,1,59.0,62.0,67.57142857142857,42
2025-01-09,PHC009,MED004,586,101,20.4,26,3,1,42.0,55.0,64.71428571428571,67
2025-01-10,PHC009,MED004,539,97,27.0,21,4,1,67.0,57.0,66.42857142857143,47
2025-01-11,PHC009,MED004,471,108,20.7,27,5,1,47.0,85.0,65.0,68
2025-01-12,PHC009,MED004,369,145,21.9,39,6,1,68.0,104.0,62.57142857142857,102
2025-01-13,PHC009,MED004,312,116,25.0,28,0,1,102.0,51.0,62.285714285714285,57
2025-01-14,PHC009,MED004,266,88,26.5,17,1,1,57.0,59.0,63.142857142857146,46
2025-01-15,PHC009,MED004,843,125,29.5,30,2,1,46.0,42.0,61.285714285714285,79
2025-01-16,PHC009,MED004,794,105,34.9,28,3,1,79.0,67.0,66.57142857142857,49
2025-01-17,PHC009,MED004,724,112,25.3,25,4,1,49.0,47.0,64.0,70
2025-01-18,PHC009,MED004,660,99,23.6,29,5,1,70.0,68.0,67.28571428571429,64
2025-01-19,PHC009,MED004,571,151,34.0,33,6,1,64.0,102.0,66.71428571428571,89
2025-01-20,PHC009,MED004,532,86,29.1,20,0,1,89.0,57.0,64.85714285714286,39
2025-01-21,PHC009,MED004,482,106,25.4,27,1,1,39.0,46.0,62.285714285714285,50
2025-01-22,PHC009,MED004,422,120,26.2,35,2,1,50.0,79.0,62.857142857142854,60
2025-01-23,PHC009,MED004,365,95,21.8,24,3,1,60.0,49.0,60.142857142857146,57
2025-01-24,PHC009,MED004,305,114,26.7,27,4,1,57.0,70.0,61.285714285714285,60
2025-01-25,PHC009,MED004,232,143,29.1,35,5,1,60.0,64.0,59.857142857142854,73
2025-01-26,PHC009,MED004,770,156,34.2,45,6,1,73.0,89.0,61.142857142857146,97
2025-01-27,PHC009,MED004,719,99,23.5,23,0,1,97.0,39.0,62.285714285714285,51
2025-01-28,PHC009,MED004,646,122,25.3,27,1,1,51.0,50.0,64.0,73
2025-01-29,PHC009,MED004,572,113,29.2,18,2,1,73.0,60.0,67.28571428571429,74
2025-01-30,PHC009,MED004,493,114,21.8,28,3,1,74.0,57.0,69.28571428571429,79
2025-01-31,PHC009,MED004,456,96,28.7,27,4,1,79.0,60.0,72.42857142857143,37
2025-02-01,PHC009,MED004,390,109,23.6,24,5,2,37.0,73.0,69.14285714285714,66
2025-02-02,PHC009,MED004,311,146,23.7,38,6,2,66.0,97.0,68.14285714285714,79
2025-02-03,PHC009,MED004,253,102,28.0,32,0,2,79.0,51.0,65.57142857142857,58
2025-02-04,PHC009,MED004,210,84,31.7,20,1,2,58.0,73.0,66.57142857142857,43
2025-02-05,PHC009,MED004,477,117,30.3,30,2,2,43.0,74.0,62.285714285714285,60
2025-02-06,PHC009,MED004,402,124,31.6,36,3,2,60.0,79.0,60.285714285714285,75
2025-02-07,PHC009,MED004,343,106,28.4,24,4,2,75.0,37.0,59.714285714285715,59
2025-02-08,PHC009,MED004,280,101,28.8,30,5,2,59.0,66.0,62.857142857142854,63
2025-02-09,PHC009,MED004,551,139,22.5,28,6,2,63.0,79.0,62.42857142857143,94
2025-02-10,PHC009,MED004,494,116,26.6,31,0,2,94.0,58.0,64.57142857142857,57
2025-02-11,PHC009,MED004,431,113,23.7,28,1,2,57.0,43.0,64.42857142857143,63
2025-02-12,PHC009,MED004,389,95,32.2,17,2,2,63.0,60.0,67.28571428571429,42
2025-02-13,PHC009,MED004,324,119,24.9,28,3,2,42.0,75.0,64.71428571428571,65
2025-02-14,PHC009,MED004,273,87,30.9,22,4,2,65.0,59.0,63.285714285714285,51
2025-02-15,PHC009,MED004,844,106,33.7,23,5,2,51.0,63.0,62.142857142857146,71
2025-02-16,PHC009,MED004,771,121,24.8,34,6,2,71.0,94.0,63.285714285714285,73
2025-02-17,PHC009,MED004,704,123,25.0,30,0,2,73.0,57.0,60.285714285714285,67
2025-02-18,PHC009,MED004,648,91,22.1,30,1,2,67.0,63.0,61.714285714285715,56
2025-02-19,PHC009,MED004,592,107,31.0,22,2,2,56.0,42.0,60.714285714285715,56
2025-02-20,PHC009,MED004,532,116,32.8,35,3,2,56.0,65.0,62.714285714285715,60
2025-02-21,PHC009,MED004,458,113,23.8,19,4,2,60.0,51.0,62.0,74
2025-02-22,PHC009,MED004,359,127,28.0,33,5,2,74.0,71.0,65.28571428571429,99
2025-02-23,PHC009,MED004,289,108,28.1,35,6,2,99.0,73.0,69.28571428571429,70
2025-02-24,PHC009,MED004,227,102,31.4,30,0,2,70.0,67.0,68.85714285714286,62
2025-02-25,PHC009,MED004,480,142,32.0,33,1,2,62.0,56.0,68.14285714285714,77
2025-02-26,PHC009,MED004,407,110,24.5,25,2,2,77.0,56.0,71.14285714285714,73
2025-02-27,PHC009,MED004,358,88,22.9,18,3,2,73.0,60.0,73.57142857142857,49
2025-02-28,PHC009,MED004,292,105,21.7,32,4,2,49.0,74.0,72.0,66
2025-03-01,PHC009,MED004,835,123,28.2,28,5,3,66.0,99.0,70.85714285714286,84
2025-03-02,PHC009,MED004,770,110,34.1,22,6,3,84.0,70.0,68.71428571428571,65
2025-03-03,PHC009,MED004,704,101,29.4,30,0,3,65.0,62.0,68.0,66
2025-03-04,PHC009,MED004,643,109,34.3,32,1,3,66.0,77.0,68.57142857142857,61
2025-03-05,PHC009,MED004,577,121,21.5,23,2,3,61.0,73.0,66.28571428571429,66
2025-03-06,PHC009,MED004,524,101,32.8,30,3,3,66.0,49.0,65.28571428571429,53
2025-03-07,PHC009,MED004,456,122,34.7,32,4,3,53.0,66.0,65.85714285714286,68
2025-03-08,PHC009,MED004,389,101,33.2,30,5,3,68.0,84.0,66.14285714285714,67
2025-03-09,PHC009,MED004,312,133,24.9,35,6,3,67.0,65.0,63.714285714285715,77
2025-03-10,PHC009,MED004,243,101,33.7,26,0,3,77.0,66.0,65.42857142857143,69
2025-03-11,PHC009,MED004,845,102,25.8,23,1,3,69.0,61.0,65.85714285714286,61
2025-03-12,PHC009,MED004,787,106,23.7,23,2,3,61.0,66.0,65.85714285714286,58
2025-03-13,PHC009,MED004,727,126,23.7,36,3,3,58.0,53.0,64.71428571428571,60
2025-03-14,PHC009,MED004,652,105,25.7,30,4,3,60.0,68.0,65.71428571428571,75
2025-03-15,PHC009,MED004,568,139,33.9,31,5,3,75.0,67.0,66.71428571428571,84
2025-03-16,PHC009,MED004,504,120,29.9,30,6,3,84.0,77.0,69.14285714285714,64
2025-03-17,PHC009,MED004,424,122,32.8,30,0,3,64.0,69.0,67.28571428571429,80
2025-03-18,PHC009,MED004,359,123,34.9,33,1,3,80.0,61.0,68.85714285714286,65
2025-03-19,PHC009,MED004,287,120,29.5,28,2,3,65.0,58.0,69.42857142857143,72
2025-03-20,PHC009,MED004,223,107,20.0,18,3,3,72.0,60.0,71.42857142857143,64
2025-03-21,PHC009,MED004,712,120,21.0,33,4,3,64.0,75.0,72.0,74
2025-03-22,PHC009,MED004,618,145,26.5,38,5,3,74.0,84.0,71.85714285714286,94
2025-03-23,PHC009,MED004,559,120,24.0,28,6,3,94.0,64.0,73.28571428571429,59
2025-03-24,PHC009,MED004,500,117,26.5,36,0,3,59.0,80.0,72.57142857142857,59
2025-03-25,PHC009,MED004,418,130,34.1,35,1,3,59.0,65.0,69.57142857142857,82
2025-03-26,PHC009,MED004,359,110,33.6,25,2,3,82.0,72.0,72.0,59
2025-03-27,PHC009,MED004,314,80,29.2,14,3,3,59.0,64.0,70.14285714285714,45
2025-03-28,PHC009,MED004,267,97,28.2,17,4,3,45.0,74.0,67.42857142857143,47
2025-03-29,PHC009,MED004,560,116,28.9,32,5,3,47.0,94.0,63.57142857142857,94
2025-03-30,PHC009,MED004,470,142,21.7,38,6,3,94.0,59.0,63.57142857142857,90
2025-03-31,PHC009,MED004,410,89,29.1,25,0,3,90.0,59.0,68.0,60
2025-04-01,PHC009,MED004,358,96,24.3,23,1,4,60.0,82.0,68.14285714285714,52
2025-04-02,PHC009,MED004,305,98,30.5,19,2,4,52.0,59.0,63.857142857142854,53
2025-04-03,PHC009,MED004,238,125,28.7,27,3,4,53.0,45.0,63.0,67
2025-04-04,PHC009,MED004,556,118,21.8,29,4,4,67.0,47.0,66.14285714285714,65
2025-04-05,PHC009,MED004,471,127,26.8,30,5,4,65.0,94.0,68.71428571428571,85
2025-04-06,PHC009,MED004,402,120,24.5,25,6,4,85.0,90.0,67.42857142857143,69
2025-04-07,PHC009,MED004,340,101,27.5,31,0,4,69.0,60.0,64.42857142857143,62
2025-04-08,PHC009,MED004,277,105,21.1,23,1,4,62.0,52.0,64.71428571428571,63
2025-04-09,PHC009,MED004,229,93,34.1,21,2,4,63.0,53.0,66.28571428571429,48
2025-04-10,PHC009,MED004,773,102,24.9,17,3,4,48.0,67.0,65.57142857142857,66
2025-04-11,PHC009,MED004,696,140,24.7,31,4,4,66.0,65.0,65.42857142857143,77
2025-04-12,PHC009,MED004,584,146,24.7,44,5,4,77.0,85.0,67.14285714285714,112
2025-04-13,PHC009,MED004,494,132,28.4,25,6,4,112.0,69.0,71.0,90
2025-04-14,PHC009,MED004,423,110,33.2,29,0,4,90.0,62.0,74.0,71
2025-04-15,PHC009,MED004,364,112,32.4,32,1,4,71.0,63.0,75.28571428571429,59
2025-04-16,PHC009,MED004,304,107,28.1,30,2,4,59.0,48.0,74.71428571428571,60
2025-04-17,PHC009,MED004,887,146,30.9,31,3,4,60.0,66.0,76.42857142857143,93
2025-04-18,PHC009,MED004,818,128,34.1,36,4,4,93.0,77.0,80.28571428571429,69
2025-04-19,PHC009,MED004,739,119,23.6,30,5,4,69.0,112.0,79.14285714285714,79
2025-04-20,PHC009,MED004,652,123,32.5,33,6,4,79.0,90.0,74.42857142857143,87
2025-04-21,PHC009,MED004,601,109,23.6,23,0,4,87.0,71.0,74.0,51
2025-04-22,PHC009,MED004,540,121,20.4,32,1,4,51.0,59.0,71.14285714285714,61
2025-04-23,PHC009,MED004,481,112,31.0,21,2,4,61.0,60.0,71.42857142857143,59
2025-04-24,PHC009,MED004,435,91,28.0,19,3,4,59.0,93.0,71.28571428571429,46
2025-04-25,PHC009,MED004,389,88,26.4,13,4,4,46.0,69.0,64.57142857142857,46
2025-04-26,PHC009,MED004,293,135,33.1,39,5,4,46.0,79.0,61.285714285714285,96
2025-04-27,PHC009,MED004,575,137,22.0,29,6,4,96.0,87.0,63.714285714285715,109
2025-04-28,PHC009,MED004,523,114,20.8,31,0,4,109.0,51.0,66.85714285714286,52
2025-04-29,PHC009,MED004,454,109,20.5,30,1,4,52.0,61.0,67.0,69
2025-04-30,PHC009,MED004,406,80,32.1,27,2,4,69.0,59.0,68.14285714285714,48
2025-05-01,PHC009,MED004,355,84,34.5,15,3,5,48.0,46.0,66.57142857142857,51
2025-05-02,PHC009,MED004,289,130,24.1,33,4,5,51.0,46.0,67.28571428571429,66
2025-05-03,PHC009,MED004,218,114,21.0,30,5,5,66.0,96.0,70.14285714285714,71
2025-05-04,PHC009,MED004,703,103,28.9,18,6,5,71.0,109.0,66.57142857142857,63
2025-05-05,PHC009,MED004,634,125,30.9,31,0,5,63.0,52.0,60.0,69
2025-05-06,PHC009,MED004,590,85,22.8,17,1,5,69.0,69.0,62.42857142857143,44
2025-05-07,PHC009,MED004,531,102,28.3,24,2,5,44.0,48.0,58.857142857142854,59
2025-05-08,PHC009,MED004,475,91,22.9,24,3,5,59.0,51.0,60.42857142857143,56
2025-05-09,PHC009,MED004,424,104,32.5,23,4,5,56.0,66.0,61.142857142857146,51
2025-05-10,PHC009,MED004,344,120,31.1,40,5,5,51.0,71.0,59.0,80
2025-05-11,PHC009,MED004,271,134,33.1,34,6,5,80.0,63.0,60.285714285714285,73
2025-05-12,PHC009,MED004,810,135,27.8,34,0,5,73.0,69.0,61.714285714285715,69
2025-05-13,PHC009,MED004,755,101,32.3,27,1,5,69.0,44.0,61.714285714285715,55
2025-05-14,PHC009,MED004,711,86,29.8,15,2,5,55.0,59.0,63.285714285714285,44
2025-05-15,PHC009,MED004,652,103,27.0,29,3,5,44.0,56.0,61.142857142857146,59
2025-05-16,PHC009,MED004,587,109,29.8,17,4,5,59.0,51.0,61.57142857142857,65
2025-05-17,PHC009,MED004,528,111,30.8,27,5,5,65.0,80.0,63.57142857142857,59
2025-05-18,PHC009,MED004,444,117,28.7,28,6,5,59.0,73.0,60.57142857142857,84
2025-05-19,PHC009,MED004,400,83,23.0,13,0,5,84.0,69.0,62.142857142857146,44
2025-05-20,PHC009,MED004,320,121,21.9,19,1,5,44.0,55.0,58.57142857142857,80
2025-05-21,PHC009,MED004,252,126,20.2,34,2,5,80.0,44.0,62.142857142857146,68
2025-05-22,PHC009,MED004,615,126,23.9,39,3,5,68.0,59.0,65.57142857142857,80
2025-05-23,PHC009,MED004,544,108,22.6,22,4,5,80.0,65.0,68.57142857142857,71
2025-05-24,PHC009,MED004,463,113,32.7,26,5,5,71.0,59.0,69.42857142857143,81
2025-05-25,PHC009,MED004,369,127,24.9,32,6,5,81.0,84.0,72.57142857142857,94
2025-05-26,PHC009,MED004,305,114,30.3,25,0,5,94.0,44.0,74.0,64
2025-05-27,PHC009,MED004,774,128,33.9,37,1,5,64.0,80.0,76.85714285714286,85
2025-05-28,PHC009,MED004,699,121,23.5,29,2,5,85.0,68.0,77.57142857142857,75
2025-05-29,PHC009,MED004,621,131,23.4,23,3,5,75.0,80.0,78.57142857142857,78
2025-05-30,PHC009,MED004,570,84,31.0,30,4,5,78.0,71.0,78.28571428571429,51
2025-05-31,PHC009,MED004,487,125,27.4,37,5,5,51.0,81.0,75.42857142857143,83
2025-06-01,PHC009,MED004,406,121,33.0,30,6,6,83.0,94.0,75.71428571428571,81
2025-06-02,PHC009,MED004,346,91,32.1,23,0,6,81.0,64.0,73.85714285714286,60
2025-06-03,PHC009,MED004,302,81,34.3,23,1,6,60.0,85.0,73.28571428571429,44
2025-06-04,PHC009,MED004,239,104,32.4,22,2,6,44.0,75.0,67.42857142857143,63
2025-06-05,PHC009,MED004,884,120,33.1,20,3,6,63.0,78.0,65.71428571428571,72
2025-06-06,PHC009,MED004,841,91,31.3,17,4,6,72.0,51.0,64.85714285714286,43
2025-06-07,PHC009,MED004,763,149,32.8,33,5,6,43.0,83.0,63.714285714285715,78
2025-06-08,PHC009,MED004,680,122,32.3,32,6,6,78.0,81.0,63.0,83
2025-06-09,PHC009,MED004,635,113,26.3,28,0,6,83.0,60.0,63.285714285714285,45
2025-06-10,PHC009,MED004,568,110,32.3,21,1,6,45.0,44.0,61.142857142857146,67
2025-06-11,PHC009,MED004,508,114,34.9,30,2,6,67.0,63.0,64.42857142857143,60
2025-06-12,PHC009,MED004,462,111,28.0,28,3,6,60.0,72.0,64.0,46
2025-06-13,PHC009,MED004,384,132,31.5,38,4,6,46.0,43.0,60.285714285714285,78
2025-06-14,PHC009,MED004,299,129,23.9,25,5,6,78.0,78.0,65.28571428571429,85
2025-06-15,PHC009,MED004,230,122,27.6,32,6,6,85.0,83.0,66.28571428571429,69
2025-06-16,PHC009,MED004,787,132,24.5,33,0,6,69.0,45.0,64.28571428571429,89
2025-06-17,PHC009,MED004,728,102,21.0,26,1,6,89.0,67.0,70.57142857142857,59
2025-06-18,PHC009,MED004,672,112,23.8,29,2,6,59.0,60.0,69.42857142857143,56
2025-06-19,PHC009,MED004,608,104,26.3,28,3,6,56.0,46.0,68.85714285714286,64
2025-06-20,PHC009,MED004,561,92,28.0,25,4,6,64.0,78.0,71.42857142857143,47
2025-06-21,PHC009,MED004,485,109,28.5,27,5,6,47.0,85.0,67.0,76
2025-06-22,PHC009,MED004,418,98,32.8,20,6,6,76.0,69.0,65.71428571428571,67
2025-06-23,PHC009,MED004,350,116,24.7,32,0,6,67.0,89.0,65.42857142857143,68
2025-06-24,PHC009,MED004,294,98,23.1,24,1,6,68.0,59.0,62.42857142857143,56
2025-06-25,PHC009,MED004,225,115,20.7,27,2,6,56.0,56.0,62.0,69
2025-06-26,PHC009,MED004,538,137,20.0,35,3,6,69.0,64.0,63.857142857142854,89
2025-06-27,PHC009,MED004,468,110,25.0,30,4,6,89.0,47.0,67.42857142857143,70
2025-06-28,PHC009,MED004,386,125,22.0,24,5,6,70.0,76.0,70.71428571428571,82
2025-06-29,PHC009,MED004,318,100,21.9,32,6,6,82.0,67.0,71.57142857142857,68
2025-01-08,PHC009,MED005,404,104,29.6,19,2,1,34.0,42.0,42.285714285714285,37
2025-01-09,PHC009,MED005,361,110,27.6,26,3,1,37.0,36.0,41.57142857142857,43
2025-01-10,PHC009,MED005,311,121,25.1,33,4,1,43.0,53.0,42.57142857142857,50
2025-01-11,PHC009,MED005,263,91,32.1,22,5,1,50.0,46.0,42.142857142857146,48
2025-01-12,PHC009,MED005,772,138,24.2,26,6,1,48.0,58.0,42.42857142857143,66
2025-01-13,PHC009,MED005,732,87,27.5,19,0,1,66.0,27.0,43.57142857142857,40
2025-01-14,PHC009,MED005,699,105,20.6,27,1,1,40.0,34.0,45.42857142857143,33
2025-01-15,PHC009,MED005,667,90,25.2,16,2,1,33.0,37.0,45.285714285714285,32
2025-01-16,PHC009,MED005,620,110,28.5,25,3,1,32.0,43.0,44.57142857142857,47
2025-01-17,PHC009,MED005,580,111,24.9,21,4,1,47.0,50.0,45.142857142857146,40
2025-01-18,PHC009,MED005,529,105,32.4,36,5,1,40.0,48.0,43.714285714285715,51
2025-01-19,PHC009,MED005,489,104,28.8,20,6,1,51.0,66.0,44.142857142857146,40
2025-01-20,PHC009,MED005,441,116,26.2,28,0,1,40.0,40.0,40.42857142857143,48
2025-01-21,PHC009,MED005,398,80,33.4,18,1,1,48.0,33.0,41.57142857142857,43
2025-01-22,PHC009,MED005,367,111,21.1,26,2,1,43.0,32.0,43.0,31
2025-01-23,PHC009,MED005,324,99,29.9,29,3,1,31.0,47.0,42.857142857142854,43
2025-01-24,PHC009,MED005,263,130,25.2,28,4,1,43.0,40.0,42.285714285714285,61
2025-01-25,PHC009,MED005,209,120,24.8,33,5,1,61.0,51.0,45.285714285714285,54
2025-01-26,PHC009,MED005,797,150,33.8,45,6,1,54.0,40.0,45.714285714285715,74
2025-01-27,PHC009,MED005,748,96,27.0,21,0,1,74.0,48.0,50.57142857142857,49
2025-01-28,PHC009,MED005,708,103,33.9,17,1,1,49.0,43.0,50.714285714285715,40
2025-01-29,PHC009,MED005,647,121,30.9,37,2,1,40.0,31.0,50.285714285714285,61
2025-01-30,PHC009,MED005,605,105,20.6,26,3,1,61.0,43.0,54.57142857142857,42
2025-01-31,PHC009,MED005,564,113,20.1,20,4,1,42.0,61.0,54.42857142857143,41
2025-02-01,PHC009,MED005,505,150,34.5,33,5,2,41.0,54.0,51.57142857142857,59
2025-02-02,PHC009,MED005,432,151,24.4,37,6,2,59.0,74.0,52.285714285714285,73
2025-02-03,PHC009,MED005,393,119,20.2,26,0,2,73.0,49.0,52.142857142857146,39
2025-02-04,PHC009,MED005,334,115,33.3,27,1,2,39.0,40.0,50.714285714285715,59
2025-02-05,PHC009,MED005,299,96,21.2,19,2,2,59.0,61.0,53.42857142857143,35
2025-02-06,PHC009,MED005,275,77,22.2,25,3,2,35.0,42.0,49.714285714285715,24
2025-02-07,PHC009,MED005,216,119,27.5,25,4,2,24.0,41.0,47.142857142857146,59
2025-02-08,PHC009,MED005,513,119,26.2,23,5,2,59.0,59.0,49.714285714285715,63
2025-02-09,PHC009,MED005,451,138,20.2,28,6,2,63.0,73.0,50.285714285714285,62
2025-02-10,PHC009,MED005,411,109,31.6,31,0,2,62.0,39.0,48.714285714285715,40
2025-02-11,PHC009,MED005,370,88,27.0,23,1,2,40.0,59.0,48.857142857142854,41
2025-02-12,PHC009,MED005,318,128,29.9,39,2,2,41.0,35.0,46.285714285714285,52
2025-02-13,PHC009,MED005,286,90,33.4,18,3,2,52.0,24.0,48.714285714285715,32
2025-02-14,PHC009,MED005,250,87,20.9,16,4,2,32.0,59.0,49.857142857142854,36
2025-02-15,PHC009,MED005,511,150,27.7,36,5,2,36.0,63.0,46.57142857142857,90
2025-02-16,PHC009,MED005,452,130,28.9,27,6,2,90.0,62.0,50.42857142857143,59
2025-02-17,PHC009,MED005,424,74,32.6,15,0,2,59.0,40.0,50.0,28
2025-02-18,PHC009,MED005,379,118,24.2,34,1,2,28.0,41.0,48.285714285714285,45
2025-02-19,PHC009,MED005,337,108,21.4,29,2,2,45.0,52.0,48.857142857142854,42
2025-02-20,PHC009,MED005,308,72,23.7,24,3,2,42.0,32.0,47.42857142857143,29
2025-02-21,PHC009,MED005,258,136,32.2,40,4,2,29.0,36.0,47.0,50
2025-02-22,PHC009,MED005,909,147,22.5,41,5,2,50.0,90.0,49.0,67
2025-02-23,PHC009,MED005,848,130,24.1,31,6,2,67.0,59.0,45.714285714285715,61
2025-02-24,PHC009,MED005,795,122,23.0,27,0,2,61.0,28.0,46.0,53
2025-02-25,PHC009,MED005,750,97,24.4,18,1,2,53.0,45.0,49.57142857142857,45
2025-02-26,PHC009,MED005,698,135,31.7,32,2,2,45.0,42.0,49.57142857142857,52
2025-02-27,PHC009,MED005,636,122,30.1,26,3,2,52.0,29.0,51.0,62
2025-02-28,PHC009,MED005,589,110,25.0,29,4,2,62.0,50.0,55.714285714285715,47
2025-03-01,PHC009,MED005,536,129,20.4,22,5,3,47.0,67.0,55.285714285714285,53
2025-03-02,PHC009,MED005,477,135,27.3,37,6,3,53.0,61.0,53.285714285714285,59
2025-03-03,PHC009,MED005,431,124,20.5,29,0,3,59.0,53.0,53.0,46
2025-03-04,PHC009,MED005,388,115,34.7,26,1,3,46.0,45.0,52.0,43
2025-03-05,PHC009,MED005,350,117,26.6,35,2,3,43.0,52.0,51.714285714285715,38
2025-03-06,PHC009,MED005,301,120,31.3,29,3,3,38.0,62.0,49.714285714285715,49
2025-03-07,PHC009,MED005,269,91,26.4,20,4,3,49.0,47.0,47.857142857142854,32
2025-03-08,PHC009,MED005,213,136,34.4,37,5,3,32.0,53.0,45.714285714285715,56
2025-03-09,PHC009,MED005,523,149,24.1,31,6,3,56.0,59.0,46.142857142857146,62
2025-03-10,PHC009,MED005,486,89,28.0,26,0,3,62.0,46.0,46.57142857142857,37
2025-03-11,PHC009,MED005,440,98,35.0,26,1,3,37.0,43.0,45.285714285714285,46
2025-03-12,PHC009,MED005,400,92,26.0,35,2,3,46.0,38.0,45.714285714285715,40
2025-03-13,PHC009,MED005,346,124,24.0,26,3,3,40.0,49.0,46.0,54
2025-03-14,PHC009,MED005,309,88,29.9,16,4,3,54.0,32.0,46.714285714285715,37
2025-03-15,PHC009,MED005,249,123,28.3,31,5,3,37.0,56.0,47.42857142857143,60
2025-03-16,PHC009,MED005,207,102,27.7,20,6,3,60.0,62.0,48.0,42
2025-03-17,PHC009,MED005,183,74,33.1,17,0,3,42.0,37.0,45.142857142857146,24
2025-03-18,PHC009,MED005,453,117,25.0,34,1,3,24.0,46.0,43.285714285714285,53
2025-03-19,PHC009,MED005,418,101,27.6,30,2,3,53.0,40.0,44.285714285714285,35
2025-03-20,PHC009,MED005,388,82,29.5,15,3,3,35.0,54.0,43.57142857142857,30
2025-03-21,PHC009,MED005,333,112,24.4,27,4,3,30.0,37.0,40.142857142857146,55
2025-03-22,PHC009,MED005,280,132,30.6,35,5,3,55.0,60.0,42.714285714285715,53
2025-03-23,PHC009,MED005,707,128,24.1,31,6,3,53.0,42.0,41.714285714285715,72
2025-03-24,PHC009,MED005,672,107,20.5,33,0,3,72.0,24.0,46.0,35
2025-03-25,PHC009,MED005,622,121,28.5,30,1,3,35.0,53.0,47.57142857142857,50
2025-03-26,PHC009,MED005,571,133,25.9,25,2,3,50.0,35.0,47.142857142857146,51
2025-03-27,PHC009,MED005,533,106,32.1,26,3,3,51.0,30.0,49.42857142857143,38
2025-03-28,PHC009,MED005,484,114,28.9,22,4,3,38.0,55.0,50.57142857142857,49
2025-03-29,PHC009,MED005,442,98,33.0,14,5,3,49.0,53.0,49.714285714285715,42
2025-03-30,PHC009,MED005,385,117,28.7,25,6,3,42.0,72.0,48.142857142857146,57
2025-03-31,PHC009,MED005,340,111,22.4,28,0,3,57.0,35.0,46.0,45
2025-04-01,PHC009,MED005,304,91,25.3,29,1,4,45.0,50.0,47.42857142857143,36
2025-04-02,PHC009,MED005,254,124,28.6,35,2,4,36.0,51.0,45.42857142857143,50
2025-04-03,PHC009,MED005,196,138,32.2,33,3,4,50.0,38.0,45.285714285714285,58
2025-04-04,PHC009,MED005,147,125,28.5,31,4,4,58.0,49.0,48.142857142857146,49
2025-04-05,PHC009,MED005,636,119,30.0,31,5,4,49.0,42.0,48.142857142857146,55
2025-04-06,PHC009,MED005,579,121,25.9,29,6,4,55.0,57.0,50.0,57
2025-04-07,PHC009,MED005,530,116,20.9,29,0,4,57.0,45.0,50.0,49
2025-04-08,PHC009,MED005,498,86,24.5,30,1,4,49.0,36.0,50.57142857142857,32
2025-04-09,PHC009,MED005,460,99,34.0,18,2,4,32.0,50.0,50.0,38
2025-04-10,PHC009,MED005,407,121,25.4,33,3,4,38.0,58.0,48.285714285714285,53
2025-04-11,PHC009,MED005,363,104,21.4,22,4,4,53.0,49.0,47.57142857142857,44
2025-04-12,PHC009,MED005,308,109,23.9,26,5,4,44.0,55.0,46.857142857142854,55
2025-04-13,PHC009,MED005,236,137,30.5,32,6,4,55.0,57.0,46.857142857142854,72
2025-04-14,PHC009,MED005,195,94,27.6,20,0,4,72.0,49.0,49.0,41
2025-04-15,PHC009,MED005,587,121,22.9,33,1,4,41.0,32.0,47.857142857142854,55
2025-04-16,PHC009,MED005,549,124,32.0,26,2,4,55.0,38.0,51.142857142857146,38
2025-04-17,PHC009,MED005,502,102,23.4,26,3,4,38.0,53.0,51.142857142857146,47
2025-04-18,PHC009,MED005,469,81,23.2,20,4,4,47.0,44.0,50.285714285714285,33
2025-04-19,PHC009,MED005,399,140,30.0,33,5,4,33.0,55.0,48.714285714285715,70
2025-04-20,PHC009,MED005,332,136,24.1,23,6,4,70.0,72.0,50.857142857142854,67
2025-04-21,PHC009,MED005,282,131,34.7,34,0,4,67.0,41.0,50.142857142857146,50
2025-04-22,PHC009,MED005,219,142,21.2,33,1,4,50.0,55.0,51.42857142857143,63
2025-04-23,PHC009,MED005,179,98,21.2,23,2,4,63.0,38.0,52.57142857142857,40
2025-04-24,PHC009,MED005,501,111,33.0,30,3,4,40.0,47.0,52.857142857142854,45
2025-04-25,PHC009,MED005,464,89,20.6,20,4,4,45.0,33.0,52.57142857142857,37
2025-04-26,PHC009,MED005,417,113,22.5,23,5,4,37.0,70.0,53.142857142857146,47
2025-04-27,PHC009,MED005,340,142,30.8,33,6,4,47.0,67.0,49.857142857142854,77
2025-04-28,PHC009,MED005,292,128,31.9,36,0,4,77.0,50.0,51.285714285714285,48
2025-04-29,PHC009,MED005,245,117,24.8,35,1,4,48.0,63.0,51.0,47
2025-04-30,PHC009,MED005,575,142,33.2,36,2,4,47.0,40.0,48.714285714285715,69
2025-05-01,PHC009,MED005,528,108,26.6,24,3,5,69.0,45.0,52.857142857142854,47
2025-05-02,PHC009,MED005,495,104,21.2,26,4,5,47.0,37.0,53.142857142857146,33
2025-05-03,PHC009,MED005,443,132,20.2,32,5,5,33.0,47.0,52.57142857142857,52
2025-05-04,PHC009,MED005,385,137,22.9,34,6,5,52.0,77.0,53.285714285714285,58
2025-05-05,PHC009,MED005,358,101,35.0,22,0,5,58.0,48.0,50.57142857142857,27
2025-05-06,PHC009,MED005,322,104,34.6,18,1,5,27.0,47.0,47.57142857142857,36
2025-05-07,PHC009,MED005,264,121,33.1,28,2,5,36.0,69.0,46.0,58
2025-05-08,PHC009,MED005,216,122,20.4,28,3,5,58.0,47.0,44.42857142857143,48
2025-05-09,PHC009,MED005,165,117,28.4,35,4,5,48.0,33.0,44.57142857142857,51
2025-05-10,PHC009,MED005,429,132,34.8,41,5,5,51.0,52.0,47.142857142857146,62
2025-05-11,PHC009,MED005,388,115,23.5,29,6,5,62.0,58.0,48.57142857142857,41
2025-05-12,PHC009,MED005,326,118,29.2,31,0,5,41.0,27.0,46.142857142857146,62
2025-05-13,PHC009,MED005,266,140,24.1,34,1,5,62.0,36.0,51.142857142857146,60
2025-05-14,PHC009,MED005,211,115,31.5,23,2,5,60.0,58.0,54.57142857142857,55
2025-05-15,PHC009,MED005,176,102,33.7,20,3,5,55.0,48.0,54.142857142857146,35
2025-05-16,PHC009,MED005,706,124,22.2,31,4,5,35.0,51.0,52.285714285714285,48
2025-05-17,PHC009,MED005,648,125,20.9,31,5,5,48.0,62.0,51.857142857142854,58
2025-05-18,PHC009,MED005,596,128,33.1,28,6,5,58.0,41.0,51.285714285714285,52
2025-05-19,PHC009,MED005,549,116,28.8,28,0,5,52.0,62.0,52.857142857142854,47
2025-05-20,PHC009,MED005,504,97,29.6,27,1,5,47.0,60.0,50.714285714285715,45
2025-05-21,PHC009,MED005,463,102,20.6,30,2,5,45.0,55.0,48.57142857142857,41
2025-05-22,PHC009,MED005,410,115,31.7,25,3,5,41.0,35.0,46.57142857142857,53
2025-05-23,PHC009,MED005,370,92,34.2,17,4,5,53.0,48.0,49.142857142857146,40
2025-05-24,PHC009,MED005,309,134,22.5,33,5,5,40.0,58.0,48.0,61
2025-05-25,PHC009,MED005,525,160,27.9,41,6,5,61.0,52.0,48.42857142857143,85
2025-05-26,PHC009,MED005,481,114,21.0,31,0,5,85.0,47.0,53.142857142857146,44
2025-05-27,PHC009,MED005,441,104,31.9,28,1,5,44.0,45.0,52.714285714285715,40
2025-05-28,PHC009,MED005,382,144,27.7,37,2,5,40.0,41.0,52.0,59
2025-05-29,PHC009,MED005,346,92,25.2,21,3,5,59.0,53.0,54.57142857142857,36
2025-05-30,PHC009,MED005,303,92,34.2,19,4,5,36.0,40.0,52.142857142857146,43
2025-05-31,PHC009,MED005,243,139,31.3,34,5,5,43.0,61.0,52.57142857142857,60
2025-06-01,PHC009,MED005,197,129,22.6,24,6,6,60.0,85.0,52.42857142857143,46
2025-06-02,PHC009,MED005,160,109,24.4,32,0,6,46.0,44.0,46.857142857142854,37
2025-06-03,PHC009,MED005,881,119,21.6,17,1,6,37.0,40.0,45.857142857142854,45
2025-06-04,PHC009,MED005,838,127,22.0,37,2,6,45.0,59.0,46.57142857142857,43
2025-06-05,PHC009,MED005,774,145,31.5,37,3,6,43.0,36.0,44.285714285714285,64
2025-06-06,PHC009,MED005,733,107,34.3,28,4,6,64.0,43.0,48.285714285714285,41
2025-06-07,PHC009,MED005,661,140,23.9,43,5,6,41.0,60.0,48.0,72
2025-06-08,PHC009,MED005,594,129,33.0,36,6,6,72.0,46.0,49.714285714285715,67
2025-06-09,PHC009,MED005,558,83,33.8,27,0,6,67.0,37.0,52.714285714285715,36
2025-06-10,PHC009,MED005,513,102,26.7,15,1,6,36.0,45.0,52.57142857142857,45
2025-06-11,PHC009,MED005,475,106,33.2,31,2,6,45.0,43.0,52.57142857142857,38
2025-06-12,PHC009,MED005,430,93,32.5,26,3,6,38.0,64.0,51.857142857142854,45
2025-06-13,PHC009,MED005,394,96,26.7,29,4,6,45.0,41.0,49.142857142857146,36
2025-06-14,PHC009,MED005,357,98,21.3,15,5,6,36.0,72.0,48.42857142857143,37
2025-06-15,PHC009,MED005,288,142,34.7,28,6,6,37.0,67.0,43.42857142857143,69
2025-06-16,PHC009,MED005,245,107,26.7,28,0,6,69.0,36.0,43.714285714285715,43
2025-06-17,PHC009,MED005,197,128,23.2,21,1,6,43.0,45.0,44.714285714285715,48
2025-06-18,PHC009,MED005,165,103,22.4,26,2,6,48.0,38.0,45.142857142857146,32
2025-06-19,PHC009,MED005,765,95,25.3,30,3,6,32.0,45.0,44.285714285714285,43
2025-06-20,PHC009,MED005,739,65,33.9,5,4,6,43.0,36.0,44.0,26
2025-06-21,PHC009,MED005,679,136,24.1,39,5,6,26.0,37.0,42.57142857142857,60
2025-06-22,PHC009,MED005,617,129,29.4,32,6,6,60.0,69.0,45.857142857142854,62
2025-06-23,PHC009,MED005,578,122,25.6,33,0,6,62.0,43.0,44.857142857142854,39
2025-06-24,PHC009,MED005,535,111,26.5,24,1,6,39.0,48.0,44.285714285714285,43
2025-06-25,PHC009,MED005,507,90,31.6,22,2,6,43.0,32.0,43.57142857142857,28
2025-06-26,PHC009,MED005,459,119,34.5,28,3,6,28.0,43.0,43.0,48
2025-06-27,PHC009,MED005,417,92,27.4,24,4,6,48.0,26.0,43.714285714285715,42
2025-06-28,PHC009,MED005,351,135,27.3,37,5,6,42.0,60.0,46.0,66
2025-06-29,PHC009,MED005,289,130,28.3,32,6,6,66.0,62.0,46.857142857142854,62
2025-01-08,PHC010,MED001,580,87,34.0,16,2,1,89.0,59.0,75.57142857142857,66
2025-01-09,PHC010,MED001,501,90,29.0,32,3,1,66.0,70.0,76.57142857142857,79
2025-01-10,PHC010,MED001,459,70,20.4,20,4,1,79.0,69.0,77.85714285714286,42
2025-01-11,PHC010,MED001,394,103,20.7,25,5,1,42.0,75.0,74.0,65
2025-01-12,PHC010,MED001,1038,108,23.6,30,6,1,65.0,101.0,72.57142857142857,102
2025-01-13,PHC010,MED001,1000,49,31.8,17,0,1,102.0,66.0,72.71428571428571,38
2025-01-14,PHC010,MED001,939,87,24.6,25,1,1,38.0,89.0,68.71428571428571,61
2025-01-15,PHC010,MED001,845,103,28.4,24,2,1,61.0,66.0,64.71428571428571,94
2025-01-16,PHC010,MED001,782,105,23.6,31,3,1,94.0,79.0,68.71428571428571,63
2025-01-17,PHC010,MED001,689,107,22.8,23,4,1,63.0,42.0,66.42857142857143,93
2025-01-18,PHC010,MED001,583,114,24.5,22,5,1,93.0,65.0,73.71428571428571,106
2025-01-19,PHC010,MED001,466,121,34.6,30,6,1,106.0,102.0,79.57142857142857,117
2025-01-20,PHC010,MED001,400,79,31.4,21,0,1,117.0,38.0,81.71428571428571,66
2025-01-21,PHC010,MED001,336,91,24.1,18,1,1,66.0,61.0,85.71428571428571,64
2025-01-22,PHC010,MED001,258,94,21.6,23,2,1,64.0,94.0,86.14285714285714,78
2025-01-23,PHC010,MED001,197,92,27.1,17,3,1,78.0,63.0,83.85714285714286,61
2025-01-24,PHC010,MED001,487,105,29.5,25,4,1,61.0,93.0,83.57142857142857,79
2025-01-25,PHC010,MED001,377,110,33.0,30,5,1,79.0,106.0,81.57142857142857,110
2025-01-26,PHC010,MED001,311,92,21.8,29,6,1,110.0,117.0,82.14285714285714,66
2025-01-27,PHC010,MED001,235,90,26.9,22,0,1,66.0,66.0,74.85714285714286,76
2025-01-28,PHC010,MED001,836,84,20.1,28,1,1,76.0,64.0,76.28571428571429,66
2025-01-29,PHC010,MED001,768,91,33.8,28,2,1,66.0,78.0,76.57142857142857,68
2025-01-30,PHC010,MED001,684,107,32.5,27,3,1,68.0,61.0,75.14285714285714,84
2025-01-31,PHC010,MED001,622,90,34.3,20,4,1,84.0,79.0,78.42857142857143,62
2025-02-01,PHC010,MED001,539,96,28.2,28,5,2,62.0,110.0,76.0,83
2025-02-02,PHC010,MED001,455,118,33.4,23,6,2,83.0,66.0,72.14285714285714,84
2025-02-03,PHC010,MED001,363,109,26.0,25,0,2,84.0,76.0,74.71428571428571,92
2025-02-04,PHC010,MED001,274,118,34.2,25,1,2,92.0,66.0,77.0,89
2025-02-05,PHC010,MED001,209,78,26.5,15,2,2,89.0,68.0,80.28571428571429,65
2025-02-06,PHC010,MED001,442,84,34.6,23,3,2,65.0,84.0,79.85714285714286,71
2025-02-07,PHC010,MED001,368,97,25.1,16,4,2,71.0,62.0,78.0,74
2025-02-08,PHC010,MED001,603,95,24.7,18,5,2,74.0,83.0,79.71428571428571,101
2025-02-09,PHC010,MED001,529,84,28.6,19,6,2,101.0,84.0,82.28571428571429,74
2025-02-10,PHC010,MED001,478,76,22.0,17,0,2,74.0,92.0,80.85714285714286,51
2025-02-11,PHC010,MED001,405,87,31.1,24,1,2,51.0,89.0,75.0,73
2025-02-12,PHC010,MED001,335,94,21.2,23,2,2,73.0,65.0,72.71428571428571,70
2025-02-13,PHC010,MED001,269,80,22.6,30,3,2,70.0,71.0,73.42857142857143,66
2025-02-14,PHC010,MED001,847,101,30.2,20,4,2,66.0,74.0,72.71428571428571,73
2025-02-15,PHC010,MED001,758,95,32.0,23,5,2,73.0,101.0,72.57142857142857,89
2025-02-16,PHC010,MED001,651,117,34.4,33,6,2,89.0,74.0,70.85714285714286,107
2025-02-17,PHC010,MED001,559,97,23.9,29,0,2,107.0,51.0,75.57142857142857,92
2025-02-18,PHC010,MED001,463,99,30.4,25,1,2,92.0,73.0,81.42857142857143,96
2025-02-19,PHC010,MED001,373,93,33.5,23,2,2,96.0,70.0,84.71428571428571,90
2025-02-20,PHC010,MED001,294,99,33.0,26,3,2,90.0,66.0,87.57142857142857,79
2025-02-21,PHC010,MED001,775,97,24.9,20,4,2,79.0,73.0,89.42857142857143,86
2025-02-22,PHC010,MED001,698,93,30.4,23,5,2,86.0,89.0,91.28571428571429,77
2025-02-23,PHC010,MED001,581,123,22.9,32,6,2,77.0,107.0,89.57142857142857,117
2025-02-24,PHC010,MED001,530,66,25.2,9,0,2,117.0,92.0,91.0,51
2025-02-25,PHC010,MED001,453,76,34.4,14,1,2,51.0,96.0,85.14285714285714,77
2025-02-26,PHC010,MED001,372,101,27.5,22,2,2,77.0,90.0,82.42857142857143,81
2025-02-27,PHC010,MED001,293,87,26.0,21,3,2,81.0,79.0,81.14285714285714,79
2025-02-28,PHC010,MED001,232,75,34.6,21,4,2,79.0,86.0,81.14285714285714,61
2025-03-01,PHC010,MED001,590,152,32.1,40,5,3,61.0,77.0,77.57142857142857,123
2025-03-02,PHC010,MED001,503,101,26.6,17,6,3,123.0,117.0,84.14285714285714,87
2025-03-03,PHC010,MED001,422,110,34.2,24,0,3,87.0,51.0,79.85714285714286,81
2025-03-04,PHC010,MED001,363,90,21.8,23,1,3,81.0,77.0,84.14285714285714,59
2025-03-05,PHC010,MED001,294,80,31.0,27,2,3,59.0,81.0,81.57142857142857,69
2025-03-06,PHC010,MED001,872,114,34.0,35,3,3,69.0,79.0,79.85714285714286,82
2025-03-07,PHC010,MED001,793,109,25.9,33,4,3,82.0,61.0,80.28571428571429,79
2025-03-08,PHC010,MED001,701,134,24.3,25,5,3,79.0,123.0,82.85714285714286,92
2025-03-09,PHC010,MED001,608,120,28.8,32,6,3,92.0,87.0,78.42857142857143,93
2025-03-10,PHC010,MED001,553,100,30.9,30,0,3,93.0,81.0,79.28571428571429,55
2025-03-11,PHC010,MED001,496,66,22.0,25,1,3,55.0,59.0,75.57142857142857,57
2025-03-12,PHC010,MED001,386,121,27.4,29,2,3,57.0,69.0,75.28571428571429,110
2025-03-13,PHC010,MED001,335,105,24.7,19,3,3,110.0,82.0,81.14285714285714,51
2025-03-14,PHC010,MED001,256,89,21.9,14,4,3,51.0,79.0,76.71428571428571,79
2025-03-15,PHC010,MED001,527,109,33.7,25,5,3,79.0,92.0,76.71428571428571,92
2025-03-16,PHC010,MED001,442,112,29.6,19,6,3,92.0,93.0,76.71428571428571,85
2025-03-17,PHC010,MED001,384,84,25.7,27,0,3,85.0,55.0,75.57142857142857,58
2025-03-18,PHC010,MED001,306,106,30.8,18,1,3,58.0,57.0,76.0,78
2025-03-19,PHC010,MED001,638,98,26.4,29,2,3,78.0,110.0,79.0,79
2025-03-20,PHC010,MED001,571,86,23.2,18,3,3,79.0,51.0,74.57142857142857,67
2025-03-21,PHC010,MED001,495,90,22.0,24,4,3,67.0,79.0,76.85714285714286,76
2025-03-22,PHC010,MED001,387,115,28.1,31,5,3,76.0,92.0,76.42857142857143,108
2025-03-23,PHC010,MED001,1021,107,24.7,32,6,3,108.0,85.0,78.71428571428571,103
2025-03-24,PHC010,MED001,966,78,24.3,16,0,3,103.0,58.0,81.28571428571429,55
2025-03-25,PHC010,MED001,909,65,27.9,25,1,3,55.0,78.0,80.85714285714286,57
2025-03-26,PHC010,MED001,823,107,20.7,38,2,3,57.0,79.0,77.85714285714286,86
2025-03-27,PHC010,MED001,749,96,31.1,30,3,3,86.0,67.0,78.85714285714286,74
2025-03-28,PHC010,MED001,692,94,20.8,26,4,3,74.0,76.0,79.85714285714286,57
2025-03-29,PHC010,MED001,615,90,20.4,14,5,3,57.0,108.0,77.14285714285714,77
2025-03-30,PHC010,MED001,514,107,33.9,27,6,3,77.0,103.0,72.71428571428571,101
2025-03-31,PHC010,MED001,442,97,21.4,20,0,3,101.0,55.0,72.42857142857143,72
2025-04-01,PHC010,MED001,387,83,24.9,19,1,4,72.0,57.0,74.85714285714286,55
2025-04-02,PHC010,MED001,334,60,27.1,21,2,4,55.0,86.0,74.57142857142857,53
2025-04-03,PHC010,MED001,272,83,25.3,16,3,4,53.0,74.0,69.85714285714286,62
2025-04-04,PHC010,MED001,601,108,27.1,21,4,4,62.0,57.0,68.14285714285714,86
2025-04-05,PHC010,MED001,519,101,33.9,28,5,4,86.0,77.0,72.28571428571429,82
2025-04-06,PHC010,MED001,854,142,26.4,37,6,4,82.0,101.0,73.0,138
2025-04-07,PHC010,MED001,774,102,23.3,23,0,4,138.0,72.0,78.28571428571429,80
2025-04-08,PHC010,MED001,718,69,26.9,19,1,4,80.0,55.0,79.42857142857143,56
2025-04-09,PHC010,MED001,628,101,21.0,26,2,4,56.0,53.0,79.57142857142857,90
2025-04-10,PHC010,MED001,543,101,32.8,26,3,4,90.0,62.0,84.85714285714286,85
2025-04-11,PHC010,MED001,495,81,26.5,15,4,4,85.0,86.0,88.14285714285714,48
2025-04-12,PHC010,MED001,398,113,33.3,21,5,4,48.0,82.0,82.71428571428571,97
2025-04-13,PHC010,MED001,336,76,32.2,18,6,4,97.0,138.0,84.85714285714286,62
2025-04-14,PHC010,MED001,270,95,32.5,28,0,4,62.0,80.0,74.0,66
2025-04-15,PHC010,MED001,213,77,20.7,15,1,4,66.0,56.0,72.0,57
2025-04-16,PHC010,MED001,747,96,26.6,21,2,4,57.0,90.0,72.14285714285714,72
2025-04-17,PHC010,MED001,692,95,25.4,31,3,4,72.0,85.0,69.57142857142857,55
2025-04-18,PHC010,MED001,618,101,21.3,33,4,4,55.0,48.0,65.28571428571429,74
2025-04-19,PHC010,MED001,518,106,30.1,21,5,4,74.0,97.0,69.0,100
2025-04-20,PHC010,MED001,425,107,29.8,31,6,4,100.0,62.0,69.42857142857143,93
2025-04-21,PHC010,MED001,361,84,20.7,15,0,4,93.0,66.0,73.85714285714286,64
2025-04-22,PHC010,MED001,304,66,23.2,17,1,4,64.0,57.0,73.57142857142857,57
2025-04-23,PHC010,MED001,230,92,32.4,26,2,4,57.0,72.0,73.57142857142857,74
2025-04-24,PHC010,MED001,180,74,23.8,20,3,4,74.0,55.0,73.85714285714286,50
2025-04-25,PHC010,MED001,712,107,33.8,33,4,4,50.0,74.0,73.14285714285714,90
2025-04-26,PHC010,MED001,589,108,34.4,33,5,4,90.0,100.0,75.42857142857143,123
2025-04-27,PHC010,MED001,505,93,24.8,26,6,4,123.0,93.0,78.71428571428571,84
2025-04-28,PHC010,MED001,442,95,33.8,16,0,4,84.0,64.0,77.42857142857143,63
2025-04-29,PHC010,MED001,335,105,27.2,24,1,4,63.0,57.0,77.28571428571429,107
2025-04-30,PHC010,MED001,540,105,23.3,29,2,4,107.0,74.0,84.42857142857143,102
2025-05-01,PHC010,MED001,478,98,20.9,24,3,5,102.0,50.0,88.42857142857143,62
2025-05-02,PHC010,MED001,392,103,32.9,29,4,5,62.0,90.0,90.14285714285714,86
2025-05-03,PHC010,MED001,313,97,26.7,19,5,5,86.0,123.0,89.57142857142857,79
2025-05-04,PHC010,MED001,846,121,22.5,27,6,5,79.0,84.0,83.28571428571429,103
2025-05-05,PHC010,MED001,784,87,20.4,26,0,5,103.0,63.0,86.0,62
2025-05-06,PHC010,MED001,699,120,30.7,27,1,5,62.0,107.0,85.85714285714286,85
2025-05-07,PHC010,MED001,623,99,31.8,20,2,5,85.0,102.0,82.71428571428571,76
2025-05-08,PHC010,MED001,568,78,32.3,22,3,5,76.0,62.0,79.0,55
2025-05-09,PHC010,MED001,486,105,26.2,27,4,5,55.0,86.0,78.0,82
2025-05-10,PHC010,MED001,377,115,34.6,27,5,5,82.0,79.0,77.42857142857143,109
2025-05-11,PHC010,MED001,821,109,27.7,18,6,5,109.0,103.0,81.71428571428571,111
2025-05-12,PHC010,MED001,727,109,25.4,21,0,5,111.0,62.0,82.85714285714286,94
2025-05-13,PHC010,MED001,655,99,28.7,20,1,5,94.0,85.0,87.42857142857143,72
2025-05-14,PHC010,MED001,566,107,33.8,37,2,5,72.0,76.0,85.57142857142857,89
2025-05-15,PHC010,MED001,486,103,23.3,23,3,5,89.0,55.0,87.42857142857143,80
2025-05-16,PHC010,MED001,423,85,24.1,16,4,5,80.0,82.0,91.0,63
2025-05-17,PHC010,MED001,674,107,20.1,29,5,5,63.0,109.0,88.28571428571429,114
2025-05-18,PHC010,MED001,524,141,25.1,31,6,5,114.0,111.0,89.0,150
2025-05-19,PHC010,MED001,467,74,25.5,19,0,5,150.0,94.0,94.57142857142857,57
2025-05-20,PHC010,MED001,400,77,26.2,23,1,5,57.0,72.0,89.28571428571429,67
2025-05-21,PHC010,MED001,328,92,34.0,27,2,5,67.0,89.0,88.57142857142857,72
2025-05-22,PHC010,MED001,257,98,28.2,20,3,5,72.0,80.0,86.14285714285714,71
2025-05-23,PHC010,MED001,801,97,22.7,29,4,5,71.0,63.0,84.85714285714286,73
2025-05-24,PHC010,MED001,715,105,31.4,27,5,5,73.0,114.0,86.28571428571429,86
2025-05-25,PHC010,MED001,622,92,22.9,35,6,5,86.0,150.0,82.28571428571429,93
2025-05-26,PHC010,MED001,530,110,34.8,26,0,5,93.0,57.0,74.14285714285714,92
2025-05-27,PHC010,MED001,461,76,28.5,8,1,5,92.0,67.0,79.14285714285714,69
2025-05-28,PHC010,MED001,392,82,30.2,29,2,5,69.0,72.0,79.42857142857143,69
2025-05-29,PHC010,MED001,317,80,23.0,12,3,5,69.0,71.0,79.0,75
2025-05-30,PHC010,MED001,687,100,35.0,21,4,5,75.0,73.0,79.57142857142857,80
2025-05-31,PHC010,MED001,567,108,30.3,21,5,5,80.0,86.0,80.57142857142857,120
2025-06-01,PHC010,MED001,467,113,24.6,25,6,6,120.0,93.0,85.42857142857143,100
2025-06-02,PHC010,MED001,409,80,29.1,22,0,6,100.0,92.0,86.42857142857143,58
2025-06-03,PHC010,MED001,352,84,30.2,29,1,6,58.0,69.0,81.57142857142857,57
2025-06-04,PHC010,MED001,305,82,27.8,18,2,6,57.0,69.0,79.85714285714286,47
2025-06-05,PHC010,MED001,254,92,20.2,22,3,6,47.0,75.0,76.71428571428571,51
2025-06-06,PHC010,MED001,193,84,25.0,26,4,6,51.0,80.0,73.28571428571429,61
2025-06-07,PHC010,MED001,787,101,25.7,22,5,6,61.0,120.0,70.57142857142857,90
2025-06-08,PHC010,MED001,678,114,33.7,25,6,6,90.0,100.0,66.28571428571429,109
2025-06-09,PHC010,MED001,607,106,29.5,28,0,6,109.0,58.0,67.57142857142857,71
2025-06-10,PHC010,MED001,554,84,26.2,29,1,6,71.0,57.0,69.42857142857143,53
2025-06-11,PHC010,MED001,496,87,20.8,20,2,6,53.0,47.0,68.85714285714286,58
2025-06-12,PHC010,MED001,432,86,22.9,16,3,6,58.0,51.0,70.42857142857143,64
2025-06-13,PHC010,MED001,379,84,34.7,14,4,6,64.0,61.0,72.28571428571429,53
2025-06-14,PHC010,MED001,953,101,25.3,26,5,6,53.0,90.0,71.14285714285714,99
2025-06-15,PHC010,MED001,865,103,20.7,25,6,6,99.0,109.0,72.42857142857143,88
2025-06-16,PHC010,MED001,799,80,22.5,24,0,6,88.0,71.0,69.42857142857143,66
2025-06-17,PHC010,MED001,745,80,27.8,19,1,6,66.0,53.0,68.71428571428571,54
2025-06-18,PHC010,MED001,705,52,34.5,15,2,6,54.0,58.0,68.85714285714286,40
2025-06-19,PHC010,MED001,626,105,20.3,29,3,6,40.0,64.0,66.28571428571429,79
2025-06-20,PHC010,MED001,557,94,31.4,35,4,6,79.0,53.0,68.42857142857143,69
2025-06-21,PHC010,MED001,463,89,29.3,33,5,6,69.0,99.0,70.71428571428571,94
2025-06-22,PHC010,MED001,376,95,23.4,31,6,6,94.0,88.0,70.0,87
2025-06-23,PHC010,MED001,302,98,30.4,18,0,6,87.0,66.0,69.85714285714286,74
2025-06-24,PHC010,MED001,896,94,23.7,25,1,6,74.0,54.0,71.0,85
2025-06-25,PHC010,MED001,809,96,28.8,26,2,6,85.0,40.0,75.42857142857143,87
2025-06-26,PHC010,MED001,720,101,31.8,18,3,6,87.0,79.0,82.14285714285714,89
2025-06-27,PHC010,MED001,627,131,29.5,25,4,6,89.0,69.0,83.57142857142857,93
2025-06-28,PHC010,MED001,548,87,21.4,15,5,6,93.0,94.0,87.0,79
2025-06-29,PHC010,MED001,455,100,25.8,26,6,6,79.0,87.0,84.85714285714286,93
2025-01-08,PHC010,MED002,487,71,29.5,14,2,1,77.0,41.0,60.714285714285715,36
2025-01-09,PHC010,MED002,442,78,30.3,23,3,1,36.0,49.0,60.0,45
2025-01-10,PHC010,MED002,383,93,35.0,28,4,1,45.0,58.0,59.42857142857143,59
2025-01-11,PHC010,MED002,324,107,25.6,14,5,1,59.0,68.0,59.57142857142857,59
2025-01-12,PHC010,MED002,948,139,34.1,36,6,1,59.0,73.0,58.285714285714285,111
2025-01-13,PHC010,MED002,895,89,34.9,25,0,1,111.0,59.0,63.714285714285715,53
2025-01-14,PHC010,MED002,853,76,33.7,19,1,1,53.0,77.0,62.857142857142854,42
2025-01-15,PHC010,MED002,806,84,24.6,28,2,1,42.0,36.0,57.857142857142854,47
2025-01-16,PHC010,MED002,755,88,30.7,23,3,1,47.0,45.0,59.42857142857143,51
2025-01-17,PHC010,MED002,706,91,27.2,22,4,1,51.0,59.0,60.285714285714285,49
2025-01-18,PHC010,MED002,633,105,20.7,29,5,1,49.0,59.0,58.857142857142854,73
2025-01-19,PHC010,MED002,539,111,30.8,43,6,1,73.0,111.0,60.857142857142854,94
2025-01-20,PHC010,MED002,484,95,29.4,26,0,1,94.0,53.0,58.42857142857143,55
2025-01-21,PHC010,MED002,429,87,32.6,20,1,1,55.0,42.0,58.714285714285715,55
2025-01-22,PHC010,MED002,367,106,32.9,26,2,1,55.0,47.0,60.57142857142857,62
2025-01-23,PHC010,MED002,302,101,24.0,22,3,1,62.0,51.0,62.714285714285715,65
2025-01-24,PHC010,MED002,254,98,22.8,21,4,1,65.0,49.0,64.71428571428571,48
2025-01-25,PHC010,MED002,518,99,22.2,25,5,1,48.0,73.0,64.57142857142857,81
2025-01-26,PHC010,MED002,456,85,27.0,21,6,1,81.0,94.0,65.71428571428571,62
2025-01-27,PHC010,MED002,400,86,27.9,24,0,1,62.0,55.0,61.142857142857146,56
2025-01-28,PHC010,MED002,351,88,20.4,26,1,1,56.0,55.0,61.285714285714285,49
2025-01-29,PHC010,MED002,285,93,26.7,21,2,1,49.0,62.0,60.42857142857143,66
2025-01-30,PHC010,MED002,218,111,32.4,33,3,1,66.0,65.0,61.0,67
2025-01-31,PHC010,MED002,175,70,34.3,15,4,1,67.0,48.0,61.285714285714285,43
2025-02-01,PHC010,MED002,783,108,33.1,24,5,2,43.0,81.0,60.57142857142857,78
2025-02-02,PHC010,MED002,707,115,31.7,33,6,2,78.0,62.0,60.142857142857146,76
2025-02-03,PHC010,MED002,654,97,30.3,22,0,2,76.0,56.0,62.142857142857146,53
2025-02-04,PHC010,MED002,577,106,29.6,24,1,2,53.0,49.0,61.714285714285715,77
2025-02-05,PHC010,MED002,520,99,21.2,33,2,2,77.0,66.0,65.71428571428571,57
2025-02-06,PHC010,MED002,484,68,20.9,15,3,2,57.0,67.0,64.42857142857143,36
2025-02-07,PHC010,MED002,423,107,23.9,26,4,2,36.0,43.0,60.0,61
2025-02-08,PHC010,MED002,360,99,26.2,30,5,2,61.0,78.0,62.57142857142857,63
2025-02-09,PHC010,MED002,298,108,26.5,28,6,2,63.0,76.0,60.42857142857143,62
2025-02-10,PHC010,MED002,249,90,20.1,21,0,2,62.0,53.0,58.42857142857143,49
2025-02-11,PHC010,MED002,199,84,24.1,26,1,2,49.0,77.0,57.857142857142854,50
2025-02-12,PHC010,MED002,903,92,34.0,24,2,2,50.0,57.0,54.0,54
2025-02-13,PHC010,MED002,840,107,22.5,32,3,2,54.0,36.0,53.57142857142857,63
2025-02-14,PHC010,MED002,779,104,34.7,32,4,2,63.0,61.0,57.42857142857143,61
2025-02-15,PHC010,MED002,694,132,21.8,26,5,2,61.0,63.0,57.42857142857143,85
2025-02-16,PHC010,MED002,632,95,22.0,13,6,2,85.0,62.0,60.57142857142857,62
2025-02-17,PHC010,MED002,563,98,23.8,29,0,2,62.0,49.0,60.57142857142857,69
2025-02-18,PHC010,MED002,500,85,25.8,22,1,2,69.0,50.0,63.42857142857143,63
2025-02-19,PHC010,MED002,445,99,22.7,20,2,2,63.0,54.0,65.28571428571429,55
2025-02-20,PHC010,MED002,394,106,21.0,27,3,2,55.0,63.0,65.42857142857143,51
2025-02-21,PHC010,MED002,318,98,32.0,22,4,2,51.0,61.0,63.714285714285715,76
2025-02-22,PHC010,MED002,247,104,30.0,20,5,2,76.0,85.0,65.85714285714286,71
2025-02-23,PHC010,MED002,734,121,26.5,32,6,2,71.0,62.0,63.857142857142854,74
2025-02-24,PHC010,MED002,691,59,29.5,10,0,2,74.0,69.0,65.57142857142857,43
2025-02-25,PHC010,MED002,630,110,20.8,28,1,2,43.0,63.0,61.857142857142854,61
2025-02-26,PHC010,MED002,577,92,24.6,16,2,2,61.0,55.0,61.57142857142857,53
2025-02-27,PHC010,MED002,511,115,29.9,34,3,2,53.0,51.0,61.285714285714285,66
2025-02-28,PHC010,MED002,434,97,21.9,25,4,2,66.0,76.0,63.42857142857143,77
2025-03-01,PHC010,MED002,339,107,30.5,25,5,3,77.0,71.0,63.57142857142857,95
2025-03-02,PHC010,MED002,287,84,27.0,21,6,3,95.0,74.0,67.0,52
2025-03-03,PHC010,MED002,236,96,28.5,25,0,3,52.0,43.0,63.857142857142854,51
2025-03-04,PHC010,MED002,182,93,20.6,21,1,3,51.0,61.0,65.0,54
2025-03-05,PHC010,MED002,670,99,34.0,20,2,3,54.0,53.0,64.0,59
2025-03-06,PHC010,MED002,608,105,32.0,22,3,3,59.0,66.0,64.85714285714286,62
2025-03-07,PHC010,MED002,551,100,30.6,25,4,3,62.0,77.0,64.28571428571429,57
2025-03-08,PHC010,MED002,479,101,26.8,28,5,3,57.0,95.0,61.42857142857143,72
2025-03-09,PHC010,MED002,421,96,22.8,21,6,3,72.0,52.0,58.142857142857146,58
2025-03-10,PHC010,MED002,370,106,25.3,32,0,3,58.0,51.0,59.0,51
2025-03-11,PHC010,MED002,325,81,28.3,14,1,3,51.0,54.0,59.0,45
2025-03-12,PHC010,MED002,266,96,27.5,19,2,3,45.0,59.0,57.714285714285715,59
2025-03-13,PHC010,MED002,604,108,34.2,30,3,3,59.0,62.0,57.714285714285715,72
2025-03-14,PHC010,MED002,556,84,27.1,17,4,3,72.0,57.0,59.142857142857146,48
2025-03-15,PHC010,MED002,492,105,33.4,25,5,3,48.0,72.0,57.857142857142854,64
2025-03-16,PHC010,MED002,440,93,26.0,19,6,3,64.0,58.0,56.714285714285715,52
2025-03-17,PHC010,MED002,385,104,25.8,27,0,3,52.0,51.0,55.857142857142854,55
2025-03-18,PHC010,MED002,337,82,30.2,19,1,3,55.0,45.0,56.42857142857143,48
2025-03-19,PHC010,MED002,258,113,31.9,24,2,3,48.0,59.0,56.857142857142854,79
2025-03-20,PHC010,MED002,218,80,29.0,26,3,3,79.0,72.0,59.714285714285715,40
2025-03-21,PHC010,MED002,172,87,31.8,19,4,3,40.0,48.0,55.142857142857146,46
2025-03-22,PHC010,MED002,820,114,34.6,31,5,3,46.0,64.0,54.857142857142854,90
2025-03-23,PHC010,MED002,760,86,25.9,21,6,3,90.0,52.0,58.57142857142857,60
2025-03-24,PHC010,MED002,692,109,26.2,35,0,3,60.0,55.0,59.714285714285715,68
2025-03-25,PHC010,MED002,627,105,33.2,29,1,3,68.0,48.0,61.57142857142857,65
2025-03-26,PHC010,MED002,546,106,22.9,29,2,3,65.0,79.0,64.0,81
2025-03-27,PHC010,MED002,499,64,23.2,20,3,3,81.0,40.0,64.28571428571429,47
2025-03-28,PHC010,MED002,431,108,28.3,35,4,3,47.0,46.0,65.28571428571429,68
2025-03-29,PHC010,MED002,347,117,24.1,28,5,3,68.0,90.0,68.42857142857143,84
2025-03-30,PHC010,MED002,274,90,21.8,29,6,3,84.0,60.0,67.57142857142857,73
2025-03-31,PHC010,MED002,220,81,24.4,18,0,3,73.0,68.0,69.42857142857143,54
2025-04-01,PHC010,MED002,167,97,27.0,25,1,4,54.0,65.0,67.42857142857143,53
2025-04-02,PHC010,MED002,541,113,27.2,26,2,4,53.0,81.0,65.71428571428571,73
2025-04-03,PHC010,MED002,487,107,29.5,34,3,4,73.0,47.0,64.57142857142857,54
2025-04-04,PHC010,MED002,444,91,25.7,28,4,4,54.0,68.0,65.57142857142857,43
2025-04-05,PHC010,MED002,397,75,21.1,18,5,4,43.0,84.0,62.0,47
2025-04-06,PHC010,MED002,334,102,27.4,28,6,4,47.0,73.0,56.714285714285715,63
2025-04-07,PHC010,MED002,296,69,29.9,10,0,4,63.0,54.0,55.285714285714285,38
2025-04-08,PHC010,MED002,248,113,22.6,39,1,4,38.0,53.0,53.0,48
2025-04-09,PHC010,MED002,193,84,23.2,22,2,4,48.0,73.0,52.285714285714285,55
2025-04-10,PHC010,MED002,150,82,29.7,24,3,4,55.0,54.0,49.714285714285715,43
2025-04-11,PHC010,MED002,448,99,32.8,20,4,4,43.0,43.0,48.142857142857146,63
2025-04-12,PHC010,MED002,348,112,29.8,27,5,4,63.0,47.0,51.0,100
2025-04-13,PHC010,MED002,270,111,24.2,24,6,4,100.0,63.0,58.57142857142857,78
2025-04-14,PHC010,MED002,224,87,25.1,20,0,4,78.0,38.0,60.714285714285715,46
2025-04-15,PHC010,MED002,189,63,22.6,18,1,4,46.0,48.0,61.857142857142854,35
2025-04-16,PHC010,MED002,552,102,21.4,32,2,4,35.0,55.0,60.0,65
2025-04-17,PHC010,MED002,504,83,34.3,23,3,4,65.0,43.0,61.42857142857143,48
2025-04-18,PHC010,MED002,473,75,34.1,12,4,4,48.0,63.0,62.142857142857146,31
2025-04-19,PHC010,MED002,418,99,34.8,32,5,4,31.0,100.0,57.57142857142857,55
2025-04-20,PHC010,MED002,363,82,26.3,19,6,4,55.0,78.0,51.142857142857146,55
2025-04-21,PHC010,MED002,317,93,30.9,18,0,4,55.0,46.0,47.857142857142854,46
2025-04-22,PHC010,MED002,253,114,26.7,25,1,4,46.0,35.0,47.857142857142854,64
2025-04-23,PHC010,MED002,195,91,32.2,24,2,4,64.0,65.0,52.0,58
2025-04-24,PHC010,MED002,155,68,34.3,11,3,4,58.0,48.0,51.0,40
2025-04-25,PHC010,MED002,620,83,20.1,17,4,4,40.0,31.0,49.857142857142854,59
2025-04-26,PHC010,MED002,530,120,21.5,35,5,4,59.0,55.0,53.857142857142854,90
2025-04-27,PHC010,MED002,443,118,22.1,26,6,4,90.0,55.0,58.857142857142854,87
2025-04-28,PHC010,MED002,382,93,31.4,33,0,4,87.0,46.0,63.42857142857143,61
2025-04-29,PHC010,MED002,305,110,22.5,40,1,4,61.0,64.0,65.57142857142857,77
2025-04-30,PHC010,MED002,243,84,32.9,6,2,4,77.0,58.0,67.42857142857143,62
2025-05-01,PHC010,MED002,929,114,21.7,26,3,5,62.0,40.0,68.0,68
2025-05-02,PHC010,MED002,861,110,29.3,34,4,5,68.0,59.0,72.0,68
2025-05-03,PHC010,MED002,804,103,32.8,30,5,5,68.0,90.0,73.28571428571429,57
2025-05-04,PHC010,MED002,754,90,31.3,15,6,5,57.0,87.0,68.57142857142857,50
2025-05-05,PHC010,MED002,712,64,22.5,18,0,5,50.0,61.0,63.285714285714285,42
2025-05-06,PHC010,MED002,660,84,24.0,20,1,5,42.0,77.0,60.57142857142857,52
2025-05-07,PHC010,MED002,605,93,27.1,24,2,5,52.0,62.0,57.0,55
2025-05-08,PHC010,MED002,563,86,26.3,19,3,5,55.0,68.0,56.0,42
2025-05-09,PHC010,MED002,525,91,25.5,18,4,5,42.0,68.0,52.285714285714285,38
2025-05-10,PHC010,MED002,447,103,33.0,22,5,5,38.0,57.0,48.0,78
2025-05-11,PHC010,MED002,381,102,29.9,38,6,5,78.0,50.0,51.0,66
2025-05-12,PHC010,MED002,339,84,31.5,21,0,5,66.0,42.0,53.285714285714285,42
2025-05-13,PHC010,MED002,299,73,20.4,18,1,5,42.0,52.0,53.285714285714285,40
2025-05-14,PHC010,MED002,233,109,29.6,18,2,5,40.0,55.0,51.57142857142857,66
2025-05-15,PHC010,MED002,789,99,26.7,21,3,5,66.0,42.0,53.142857142857146,64
2025-05-16,PHC010,MED002,730,95,23.3,27,4,5,64.0,38.0,56.285714285714285,59
2025-05-17,PHC010,MED002,653,104,21.6,33,5,5,59.0,78.0,59.285714285714285,77
2025-05-18,PHC010,MED002,589,108,34.6,30,6,5,77.0,66.0,59.142857142857146,64
2025-05-19,PHC010,MED002,537,79,31.1,27,0,5,64.0,42.0,58.857142857142854,52
2025-05-20,PHC010,MED002,498,80,29.3,20,1,5,52.0,40.0,60.285714285714285,39
2025-05-21,PHC010,MED002,437,109,20.2,26,2,5,39.0,66.0,60.142857142857146,61
2025-05-22,PHC010,MED002,379,86,33.8,19,3,5,61.0,64.0,59.42857142857143,58
2025-05-23,PHC010,MED002,311,111,32.7,28,4,5,58.0,59.0,58.57142857142857,68
2025-05-24,PHC010,MED002,237,101,25.8,28,5,5,68.0,77.0,59.857142857142854,74
2025-05-25,PHC010,MED002,479,100,32.6,20,6,5,74.0,64.0,59.42857142857143,69
2025-05-26,PHC010,MED002,421,100,24.2,26,0,5,69.0,52.0,60.142857142857146,58
2025-05-27,PHC010,MED002,365,89,25.2,21,1,5,58.0,39.0,61.0,56
2025-05-28,PHC010,MED002,316,73,25.0,16,2,5,56.0,61.0,63.42857142857143,49
2025-05-29,PHC010,MED002,266,100,27.1,18,3,5,49.0,58.0,61.714285714285715,50
2025-05-30,PHC010,MED002,206,100,26.7,23,4,5,50.0,68.0,60.57142857142857,60
2025-05-31,PHC010,MED002,876,134,33.9,26,5,5,60.0,74.0,59.42857142857143,88
2025-06-01,PHC010,MED002,801,94,23.8,25,6,6,88.0,69.0,61.42857142857143,75
2025-06-02,PHC010,MED002,739,104,25.3,17,0,6,75.0,58.0,62.285714285714285,62
2025-06-03,PHC010,MED002,687,89,25.0,24,1,6,62.0,56.0,62.857142857142854,52
2025-06-04,PHC010,MED002,639,101,24.4,19,2,6,52.0,49.0,62.285714285714285,48
2025-06-05,PHC010,MED002,585,99,27.4,23,3,6,48.0,50.0,62.142857142857146,54
2025-06-06,PHC010,MED002,545,89,22.4,24,4,6,54.0,60.0,62.714285714285715,40
2025-06-07,PHC010,MED002,479,111,28.4,33,5,6,40.0,88.0,59.857142857142854,66
2025-06-08,PHC010,MED002,397,111,24.9,12,6,6,66.0,75.0,56.714285714285715,82
2025-06-09,PHC010,MED002,326,116,33.1,25,0,6,82.0,62.0,57.714285714285715,71
2025-06-10,PHC010,MED002,256,112,20.8,26,1,6,71.0,52.0,59.0,70
2025-06-11,PHC010,MED002,200,97,26.6,20,2,6,70.0,48.0,61.57142857142857,56
2025-06-12,PHC010,MED002,507,104,21.3,27,3,6,56.0,54.0,62.714285714285715,58
2025-06-13,PHC010,MED002,448,91,31.1,21,4,6,58.0,40.0,63.285714285714285,59
2025-06-14,PHC010,MED002,387,95,32.6,24,5,6,59.0,66.0,66.0,61
2025-06-15,PHC010,MED002,316,106,29.1,33,6,6,61.0,82.0,65.28571428571429,71
2025-06-16,PHC010,MED002,279,70,25.0,18,0,6,71.0,71.0,63.714285714285715,37
2025-06-17,PHC010,MED002,221,83,31.2,17,1,6,37.0,70.0,58.857142857142854,58
2025-06-18,PHC010,MED002,554,99,25.3,24,2,6,58.0,56.0,57.142857142857146,71
2025-06-19,PHC010,MED002,489,97,21.0,23,3,6,71.0,58.0,59.285714285714285,65
2025-06-20,PHC010,MED002,440,78,22.8,15,4,6,65.0,59.0,60.285714285714285,49
2025-06-21,PHC010,MED002,355,115,29.0,25,5,6,49.0,61.0,58.857142857142854,85
2025-06-22,PHC010,MED002,269,118,30.4,23,6,6,85.0,71.0,62.285714285714285,86
2025-06-23,PHC010,MED002,213,95,21.3,25,0,6,86.0,37.0,64.42857142857143,56
2025-06-24,PHC010,MED002,857,104,34.9,22,1,6,56.0,58.0,67.14285714285714,67
2025-06-25,PHC010,MED002,787,120,32.2,29,2,6,67.0,71.0,68.42857142857143,70
2025-06-26,PHC010,MED002,731,92,29.8,25,3,6,70.0,65.0,68.28571428571429,56
2025-06-27,PHC010,MED002,663,115,22.7,29,4,6,56.0,49.0,67.0,68
2025-06-28,PHC010,MED002,569,128,23.0,32,5,6,68.0,85.0,69.71428571428571,94
2025-06-29,PHC010,MED002,475,140,30.3,27,6,6,94.0,86.0,71.0,94
2025-01-08,PHC010,MED003,217,110,23.5,23,2,1,44.0,42.0,43.714285714285715,45
2025-01-09,PHC010,MED003,167,113,31.3,30,3,1,45.0,34.0,44.142857142857146,50
2025-01-10,PHC010,MED003,131,104,23.1,20,4,1,50.0,30.0,46.42857142857143,36
2025-01-11,PHC010,MED003,771,89,24.7,9,5,1,36.0,54.0,47.285714285714285,42
2025-01-12,PHC010,MED003,729,97,22.1,25,6,1,42.0,62.0,45.57142857142857,42
2025-01-13,PHC010,MED003,693,93,32.0,28,0,1,42.0,40.0,42.714285714285715,36
2025-01-14,PHC010,MED003,647,100,29.5,24,1,1,36.0,44.0,42.142857142857146,46
2025-01-15,PHC010,MED003,604,113,24.6,34,2,1,46.0,45.0,42.42857142857143,43
2025-01-16,PHC010,MED003,556,93,34.7,32,3,1,43.0,50.0,42.142857142857146,48
2025-01-17,PHC010,MED003,498,112,23.7,26,4,1,48.0,36.0,41.857142857142854,58
2025-01-18,PHC010,MED003,440,106,33.4,16,5,1,58.0,42.0,45.0,58
2025-01-19,PHC010,MED003,380,103,28.7,26,6,1,58.0,42.0,47.285714285714285,60
2025-01-20,PHC010,MED003,346,100,25.2,30,0,1,60.0,36.0,49.857142857142854,34
2025-01-21,PHC010,MED003,306,89,31.1,19,1,1,34.0,46.0,49.57142857142857,40
2025-01-22,PHC010,MED003,274,79,31.5,15,2,1,40.0,43.0,48.714285714285715,32
2025-01-23,PHC010,MED003,237,103,28.1,31,3,1,32.0,48.0,47.142857142857146,37
2025-01-24,PHC010,MED003,199,88,30.0,20,4,1,37.0,58.0,45.57142857142857,38
2025-01-25,PHC010,MED003,477,117,34.4,23,5,1,38.0,58.0,42.714285714285715,64
2025-01-26,PHC010,MED003,421,95,29.4,17,6,1,64.0,60.0,43.57142857142857,56
2025-01-27,PHC010,MED003,373,115,28.8,31,0,1,56.0,34.0,43.0,48
2025-01-28,PHC010,MED003,323,119,24.5,27,1,1,48.0,40.0,45.0,50
2025-01-29,PHC010,MED003,282,93,23.6,27,2,1,50.0,32.0,46.42857142857143,41
2025-01-30,PHC010,MED003,238,92,24.5,27,3,1,41.0,37.0,47.714285714285715,44
2025-01-31,PHC010,MED003,198,110,32.8,35,4,1,44.0,38.0,48.714285714285715,40
2025-02-01,PHC010,MED003,847,105,33.4,23,5,2,40.0,64.0,49.0,54
2025-02-02,PHC010,MED003,791,126,31.4,34,6,2,54.0,56.0,47.57142857142857,56
2025-02-03,PHC010,MED003,753,85,24.5,31,0,2,56.0,48.0,47.57142857142857,38
2025-02-04,PHC010,MED003,717,89,34.0,22,1,2,38.0,50.0,46.142857142857146,36
2025-02-05,PHC010,MED003,681,84,34.3,12,2,2,36.0,41.0,44.142857142857146,36
2025-02-06,PHC010,MED003,633,114,33.6,23,3,2,36.0,44.0,43.42857142857143,48
2025-02-07,PHC010,MED003,601,89,26.9,19,4,2,48.0,40.0,44.0,32
2025-02-08,PHC010,MED003,546,111,29.5,26,5,2,32.0,54.0,42.857142857142854,55
2025-02-09,PHC010,MED003,475,131,21.6,26,6,2,55.0,56.0,43.0,71
2025-02-10,PHC010,MED003,435,111,20.2,32,0,2,71.0,38.0,45.142857142857146,40
2025-02-11,PHC010,MED003,402,95,25.8,26,1,2,40.0,36.0,45.42857142857143,33
2025-02-12,PHC010,MED003,366,91,32.6,28,2,2,33.0,36.0,45.0,36
2025-02-13,PHC010,MED003,320,94,33.8,26,3,2,36.0,48.0,45.0,46
2025-02-14,PHC010,MED003,269,115,31.4,21,4,2,46.0,32.0,44.714285714285715,51
2025-02-15,PHC010,MED003,227,90,21.4,26,5,2,51.0,55.0,47.42857142857143,42
2025-02-16,PHC010,MED003,186,104,33.6,27,6,2,42.0,71.0,45.57142857142857,41
2025-02-17,PHC010,MED003,786,116,27.0,33,0,2,41.0,40.0,41.285714285714285,54
2025-02-18,PHC010,MED003,747,80,30.2,28,1,2,54.0,33.0,43.285714285714285,39
2025-02-19,PHC010,MED003,705,101,24.5,19,2,2,39.0,36.0,44.142857142857146,42
2025-02-20,PHC010,MED003,658,104,34.0,26,3,2,42.0,46.0,45.0,47
2025-02-21,PHC010,MED003,615,105,33.2,23,4,2,47.0,51.0,45.142857142857146,43
2025-02-22,PHC010,MED003,561,98,21.7,31,5,2,43.0,42.0,44.0,54
2025-02-23,PHC010,MED003,512,102,22.8,21,6,2,54.0,41.0,45.714285714285715,49
2025-02-24,PHC010,MED003,466,115,34.0,36,0,2,49.0,54.0,46.857142857142854,46
2025-02-25,PHC010,MED003,426,92,21.9,21,1,2,46.0,39.0,45.714285714285715,40
2025-02-26,PHC010,MED003,385,114,26.4,26,2,2,40.0,42.0,45.857142857142854,41
2025-02-27,PHC010,MED003,352,81,31.4,25,3,2,41.0,47.0,45.714285714285715,33
2025-02-28,PHC010,MED003,310,108,28.3,22,4,2,33.0,43.0,43.714285714285715,42
2025-03-01,PHC010,MED003,263,104,34.9,29,5,3,42.0,54.0,43.57142857142857,47
2025-03-02,PHC010,MED003,211,107,26.4,24,6,3,47.0,49.0,42.57142857142857,52
2025-03-03,PHC010,MED003,166,107,30.6,25,0,3,52.0,46.0,43.0,45
2025-03-04,PHC010,MED003,135,70,34.8,24,1,3,45.0,40.0,42.857142857142854,31
2025-03-05,PHC010,MED003,511,106,23.8,24,2,3,31.0,41.0,41.57142857142857,44
2025-03-06,PHC010,MED003,478,101,27.2,25,3,3,44.0,33.0,42.0,33
2025-03-07,PHC010,MED003,433,112,25.9,28,4,3,33.0,42.0,42.0,45
2025-03-08,PHC010,MED003,361,132,21.4,31,5,3,45.0,47.0,42.42857142857143,72
2025-03-09,PHC010,MED003,305,81,29.8,20,6,3,72.0,52.0,46.0,56
2025-03-10,PHC010,MED003,261,101,25.2,21,0,3,56.0,45.0,46.57142857142857,44
2025-03-11,PHC010,MED003,224,92,20.2,23,1,3,44.0,31.0,46.42857142857143,37
2025-03-12,PHC010,MED003,182,99,23.1,29,2,3,37.0,44.0,47.285714285714285,42
2025-03-13,PHC010,MED003,145,76,24.3,14,3,3,42.0,33.0,47.0,37
2025-03-14,PHC010,MED003,404,95,32.0,17,4,3,37.0,45.0,47.57142857142857,45
2025-03-15,PHC010,MED003,359,108,23.3,31,5,3,45.0,72.0,47.57142857142857,45
2025-03-16,PHC010,MED003,305,107,20.3,21,6,3,45.0,56.0,43.714285714285715,54
2025-03-17,PHC010,MED003,271,81,24.6,12,0,3,54.0,44.0,43.42857142857143,34
2025-03-18,PHC010,MED003,236,88,31.2,17,1,3,34.0,37.0,42.0,35
2025-03-19,PHC010,MED003,180,114,26.2,29,2,3,35.0,42.0,41.714285714285715,56
2025-03-20,PHC010,MED003,927,107,31.3,30,3,3,56.0,37.0,43.714285714285715,52
2025-03-21,PHC010,MED003,887,94,26.4,16,4,3,52.0,45.0,45.857142857142854,40
2025-03-22,PHC010,MED003,848,118,28.7,22,5,3,40.0,45.0,45.142857142857146,39
2025-03-23,PHC010,MED003,795,106,28.4,33,6,3,39.0,54.0,44.285714285714285,53
2025-03-24,PHC010,MED003,748,100,30.0,31,0,3,53.0,34.0,44.142857142857146,47
2025-03-25,PHC010,MED003,707,96,31.4,22,1,3,47.0,35.0,46.0,41
2025-03-26,PHC010,MED003,672,67,20.5,18,2,3,41.0,56.0,46.857142857142854,35
2025-03-27,PHC010,MED003,631,85,25.9,16,3,3,35.0,52.0,43.857142857142854,41
2025-03-28,PHC010,MED003,597,90,27.2,15,4,3,41.0,40.0,42.285714285714285,34
2025-03-29,PHC010,MED003,527,107,24.9,33,5,3,34.0,39.0,41.42857142857143,70
2025-03-30,PHC010,MED003,471,94,22.9,23,6,3,70.0,53.0,45.857142857142854,56
2025-03-31,PHC010,MED003,428,91,30.0,25,0,3,56.0,47.0,46.285714285714285,43
2025-04-01,PHC010,MED003,396,85,32.5,36,1,4,43.0,41.0,45.714285714285715,32
2025-04-02,PHC010,MED003,359,94,31.1,21,2,4,32.0,35.0,44.42857142857143,37
2025-04-03,PHC010,MED003,326,89,23.8,19,3,4,37.0,41.0,44.714285714285715,33
2025-04-04,PHC010,MED003,273,118,26.2,22,4,4,33.0,34.0,43.57142857142857,53
2025-04-05,PHC010,MED003,211,117,25.1,23,5,4,53.0,70.0,46.285714285714285,62
2025-04-06,PHC010,MED003,173,82,26.0,20,6,4,62.0,56.0,45.142857142857146,38
2025-04-07,PHC010,MED003,632,88,31.8,22,0,4,38.0,43.0,42.57142857142857,44
2025-04-08,PHC010,MED003,579,114,32.8,26,1,4,44.0,32.0,42.714285714285715,53
2025-04-09,PHC010,MED003,546,88,21.1,28,2,4,53.0,37.0,45.714285714285715,33
2025-04-10,PHC010,MED003,501,115,27.6,23,3,4,33.0,33.0,45.142857142857146,45
2025-04-11,PHC010,MED003,446,120,33.6,23,4,4,45.0,53.0,46.857142857142854,55
2025-04-12,PHC010,MED003,394,111,26.2,23,5,4,55.0,62.0,47.142857142857146,52
2025-04-13,PHC010,MED003,350,97,30.9,22,6,4,52.0,38.0,45.714285714285715,44
2025-04-14,PHC010,MED003,303,101,27.6,21,0,4,44.0,44.0,46.57142857142857,47
2025-04-15,PHC010,MED003,243,131,30.5,32,1,4,47.0,53.0,47.0,60
2025-04-16,PHC010,MED003,214,79,29.8,23,2,4,60.0,33.0,48.0,29
2025-04-17,PHC010,MED003,166,88,32.2,15,3,4,29.0,45.0,47.42857142857143,48
2025-04-18,PHC010,MED003,138,69,24.0,11,4,4,48.0,55.0,47.857142857142854,28
2025-04-19,PHC010,MED003,541,109,32.8,24,5,4,28.0,52.0,44.0,60
2025-04-20,PHC010,MED003,495,85,34.8,12,6,4,60.0,44.0,45.142857142857146,46
2025-04-21,PHC010,MED003,446,97,33.2,22,0,4,46.0,47.0,45.42857142857143,49
2025-04-22,PHC010,MED003,406,84,20.2,14,1,4,49.0,60.0,45.714285714285715,40
2025-04-23,PHC010,MED003,358,91,20.5,12,2,4,40.0,29.0,42.857142857142854,48
2025-04-24,PHC010,MED003,330,75,30.8,16,3,4,48.0,48.0,45.57142857142857,28
2025-04-25,PHC010,MED003,286,93,22.1,17,4,4,28.0,28.0,42.714285714285715,44
2025-04-26,PHC010,MED003,220,130,25.5,41,5,4,44.0,60.0,45.0,66
2025-04-27,PHC010,MED003,744,126,22.8,28,6,4,66.0,46.0,45.857142857142854,72
2025-04-28,PHC010,MED003,717,62,29.6,15,0,4,72.0,49.0,49.57142857142857,27
2025-04-29,PHC010,MED003,670,108,28.4,27,1,4,27.0,40.0,46.42857142857143,47
2025-04-30,PHC010,MED003,621,103,28.0,31,2,4,47.0,48.0,47.42857142857143,49
2025-05-01,PHC010,MED003,567,110,20.0,27,3,5,49.0,28.0,47.57142857142857,54
2025-05-02,PHC010,MED003,525,118,30.7,38,4,5,54.0,44.0,51.285714285714285,42
2025-05-03,PHC010,MED003,477,89,34.2,20,5,5,42.0,66.0,51.0,48
2025-05-04,PHC010,MED003,418,129,32.8,27,6,5,48.0,72.0,48.42857142857143,59
2025-05-05,PHC010,MED003,376,84,22.5,22,0,5,59.0,27.0,46.57142857142857,42
2025-05-06,PHC010,MED003,327,96,27.5,25,1,5,42.0,47.0,48.714285714285715,49
2025-05-07,PHC010,MED003,273,108,26.3,26,2,5,49.0,49.0,49.0,54
2025-05-08,PHC010,MED003,236,94,25.2,16,3,5,54.0,54.0,49.714285714285715,37
2025-05-09,PHC010,MED003,195,86,32.1,17,4,5,37.0,42.0,47.285714285714285,41
2025-05-10,PHC010,MED003,157,83,20.5,15,5,5,41.0,48.0,47.142857142857146,38
2025-05-11,PHC010,MED003,775,106,23.0,35,6,5,38.0,59.0,45.714285714285715,53
2025-05-12,PHC010,MED003,733,108,31.1,21,0,5,53.0,42.0,44.857142857142854,42
2025-05-13,PHC010,MED003,706,69,33.4,29,1,5,42.0,49.0,44.857142857142854,27
2025-05-14,PHC010,MED003,673,79,20.8,27,2,5,27.0,54.0,41.714285714285715,33
2025-05-15,PHC010,MED003,637,70,26.4,27,3,5,33.0,37.0,38.714285714285715,36
2025-05-16,PHC010,MED003,572,114,22.0,21,4,5,36.0,41.0,38.57142857142857,65
2025-05-17,PHC010,MED003,526,100,32.6,23,5,5,65.0,38.0,42.0,46
2025-05-18,PHC010,MED003,469,114,33.4,37,6,5,46.0,53.0,43.142857142857146,57
2025-05-19,PHC010,MED003,434,86,27.7,15,0,5,57.0,42.0,43.714285714285715,35
2025-05-20,PHC010,MED003,386,121,32.5,31,1,5,35.0,27.0,42.714285714285715,48
2025-05-21,PHC010,MED003,349,80,31.0,16,2,5,48.0,33.0,45.714285714285715,37
2025-05-22,PHC010,MED003,307,95,33.3,22,3,5,37.0,36.0,46.285714285714285,42
2025-05-23,PHC010,MED003,263,103,27.6,26,4,5,42.0,65.0,47.142857142857146,44
2025-05-24,PHC010,MED003,206,121,29.5,37,5,5,44.0,46.0,44.142857142857146,57
2025-05-25,PHC010,MED003,744,106,32.7,22,6,5,57.0,57.0,45.714285714285715,55
2025-05-26,PHC010,MED003,707,83,29.1,19,0,5,55.0,35.0,45.42857142857143,37
2025-05-27,PHC010,MED003,657,99,28.0,26,1,5,37.0,48.0,45.714285714285715,50
2025-05-28,PHC010,MED003,615,89,21.6,25,2,5,50.0,37.0,46.0,42
2025-05-29,PHC010,MED003,571,107,21.9,25,3,5,42.0,42.0,46.714285714285715,44
2025-05-30,PHC010,MED003,542,75,25.4,14,4,5,44.0,44.0,47.0,29
2025-05-31,PHC010,MED003,490,113,33.5,29,5,5,29.0,57.0,44.857142857142854,52
2025-06-01,PHC010,MED003,438,99,31.2,22,6,6,52.0,55.0,44.142857142857146,52
2025-06-02,PHC010,MED003,400,85,28.7,19,0,6,52.0,37.0,43.714285714285715,38
2025-06-03,PHC010,MED003,362,97,31.1,17,1,6,38.0,50.0,43.857142857142854,38
2025-06-04,PHC010,MED003,331,73,23.4,13,2,6,38.0,42.0,42.142857142857146,31
2025-06-05,PHC010,MED003,297,82,26.3,15,3,6,31.0,44.0,40.57142857142857,34
2025-06-06,PHC010,MED003,274,65,20.5,18,4,6,34.0,29.0,39.142857142857146,23
2025-06-07,PHC010,MED003,237,87,34.1,25,5,6,23.0,52.0,38.285714285714285,37
2025-06-08,PHC010,MED003,478,130,33.4,26,6,6,37.0,52.0,36.142857142857146,67
2025-06-09,PHC010,MED003,453,66,32.3,12,0,6,67.0,38.0,38.285714285714285,25
2025-06-10,PHC010,MED003,419,83,26.9,21,1,6,25.0,38.0,36.42857142857143,34
2025-06-11,PHC010,MED003,362,116,27.7,31,2,6,34.0,31.0,35.857142857142854,57
2025-06-12,PHC010,MED003,328,86,31.3,23,3,6,57.0,34.0,39.57142857142857,34
2025-06-13,PHC010,MED003,301,75,30.6,25,4,6,34.0,23.0,39.57142857142857,27
2025-06-14,PHC010,MED003,241,118,23.6,37,5,6,27.0,37.0,40.142857142857146,60
2025-06-15,PHC010,MED003,757,109,28.4,35,6,6,60.0,67.0,43.42857142857143,66
2025-06-16,PHC010,MED003,711,89,32.4,25,0,6,66.0,25.0,43.285714285714285,46
2025-06-17,PHC010,MED003,663,110,26.6,25,1,6,46.0,34.0,46.285714285714285,48
2025-06-18,PHC010,MED003,643,66,27.4,19,2,6,48.0,57.0,48.285714285714285,20
2025-06-19,PHC010,MED003,619,69,28.4,19,3,6,20.0,34.0,43.0,24
2025-06-20,PHC010,MED003,584,73,33.1,12,4,6,24.0,27.0,41.57142857142857,35
2025-06-21,PHC010,MED003,531,111,24.8,42,5,6,35.0,60.0,42.714285714285715,53
2025-06-22,PHC010,MED003,477,104,27.6,26,6,6,53.0,66.0,41.714285714285715,54
2025-06-23,PHC010,MED003,440,84,26.3,20,0,6,54.0,46.0,40.0,37
2025-06-24,PHC010,MED003,409,81,27.2,24,1,6,37.0,48.0,38.714285714285715,31
2025-06-25,PHC010,MED003,366,81,29.9,19,2,6,31.0,20.0,36.285714285714285,43
2025-06-26,PHC010,MED003,324,99,31.3,28,3,6,43.0,24.0,39.57142857142857,42
2025-06-27,PHC010,MED003,277,95,26.2,18,4,6,42.0,35.0,42.142857142857146,47
2025-06-28,PHC010,MED003,209,129,21.4,29,5,6,47.0,53.0,43.857142857142854,68
2025-06-29,PHC010,MED003,824,94,25.3,15,6,6,68.0,54.0,46.0,53
2025-01-08,PHC010,MED004,423,92,33.0,27,2,1,45.0,53.0,48.285714285714285,46
2025-01-09,PHC010,MED004,375,95,29.1,23,3,1,46.0,35.0,47.285714285714285,48
2025-01-10,PHC010,MED004,320,117,23.4,39,4,1,48.0,36.0,49.142857142857146,55
2025-01-11,PHC010,MED004,279,86,22.7,24,5,1,55.0,57.0,51.857142857142854,41
2025-01-12,PHC010,MED004,216,109,29.4,23,6,1,41.0,56.0,49.57142857142857,63
2025-01-13,PHC010,MED004,175,93,25.7,12,0,1,63.0,56.0,50.57142857142857,41
2025-01-14,PHC010,MED004,148,66,23.7,17,1,1,41.0,45.0,48.42857142857143,27
2025-01-15,PHC010,MED004,113,71,22.1,10,2,1,27.0,46.0,45.857142857142854,35
2025-01-16,PHC010,MED004,544,77,33.2,16,3,1,35.0,48.0,44.285714285714285,41
2025-01-17,PHC010,MED004,504,88,34.1,12,4,1,41.0,55.0,43.285714285714285,40
2025-01-18,PHC010,MED004,450,96,29.6,23,5,1,40.0,41.0,41.142857142857146,54
2025-01-19,PHC010,MED004,383,120,34.9,17,6,1,54.0,63.0,43.0,67
2025-01-20,PHC010,MED004,352,61,30.0,10,0,1,67.0,41.0,43.57142857142857,31
2025-01-21,PHC010,MED004,300,93,22.4,18,1,1,31.0,27.0,42.142857142857146,52
2025-01-22,PHC010,MED004,262,86,26.9,17,2,1,52.0,35.0,45.714285714285715,38
2025-01-23,PHC010,MED004,211,92,30.9,17,3,1,38.0,41.0,46.142857142857146,51
2025-01-24,PHC010,MED004,726,122,23.1,31,4,1,51.0,40.0,47.57142857142857,69
2025-01-25,PHC010,MED004,679,81,27.0,33,5,1,69.0,54.0,51.714285714285715,47
2025-01-26,PHC010,MED004,637,82,21.4,18,6,1,47.0,67.0,50.714285714285715,42
2025-01-27,PHC010,MED004,588,103,21.8,25,0,1,42.0,31.0,47.142857142857146,49
2025-01-28,PHC010,MED004,546,87,31.6,18,1,1,49.0,52.0,49.714285714285715,42
2025-01-29,PHC010,MED004,499,91,34.4,19,2,1,42.0,38.0,48.285714285714285,47
2025-01-30,PHC010,MED004,455,111,31.5,24,3,1,47.0,51.0,49.57142857142857,44
2025-01-31,PHC010,MED004,419,99,23.6,22,4,1,44.0,69.0,48.57142857142857,36
2025-02-01,PHC010,MED004,365,93,24.1,28,5,2,36.0,47.0,43.857142857142854,54
2025-02-02,PHC010,MED004,305,104,28.1,27,6,2,54.0,42.0,44.857142857142854,60
2025-02-03,PHC010,MED004,256,109,23.6,16,0,2,60.0,49.0,47.42857142857143,49
2025-02-04,PHC010,MED004,214,93,33.4,23,1,2,49.0,42.0,47.42857142857143,42
2025-02-05,PHC010,MED004,673,102,27.6,28,2,2,42.0,47.0,47.42857142857143,61
2025-02-06,PHC010,MED004,638,80,24.5,20,3,2,61.0,44.0,49.42857142857143,35
2025-02-07,PHC010,MED004,595,85,28.2,12,4,2,35.0,36.0,48.142857142857146,43
2025-02-08,PHC010,MED004,540,96,26.4,27,5,2,43.0,54.0,49.142857142857146,55
2025-02-09,PHC010,MED004,490,88,22.9,19,6,2,55.0,60.0,49.285714285714285,50
2025-02-10,PHC010,MED004,453,98,20.9,15,0,2,50.0,49.0,47.857142857142854,37
2025-02-11,PHC010,MED004,397,108,25.8,21,1,2,37.0,42.0,46.142857142857146,56
2025-02-12,PHC010,MED004,339,103,26.6,24,2,2,56.0,61.0,48.142857142857146,58
2025-02-13,PHC010,MED004,303,100,22.6,30,3,2,58.0,35.0,47.714285714285715,36
2025-02-14,PHC010,MED004,260,102,25.4,25,4,2,36.0,43.0,47.857142857142854,43
2025-02-15,PHC010,MED004,207,114,25.9,30,5,2,43.0,55.0,47.857142857142854,53
2025-02-16,PHC010,MED004,438,128,25.9,28,6,2,53.0,50.0,47.57142857142857,77
2025-02-17,PHC010,MED004,394,98,20.6,26,0,2,77.0,37.0,51.42857142857143,44
2025-02-18,PHC010,MED004,356,69,34.5,18,1,2,44.0,56.0,52.42857142857143,38
2025-02-19,PHC010,MED004,295,114,33.4,28,2,2,38.0,58.0,49.857142857142854,61
2025-02-20,PHC010,MED004,252,92,32.4,24,3,2,61.0,36.0,50.285714285714285,43
2025-02-21,PHC010,MED004,190,124,29.5,24,4,2,43.0,43.0,51.285714285714285,62
2025-02-22,PHC010,MED004,159,57,23.8,21,5,2,62.0,53.0,54.0,31
2025-02-23,PHC010,MED004,433,99,34.1,26,6,2,31.0,77.0,50.857142857142854,57
2025-02-24,PHC010,MED004,388,88,25.8,14,0,2,57.0,44.0,48.0,45
2025-02-25,PHC010,MED004,324,108,22.2,30,1,2,45.0,38.0,48.142857142857146,64
2025-02-26,PHC010,MED004,279,89,24.6,31,2,2,64.0,61.0,51.857142857142854,45
2025-02-27,PHC010,MED004,236,94,33.7,19,3,2,45.0,43.0,49.57142857142857,43
2025-02-28,PHC010,MED004,186,102,22.4,21,4,2,43.0,62.0,49.57142857142857,50
2025-03-01,PHC010,MED004,702,105,27.7,29,5,3,50.0,31.0,47.857142857142854,53
2025-03-02,PHC010,MED004,645,104,31.0,26,6,3,53.0,57.0,51.0,57
2025-03-03,PHC010,MED004,620,69,22.7,16,0,3,57.0,45.0,51.0,25
2025-03-04,PHC010,MED004,575,92,26.3,23,1,3,25.0,64.0,48.142857142857146,45
2025-03-05,PHC010,MED004,523,94,23.0,22,2,3,45.0,45.0,45.42857142857143,52
2025-03-06,PHC010,MED004,477,103,33.6,19,3,3,52.0,43.0,46.42857142857143,46
2025-03-07,PHC010,MED004,446,62,21.1,18,4,3,46.0,50.0,46.857142857142854,31
2025-03-08,PHC010,MED004,386,122,27.4,31,5,3,31.0,53.0,44.142857142857146,60
2025-03-09,PHC010,MED004,326,104,32.7,14,6,3,60.0,57.0,45.142857142857146,60
2025-03-10,PHC010,MED004,271,97,25.2,25,0,3,60.0,25.0,45.57142857142857,55
2025-03-11,PHC010,MED004,229,70,31.6,15,1,3,55.0,45.0,49.857142857142854,42
2025-03-12,PHC010,MED004,190,81,31.1,18,2,3,42.0,52.0,49.42857142857143,39
2025-03-13,PHC010,MED004,145,91,33.9,24,3,3,39.0,46.0,47.57142857142857,45
2025-03-14,PHC010,MED004,745,84,29.2,13,4,3,45.0,31.0,47.42857142857143,38
2025-03-15,PHC010,MED004,701,114,29.6,20,5,3,38.0,60.0,48.42857142857143,44
2025-03-16,PHC010,MED004,634,107,26.5,17,6,3,44.0,60.0,46.142857142857146,67
2025-03-17,PHC010,MED004,579,104,23.0,26,0,3,67.0,55.0,47.142857142857146,55
2025-03-18,PHC010,MED004,529,112,23.8,33,1,3,55.0,42.0,47.142857142857146,50
2025-03-19,PHC010,MED004,477,87,22.6,21,2,3,50.0,39.0,48.285714285714285,52
2025-03-20,PHC010,MED004,421,120,30.4,25,3,3,52.0,45.0,50.142857142857146,56
2025-03-21,PHC010,MED004,362,118,31.7,29,4,3,56.0,38.0,51.714285714285715,59
2025-03-22,PHC010,MED004,319,85,28.2,20,5,3,59.0,44.0,54.714285714285715,43
2025-03-23,PHC010,MED004,244,125,35.0,37,6,3,43.0,67.0,54.57142857142857,75
2025-03-24,PHC010,MED004,200,89,26.6,24,0,3,75.0,55.0,55.714285714285715,44
2025-03-25,PHC010,MED004,154,94,29.1,26,1,3,44.0,50.0,54.142857142857146,46
2025-03-26,PHC010,MED004,513,113,32.8,39,2,3,46.0,52.0,53.57142857142857,57
2025-03-27,PHC010,MED004,475,76,31.2,21,3,3,57.0,56.0,54.285714285714285,38
2025-03-28,PHC010,MED004,432,85,29.0,19,4,3,38.0,59.0,51.714285714285715,43
2025-03-29,PHC010,MED004,366,119,25.5,37,5,3,43.0,43.0,49.42857142857143,66
2025-03-30,PHC010,MED004,307,107,23.8,23,6,3,66.0,75.0,52.714285714285715,59
2025-03-31,PHC010,MED004,258,99,27.6,31,0,3,59.0,44.0,50.42857142857143,49
2025-04-01,PHC010,MED004,202,92,33.7,24,1,4,49.0,46.0,51.142857142857146,56
2025-04-02,PHC010,MED004,169,81,25.9,23,2,4,56.0,57.0,52.57142857142857,33
2025-04-03,PHC010,MED004,808,93,28.9,29,3,4,33.0,38.0,49.142857142857146,48
2025-04-04,PHC010,MED004,749,113,22.9,24,4,4,48.0,43.0,50.57142857142857,59
2025-04-05,PHC010,MED004,678,126,29.6,30,5,4,59.0,66.0,52.857142857142854,71
2025-04-06,PHC010,MED004,623,96,21.9,20,6,4,71.0,59.0,53.57142857142857,55
2025-04-07,PHC010,MED004,585,83,32.2,15,0,4,55.0,49.0,53.0,38
2025-04-08,PHC010,MED004,550,98,27.7,30,1,4,38.0,56.0,51.42857142857143,35
2025-04-09,PHC010,MED004,508,86,28.8,21,2,4,35.0,33.0,48.42857142857143,42
2025-04-10,PHC010,MED004,464,87,27.3,24,3,4,42.0,48.0,49.714285714285715,44
2025-04-11,PHC010,MED004,413,110,27.2,31,4,4,44.0,59.0,49.142857142857146,51
2025-04-12,PHC010,MED004,354,124,30.4,28,5,4,51.0,71.0,48.0,59
2025-04-13,PHC010,MED004,304,90,23.8,23,6,4,59.0,55.0,46.285714285714285,50
2025-04-14,PHC010,MED004,265,90,27.9,21,0,4,50.0,38.0,45.57142857142857,39
2025-04-15,PHC010,MED004,217,111,33.7,22,1,4,39.0,35.0,45.714285714285715,48
2025-04-16,PHC010,MED004,176,91,27.2,30,2,4,48.0,42.0,47.57142857142857,41
2025-04-17,PHC010,MED004,535,97,26.1,17,3,4,41.0,44.0,47.42857142857143,53
2025-04-18,PHC010,MED004,487,88,31.5,15,4,4,53.0,51.0,48.714285714285715,48
2025-04-19,PHC010,MED004,411,123,23.9,23,5,4,48.0,59.0,48.285714285714285,76
2025-04-20,PHC010,MED004,342,123,27.8,27,6,4,76.0,50.0,50.714285714285715,69
2025-04-21,PHC010,MED004,286,99,25.3,31,0,4,69.0,39.0,53.42857142857143,56
2025-04-22,PHC010,MED004,255,73,24.2,15,1,4,56.0,48.0,55.857142857142854,31
2025-04-23,PHC010,MED004,211,87,31.6,27,2,4,31.0,41.0,53.42857142857143,44
2025-04-24,PHC010,MED004,955,95,24.9,16,3,4,44.0,53.0,53.857142857142854,54
2025-04-25,PHC010,MED004,916,86,33.8,22,4,4,54.0,48.0,54.0,39
2025-04-26,PHC010,MED004,851,114,30.0,26,5,4,39.0,76.0,52.714285714285715,65
2025-04-27,PHC010,MED004,777,116,27.0,30,6,4,65.0,69.0,51.142857142857146,74
2025-04-28,PHC010,MED004,718,99,21.0,24,0,4,74.0,56.0,51.857142857142854,59
2025-04-29,PHC010,MED004,670,84,33.3,25,1,4,59.0,31.0,52.285714285714285,48
2025-04-30,PHC010,MED004,612,117,29.2,32,2,4,48.0,44.0,54.714285714285715,58
2025-05-01,PHC010,MED004,557,131,31.4,33,3,5,58.0,54.0,56.714285714285715,55
2025-05-02,PHC010,MED004,499,109,32.7,32,4,5,55.0,39.0,56.857142857142854,58
2025-05-03,PHC010,MED004,425,129,34.7,34,5,5,58.0,65.0,59.57142857142857,74
2025-05-04,PHC010,MED004,360,126,23.6,26,6,5,74.0,74.0,60.857142857142854,65
2025-05-05,PHC010,MED004,322,92,21.3,21,0,5,65.0,59.0,59.57142857142857,38
2025-05-06,PHC010,MED004,288,80,34.7,22,1,5,38.0,48.0,56.57142857142857,34
2025-05-07,PHC010,MED004,251,91,30.1,28,2,5,34.0,58.0,54.57142857142857,37
2025-05-08,PHC010,MED004,217,69,34.3,25,3,5,37.0,55.0,51.57142857142857,34
2025-05-09,PHC010,MED004,867,135,26.9,37,4,5,34.0,58.0,48.57142857142857,71
2025-05-10,PHC010,MED004,825,113,25.0,31,5,5,71.0,74.0,50.42857142857143,42
2025-05-11,PHC010,MED004,763,91,29.1,23,6,5,42.0,65.0,45.857142857142854,62
2025-05-12,PHC010,MED004,718,113,23.8,23,0,5,62.0,38.0,45.42857142857143,45
2025-05-13,PHC010,MED004,685,88,33.5,24,1,5,45.0,34.0,46.42857142857143,33
2025-05-14,PHC010,MED004,649,86,27.8,11,2,5,33.0,37.0,46.285714285714285,36
2025-05-15,PHC010,MED004,610,93,21.6,19,3,5,36.0,34.0,46.142857142857146,39
2025-05-16,PHC010,MED004,577,59,24.2,12,4,5,39.0,71.0,46.857142857142854,33
2025-05-17,PHC010,MED004,512,111,30.7,33,5,5,33.0,42.0,41.42857142857143,65
2025-05-18,PHC010,MED004,458,113,27.6,25,6,5,65.0,62.0,44.714285714285715,54
2025-05-19,PHC010,MED004,429,79,30.2,12,0,5,54.0,45.0,43.57142857142857,29
2025-05-20,PHC010,MED004,378,109,27.6,23,1,5,29.0,33.0,41.285714285714285,51
2025-05-21,PHC010,MED004,327,100,24.6,29,2,5,51.0,36.0,43.857142857142854,51
2025-05-22,PHC010,MED004,281,95,35.0,19,3,5,51.0,39.0,46.0,46
2025-05-23,PHC010,MED004,225,107,34.0,24,4,5,46.0,33.0,47.0,56
2025-05-24,PHC010,MED004,877,113,22.4,25,5,5,56.0,65.0,50.285714285714285,73
2025-05-25,PHC010,MED004,798,144,32.6,41,6,5,73.0,54.0,51.42857142857143,79
2025-05-26,PHC010,MED004,760,90,29.4,27,0,5,79.0,29.0,55.0,38
2025-05-27,PHC010,MED004,703,104,33.7,21,1,5,38.0,51.0,56.285714285714285,57
2025-05-28,PHC010,MED004,649,110,33.2,26,2,5,57.0,51.0,57.142857142857146,54
2025-05-29,PHC010,MED004,595,112,21.5,28,3,5,54.0,46.0,57.57142857142857,54
2025-05-30,PHC010,MED004,560,72,25.5,13,4,5,54.0,56.0,58.714285714285715,35
2025-05-31,PHC010,MED004,509,97,30.6,25,5,5,35.0,73.0,55.714285714285715,51
2025-06-01,PHC010,MED004,440,124,24.8,28,6,6,51.0,79.0,52.57142857142857,69
2025-06-02,PHC010,MED004,412,57,20.3,8,0,6,69.0,38.0,51.142857142857146,28
2025-06-03,PHC010,MED004,377,79,28.2,16,1,6,28.0,57.0,49.714285714285715,35
2025-06-04,PHC010,MED004,328,99,31.2,23,2,6,35.0,54.0,46.57142857142857,49
2025-06-05,PHC010,MED004,286,93,26.7,23,3,6,49.0,54.0,45.857142857142854,42
2025-06-06,PHC010,MED004,244,86,31.6,23,4,6,42.0,35.0,44.142857142857146,42
2025-06-07,PHC010,MED004,870,107,20.6,15,5,6,42.0,51.0,45.142857142857146,67
2025-06-08,PHC010,MED004,806,125,28.8,30,6,6,67.0,69.0,47.42857142857143,64
2025-06-09,PHC010,MED004,768,92,33.5,22,0,6,64.0,28.0,46.714285714285715,38
2025-06-10,PHC010,MED004,722,93,26.8,18,1,6,38.0,35.0,48.142857142857146,46
2025-06-11,PHC010,MED004,672,105,28.6,34,2,6,46.0,49.0,49.714285714285715,50
2025-06-12,PHC010,MED004,619,93,33.0,20,3,6,50.0,42.0,49.857142857142854,53
2025-06-13,PHC010,MED004,568,113,22.9,33,4,6,53.0,42.0,51.42857142857143,51
2025-06-14,PHC010,MED004,511,90,33.2,26,5,6,51.0,67.0,52.714285714285715,57
2025-06-15,PHC010,MED004,454,107,32.5,32,6,6,57.0,64.0,51.285714285714285,57
2025-06-16,PHC010,MED004,398,105,34.1,19,0,6,57.0,38.0,50.285714285714285,56
2025-06-17,PHC010,MED004,364,91,33.7,17,1,6,56.0,46.0,52.857142857142854,34
2025-06-18,PHC010,MED004,315,100,34.6,21,2,6,34.0,50.0,51.142857142857146,49
2025-06-19,PHC010,MED004,279,85,31.9,17,3,6,49.0,53.0,51.0,36
2025-06-20,PHC010,MED004,240,87,21.8,16,4,6,36.0,51.0,48.57142857142857,39
2025-06-21,PHC010,MED004,941,129,27.1,39,5,6,39.0,57.0,46.857142857142854,74
2025-06-22,PHC010,MED004,873,108,20.9,27,6,6,74.0,57.0,49.285714285714285,68
2025-06-23,PHC010,MED004,830,87,24.4,23,0,6,68.0,56.0,50.857142857142854,43
2025-06-24,PHC010,MED004,779,95,30.2,25,1,6,43.0,34.0,49.0,51
2025-06-25,PHC010,MED004,732,80,20.0,25,2,6,51.0,49.0,51.42857142857143,47
2025-06-26,PHC010,MED004,672,100,26.7,26,3,6,47.0,36.0,51.142857142857146,60
2025-06-27,PHC010,MED004,624,92,23.2,17,4,6,60.0,39.0,54.57142857142857,48
2025-06-28,PHC010,MED004,560,109,33.1,27,5,6,48.0,74.0,55.857142857142854,64
2025-06-29,PHC010,MED004,506,98,30.8,23,6,6,64.0,68.0,54.42857142857143,54
2025-01-08,PHC010,MED005,1158,88,26.5,17,2,1,35.0,31.0,36.42857142857143,25
2025-01-09,PHC010,MED005,1121,116,21.6,30,3,1,25.0,23.0,35.57142857142857,37
2025-01-10,PHC010,MED005,1096,71,25.9,26,4,1,37.0,39.0,37.57142857142857,25
2025-01-11,PHC010,MED005,1046,118,30.5,31,5,1,25.0,47.0,35.57142857142857,50
2025-01-12,PHC010,MED005,1008,95,31.9,25,6,1,50.0,46.0,36.0,38
2025-01-13,PHC010,MED005,984,80,30.7,11,0,1,38.0,34.0,34.857142857142854,24
2025-01-14,PHC010,MED005,949,104,20.1,30,1,1,24.0,35.0,33.42857142857143,35
2025-01-15,PHC010,MED005,921,95,24.2,30,2,1,35.0,25.0,33.42857142857143,28
2025-01-16,PHC010,MED005,898,78,28.5,17,3,1,28.0,37.0,33.857142857142854,23
2025-01-17,PHC010,MED005,859,95,22.5,27,4,1,23.0,25.0,31.857142857142858,39
2025-01-18,PHC010,MED005,822,102,30.0,30,5,1,39.0,50.0,33.857142857142854,37
2025-01-19,PHC010,MED005,787,87,23.6,29,6,1,37.0,38.0,32.0,35
2025-01-20,PHC010,MED005,753,93,21.7,21,0,1,35.0,24.0,31.571428571428573,34
2025-01-21,PHC010,MED005,727,74,32.9,24,1,1,34.0,35.0,33.0,26
2025-01-22,PHC010,MED005,707,60,25.0,11,2,1,26.0,28.0,31.714285714285715,20
2025-01-23,PHC010,MED005,678,83,24.7,24,3,1,20.0,23.0,30.571428571428573,29
2025-01-24,PHC010,MED005,651,94,34.7,22,4,1,29.0,39.0,31.428571428571427,27
2025-01-25,PHC010,MED005,590,146,22.3,37,5,1,27.0,37.0,29.714285714285715,61
2025-01-26,PHC010,MED005,543,106,32.0,21,6,1,61.0,35.0,33.142857142857146,47
2025-01-27,PHC010,MED005,506,91,22.9,25,0,1,47.0,34.0,34.857142857142854,37
2025-01-28,PHC010,MED005,484,85,28.2,28,1,1,37.0,26.0,35.285714285714285,22
2025-01-29,PHC010,MED005,459,85,34.0,22,2,1,22.0,20.0,34.714285714285715,25
2025-01-30,PHC010,MED005,430,86,26.5,24,3,1,25.0,29.0,35.42857142857143,29
2025-01-31,PHC010,MED005,395,115,25.0,30,4,1,29.0,27.0,35.42857142857143,35
2025-02-01,PHC010,MED005,349,119,28.8,21,5,2,35.0,61.0,36.57142857142857,46
2025-02-02,PHC010,MED005,306,108,25.4,19,6,2,46.0,47.0,34.42857142857143,43
2025-02-03,PHC010,MED005,280,86,25.0,24,0,2,43.0,37.0,33.857142857142854,26
2025-02-04,PHC010,MED005,234,132,26.8,38,1,2,26.0,22.0,32.285714285714285,46
2025-02-05,PHC010,MED005,186,118,27.9,29,2,2,46.0,25.0,35.714285714285715,48
2025-02-06,PHC010,MED005,155,99,34.9,24,3,2,48.0,29.0,39.0,31
2025-02-07,PHC010,MED005,120,98,31.4,25,4,2,31.0,35.0,39.285714285714285,35
2025-02-08,PHC010,MED005,850,89,21.2,26,5,2,35.0,46.0,39.285714285714285,38
2025-02-09,PHC010,MED005,799,126,22.3,27,6,2,38.0,43.0,38.142857142857146,51
2025-02-10,PHC010,MED005,755,112,31.9,35,0,2,51.0,26.0,39.285714285714285,44
2025-02-11,PHC010,MED005,727,79,21.4,27,1,2,44.0,46.0,41.857142857142854,28
2025-02-12,PHC010,MED005,689,101,27.9,25,2,2,28.0,48.0,39.285714285714285,38
2025-02-13,PHC010,MED005,651,106,28.0,20,3,2,38.0,31.0,37.857142857142854,38
2025-02-14,PHC010,MED005,606,121,29.0,32,4,2,38.0,35.0,38.857142857142854,45
2025-02-15,PHC010,MED005,562,105,24.5,17,5,2,45.0,38.0,40.285714285714285,44
2025-02-16,PHC010,MED005,523,91,29.7,13,6,2,44.0,51.0,41.142857142857146,39
2025-02-17,PHC010,MED005,506,65,27.7,20,0,2,39.0,44.0,39.42857142857143,17
2025-02-18,PHC010,MED005,486,59,23.7,15,1,2,17.0,28.0,35.57142857142857,20
2025-02-19,PHC010,MED005,460,75,32.1,24,2,2,20.0,38.0,34.42857142857143,26
2025-02-20,PHC010,MED005,424,92,32.8,22,3,2,26.0,38.0,32.714285714285715,36
2025-02-21,PHC010,MED005,396,84,22.9,17,4,2,36.0,45.0,32.42857142857143,28
2025-02-22,PHC010,MED005,346,102,25.1,34,5,2,28.0,44.0,30.0,50
2025-02-23,PHC010,MED005,295,113,20.7,34,6,2,50.0,39.0,30.857142857142858,51
2025-02-24,PHC010,MED005,268,67,23.3,25,0,2,51.0,17.0,32.57142857142857,27
2025-02-25,PHC010,MED005,240,89,32.0,24,1,2,27.0,20.0,34.0,28
2025-02-26,PHC010,MED005,211,75,34.4,14,2,2,28.0,26.0,35.142857142857146,29
2025-02-27,PHC010,MED005,198,34,28.5,14,3,2,29.0,36.0,35.57142857142857,13
2025-02-28,PHC010,MED005,169,66,34.4,21,4,2,13.0,28.0,32.285714285714285,29
2025-03-01,PHC010,MED005,128,123,34.4,38,5,3,29.0,50.0,32.42857142857143,41
2025-03-02,PHC010,MED005,747,120,22.2,22,6,3,41.0,51.0,31.142857142857142,51
2025-03-03,PHC010,MED005,717,109,33.0,26,0,3,51.0,27.0,31.142857142857142,30
2025-03-04,PHC010,MED005,687,86,26.9,23,1,3,30.0,28.0,31.571428571428573,30
2025-03-05,PHC010,MED005,668,74,24.0,22,2,3,30.0,29.0,31.857142857142858,19
2025-03-06,PHC010,MED005,628,113,29.0,23,3,3,19.0,13.0,30.428571428571427,40
2025-03-07,PHC010,MED005,603,81,23.7,22,4,3,40.0,29.0,34.285714285714285,25
2025-03-08,PHC010,MED005,563,133,31.2,37,5,3,25.0,41.0,33.714285714285715,40
2025-03-09,PHC010,MED005,503,136,33.1,29,6,3,40.0,51.0,33.57142857142857,60
2025-03-10,PHC010,MED005,469,94,27.4,18,0,3,60.0,30.0,34.857142857142854,34
2025-03-11,PHC010,MED005,442,80,34.7,20,1,3,34.0,30.0,35.42857142857143,27
2025-03-12,PHC010,MED005,414,73,24.5,11,2,3,27.0,19.0,35.0,28
2025-03-13,PHC010,MED005,388,85,21.5,21,3,3,28.0,40.0,36.285714285714285,26
2025-03-14,PHC010,MED005,352,93,25.8,24,4,3,26.0,25.0,34.285714285714285,36
2025-03-15,PHC010,MED005,318,91,31.9,18,5,3,36.0,40.0,35.857142857142854,34
2025-03-16,PHC010,MED005,277,113,23.4,30,6,3,34.0,60.0,35.0,41
2025-03-17,PHC010,MED005,238,95,34.7,22,0,3,41.0,34.0,32.285714285714285,39
2025-03-18,PHC010,MED005,201,106,21.4,24,1,3,39.0,27.0,33.0,37
2025-03-19,PHC010,MED005,159,100,25.5,27,2,3,37.0,28.0,34.42857142857143,42
2025-03-20,PHC010,MED005,124,107,27.4,19,3,3,42.0,26.0,36.42857142857143,35
2025-03-21,PHC010,MED005,645,107,24.8,25,4,3,35.0,36.0,37.714285714285715,37
2025-03-22,PHC010,MED005,597,111,33.3,31,5,3,37.0,34.0,37.857142857142854,48
2025-03-23,PHC010,MED005,543,110,24.2,26,6,3,48.0,41.0,39.857142857142854,54
2025-03-24,PHC010,MED005,509,107,27.7,32,0,3,54.0,39.0,41.714285714285715,34
2025-03-25,PHC010,MED005,472,108,20.2,20,1,3,34.0,37.0,41.0,37
2025-03-26,PHC010,MED005,441,82,29.2,17,2,3,37.0,42.0,41.0,31
2025-03-27,PHC010,MED005,406,113,34.3,20,3,3,31.0,35.0,39.42857142857143,35
2025-03-28,PHC010,MED005,378,85,23.6,22,4,3,35.0,37.0,39.42857142857143,28
2025-03-29,PHC010,MED005,331,106,33.6,28,5,3,28.0,48.0,38.142857142857146,47
2025-03-30,PHC010,MED005,290,115,31.1,31,6,3,47.0,54.0,38.0,41
2025-03-31,PHC010,MED005,277,38,27.1,16,0,3,41.0,34.0,36.142857142857146,13
2025-04-01,PHC010,MED005,251,70,34.3,14,1,4,13.0,37.0,33.142857142857146,26
2025-04-02,PHC010,MED005,214,126,22.0,40,2,4,26.0,31.0,31.571428571428573,37
2025-04-03,PHC010,MED005,178,87,26.8,21,3,4,37.0,35.0,32.42857142857143,36
2025-04-04,PHC010,MED005,138,113,25.4,22,4,4,36.0,28.0,32.57142857142857,40
2025-04-05,PHC010,MED005,627,114,25.8,27,5,4,40.0,47.0,34.285714285714285,43
2025-04-06,PHC010,MED005,587,95,23.2,24,6,4,43.0,41.0,33.714285714285715,40
2025-04-07,PHC010,MED005,550,119,29.6,35,0,4,40.0,13.0,33.57142857142857,37
2025-04-08,PHC010,MED005,525,74,34.2,21,1,4,37.0,26.0,37.0,25
2025-04-09,PHC010,MED005,491,93,27.9,20,2,4,25.0,37.0,36.857142857142854,34
2025-04-10,PHC010,MED005,468,72,29.6,27,3,4,34.0,36.0,36.42857142857143,23
2025-04-11,PHC010,MED005,433,105,27.3,22,4,4,23.0,40.0,34.57142857142857,35
2025-04-12,PHC010,MED005,400,91,20.8,21,5,4,35.0,43.0,33.857142857142854,33
2025-04-13,PHC010,MED005,358,113,33.1,27,6,4,33.0,40.0,32.42857142857143,42
2025-04-14,PHC010,MED005,320,112,27.0,24,0,4,42.0,37.0,32.714285714285715,38
2025-04-15,PHC010,MED005,296,79,31.9,17,1,4,38.0,25.0,32.857142857142854,24
2025-04-16,PHC010,MED005,274,81,31.3,18,2,4,24.0,34.0,32.714285714285715,22
2025-04-17,PHC010,MED005,243,87,34.0,19,3,4,22.0,23.0,31.0,31
2025-04-18,PHC010,MED005,208,90,34.1,19,4,4,31.0,35.0,32.142857142857146,35
2025-04-19,PHC010,MED005,161,116,25.4,31,5,4,35.0,33.0,32.142857142857146,47
2025-04-20,PHC010,MED005,130,90,23.8,23,6,4,47.0,42.0,34.142857142857146,31
2025-04-21,PHC010,MED005,666,81,22.5,21,0,4,31.0,38.0,32.57142857142857,33
2025-04-22,PHC010,MED005,630,110,21.5,29,1,4,33.0,24.0,31.857142857142858,36
2025-04-23,PHC010,MED005,585,110,26.5,24,2,4,36.0,22.0,33.57142857142857,45
2025-04-24,PHC010,MED005,548,99,32.4,26,3,4,45.0,31.0,36.857142857142854,37
2025-04-25,PHC010,MED005,520,89,28.1,16,4,4,37.0,35.0,37.714285714285715,28
2025-04-26,PHC010,MED005,478,107,31.2,27,5,4,28.0,47.0,36.714285714285715,42
2025-04-27,PHC010,MED005,445,99,33.5,19,6,4,42.0,31.0,36.0,33
2025-04-28,PHC010,MED005,422,71,30.0,18,0,4,33.0,33.0,36.285714285714285,23
2025-04-29,PHC010,MED005,384,97,31.3,20,1,4,23.0,36.0,34.857142857142854,38
2025-04-30,PHC010,MED005,356,98,23.7,22,2,4,38.0,45.0,35.142857142857146,28
2025-05-01,PHC010,MED005,331,78,23.6,16,3,5,28.0,37.0,32.714285714285715,25
2025-05-02,PHC010,MED005,303,89,24.7,33,4,5,25.0,28.0,31.0,28
2025-05-03,PHC010,MED005,262,121,30.0,32,5,5,28.0,42.0,31.0,41
2025-05-04,PHC010,MED005,221,92,26.7,20,6,5,41.0,33.0,30.857142857142858,41
2025-05-05,PHC010,MED005,194,72,21.0,20,0,5,41.0,23.0,32.0,27
2025-05-06,PHC010,MED005,166,93,26.2,24,1,5,27.0,38.0,32.57142857142857,28
2025-05-07,PHC010,MED005,130,120,33.0,25,2,5,28.0,28.0,31.142857142857142,36
2025-05-08,PHC010,MED005,465,115,31.8,29,3,5,36.0,25.0,32.285714285714285,34
2025-05-09,PHC010,MED005,437,92,30.7,21,4,5,34.0,28.0,33.57142857142857,28
2025-05-10,PHC010,MED005,382,121,34.4,31,5,5,28.0,41.0,33.57142857142857,55
2025-05-11,PHC010,MED005,341,127,26.9,33,6,5,55.0,41.0,35.57142857142857,41
2025-05-12,PHC010,MED005,305,94,27.6,28,0,5,41.0,27.0,35.57142857142857,36
2025-05-13,PHC010,MED005,275,96,32.5,19,1,5,36.0,28.0,36.857142857142854,30
2025-05-14,PHC010,MED005,235,130,30.2,42,2,5,30.0,36.0,37.142857142857146,40
2025-05-15,PHC010,MED005,214,72,28.3,14,3,5,40.0,34.0,37.714285714285715,21
2025-05-16,PHC010,MED005,190,73,28.3,18,4,5,21.0,28.0,35.857142857142854,24
2025-05-17,PHC010,MED005,149,105,20.5,25,5,5,24.0,55.0,35.285714285714285,41
2025-05-18,PHC010,MED005,117,98,28.9,27,6,5,41.0,41.0,33.285714285714285,32
2025-05-19,PHC010,MED005,90,83,24.8,23,0,5,32.0,36.0,32.0,27
2025-05-20,PHC010,MED005,369,106,31.3,26,1,5,27.0,30.0,30.714285714285715,42
2025-05-21,PHC010,MED005,343,80,21.5,17,2,5,42.0,40.0,32.42857142857143,26
2025-05-22,PHC010,MED005,322,72,20.1,20,3,5,26.0,21.0,30.428571428571427,21
2025-05-23,PHC010,MED005,294,89,25.3,15,4,5,21.0,24.0,30.428571428571427,28
2025-05-24,PHC010,MED005,258,77,27.3,18,5,5,28.0,41.0,31.0,36
2025-05-25,PHC010,MED005,220,98,33.1,18,6,5,36.0,32.0,30.285714285714285,38
2025-05-26,PHC010,MED005,192,74,29.9,14,0,5,38.0,27.0,31.142857142857142,28
2025-05-27,PHC010,MED005,157,73,23.0,11,1,5,28.0,42.0,31.285714285714285,35
2025-05-28,PHC010,MED005,118,107,27.0,28,2,5,35.0,26.0,30.285714285714285,39
2025-05-29,PHC010,MED005,771,93,29.8,21,3,5,39.0,21.0,32.142857142857146,35
2025-05-30,PHC010,MED005,742,85,34.2,25,4,5,35.0,28.0,34.142857142857146,29
2025-05-31,PHC010,MED005,713,86,30.2,23,5,5,29.0,36.0,34.285714285714285,29
2025-06-01,PHC010,MED005,677,108,22.0,34,6,6,29.0,38.0,33.285714285714285,36
2025-06-02,PHC010,MED005,645,101,28.0,17,0,6,36.0,28.0,33.0,32
2025-06-03,PHC010,MED005,615,94,30.6,23,1,6,32.0,35.0,33.57142857142857,30
2025-06-04,PHC010,MED005,594,76,23.9,15,2,6,30.0,39.0,32.857142857142854,21
2025-06-05,PHC010,MED005,566,97,22.7,19,3,6,21.0,35.0,30.285714285714285,28
2025-06-06,PHC010,MED005,541,56,26.2,13,4,6,28.0,29.0,29.285714285714285,25
2025-06-07,PHC010,MED005,509,91,24.0,18,5,6,25.0,29.0,28.714285714285715,32
2025-06-08,PHC010,MED005,481,83,34.7,27,6,6,32.0,36.0,29.142857142857142,28
2025-06-09,PHC010,MED005,457,83,31.9,17,0,6,28.0,32.0,28.0,24
2025-06-10,PHC010,MED005,419,113,26.9,23,1,6,24.0,30.0,26.857142857142858,38
2025-06-11,PHC010,MED005,394,84,26.3,21,2,6,38.0,21.0,28.0,25
2025-06-12,PHC010,MED005,363,87,34.8,18,3,6,25.0,28.0,28.571428571428573,31
2025-06-13,PHC010,MED005,334,96,34.8,24,4,6,31.0,25.0,29.0,29
2025-06-14,PHC010,MED005,292,120,22.2,27,5,6,29.0,32.0,29.571428571428573,42
2025-06-15,PHC010,MED005,256,122,27.3,29,6,6,42.0,28.0,31.0,36
2025-06-16,PHC010,MED005,224,92,34.5,23,0,6,36.0,24.0,32.142857142857146,32
2025-06-17,PHC010,MED005,202,69,30.3,15,1,6,32.0,38.0,33.285714285714285,22
2025-06-18,PHC010,MED005,179,86,26.9,18,2,6,22.0,25.0,31.0,23
2025-06-19,PHC010,MED005,135,117,34.1,22,3,6,23.0,31.0,30.714285714285715,44
2025-06-20,PHC010,MED005,103,99,23.9,29,4,6,44.0,29.0,32.57142857142857,32
2025-06-21,PHC010,MED005,420,82,34.0,21,5,6,32.0,42.0,33.0,37
2025-06-22,PHC010,MED005,372,109,32.9,22,6,6,37.0,36.0,32.285714285714285,48
2025-06-23,PHC010,MED005,344,87,28.7,20,0,6,48.0,32.0,34.0,28
2025-06-24,PHC010,MED005,314,95,21.0,17,1,6,28.0,22.0,33.42857142857143,30
2025-06-25,PHC010,MED005,287,85,35.0,25,2,6,30.0,23.0,34.57142857142857,27
2025-06-26,PHC010,MED005,250,107,25.9,28,3,6,27.0,44.0,35.142857142857146,37
2025-06-27,PHC010,MED005,220,86,21.2,26,4,6,37.0,32.0,34.142857142857146,30
2025-06-28,PHC010,MED005,177,107,26.9,32,5,6,30.0,37.0,33.857142857142854,43
2025-06-29,PHC010,MED005,154,69,33.1,15,6,6,43.0,48.0,34.714285714285715,23
